[
{
  "model": "contenttypes.contenttype",
  "pk": 1,
  "fields": {
    "app_label": "admin",
    "model": "logentry"
  }
},
{
  "model": "contenttypes.contenttype",
  "pk": 2,
  "fields": {
    "app_label": "auth",
    "model": "permission"
  }
},
{
  "model": "contenttypes.contenttype",
  "pk": 3,
  "fields": {
    "app_label": "auth",
    "model": "group"
  }
},
{
  "model": "contenttypes.contenttype",
  "pk": 4,
  "fields": {
    "app_label": "auth",
    "model": "user"
  }
},
{
  "model": "contenttypes.contenttype",
  "pk": 5,
  "fields": {
    "app_label": "contenttypes",
    "model": "contenttype"
  }
},
{
  "model": "contenttypes.contenttype",
  "pk": 6,
  "fields": {
    "app_label": "sessions",
    "model": "session"
  }
},
{
  "model": "contenttypes.contenttype",
  "pk": 7,
  "fields": {
    "app_label": "authtoken",
    "model": "token"
  }
},
{
  "model": "contenttypes.contenttype",
  "pk": 8,
  "fields": {
    "app_label": "establecimiento",
    "model": "establecimiento"
  }
},
{
  "model": "contenttypes.contenttype",
  "pk": 9,
  "fields": {
    "app_label": "potrero",
    "model": "potrero"
  }
},
{
  "model": "contenttypes.contenttype",
  "pk": 10,
  "fields": {
    "app_label": "configuracion",
    "model": "categoria"
  }
},
{
  "model": "contenttypes.contenttype",
  "pk": 11,
  "fields": {
    "app_label": "configuracion",
    "model": "raza"
  }
},
{
  "model": "contenttypes.contenttype",
  "pk": 12,
  "fields": {
    "app_label": "animal",
    "model": "animal"
  }
},
{
  "model": "contenttypes.contenttype",
  "pk": 13,
  "fields": {
    "app_label": "lote",
    "model": "lote"
  }
},
{
  "model": "contenttypes.contenttype",
  "pk": 14,
  "fields": {
    "app_label": "mortandad",
    "model": "mortandad"
  }
},
{
  "model": "contenttypes.contenttype",
  "pk": 15,
  "fields": {
    "app_label": "nutricion",
    "model": "nutricion"
  }
},
{
  "model": "contenttypes.contenttype",
  "pk": 16,
  "fields": {
    "app_label": "compra",
    "model": "compra"
  }
},
{
  "model": "contenttypes.contenttype",
  "pk": 17,
  "fields": {
    "app_label": "compra",
    "model": "detallecompra"
  }
},
{
  "model": "contenttypes.contenttype",
  "pk": 18,
  "fields": {
    "app_label": "sanitacion",
    "model": "evento"
  }
},
{
  "model": "contenttypes.contenttype",
  "pk": 19,
  "fields": {
    "app_label": "sanitacion",
    "model": "eventoestablecimiento"
  }
},
{
  "model": "contenttypes.contenttype",
  "pk": 20,
  "fields": {
    "app_label": "meteorologia",
    "model": "registro"
  }
},
{
  "model": "contenttypes.contenttype",
  "pk": 21,
  "fields": {
    "app_label": "empleado",
    "model": "empleado"
  }
},
{
  "model": "contenttypes.contenttype",
  "pk": 22,
  "fields": {
    "app_label": "empleado",
    "model": "contratista"
  }
},
{
  "model": "contenttypes.contenttype",
  "pk": 23,
  "fields": {
    "app_label": "noticia",
    "model": "noticia"
  }
},
{
  "model": "contenttypes.contenttype",
  "pk": 24,
  "fields": {
    "app_label": "venta",
    "model": "venta"
  }
},
{
  "model": "sessions.session",
  "pk": "2jo2577dc3te7mlor08iwrb56t0yw9ww",
  "fields": {
    "session_data": "YjYzMTM0ZWNkNzRiMWQ1NGYyNTdkOGJmMGFmNzBhZjA5YjQxYzliNzp7Il9hdXRoX3VzZXJfaGFzaCI6ImQxZTI5NzlkODIyZGZlZmJlY2RjNGUyMzU0YjYzMDM3ZmRkYzQ5ZjgiLCJfYXV0aF91c2VyX2JhY2tlbmQiOiJkamFuZ28uY29udHJpYi5hdXRoLmJhY2tlbmRzLk1vZGVsQmFja2VuZCIsIl9hdXRoX3VzZXJfaWQiOiIxIn0=",
    "expire_date": "2016-08-02T14:11:48.181Z"
  }
},
{
  "model": "sessions.session",
  "pk": "xqf8yih55nu2upvt6jugi5op6fueh1l3",
  "fields": {
    "session_data": "YjYzMTM0ZWNkNzRiMWQ1NGYyNTdkOGJmMGFmNzBhZjA5YjQxYzliNzp7Il9hdXRoX3VzZXJfaGFzaCI6ImQxZTI5NzlkODIyZGZlZmJlY2RjNGUyMzU0YjYzMDM3ZmRkYzQ5ZjgiLCJfYXV0aF91c2VyX2JhY2tlbmQiOiJkamFuZ28uY29udHJpYi5hdXRoLmJhY2tlbmRzLk1vZGVsQmFja2VuZCIsIl9hdXRoX3VzZXJfaWQiOiIxIn0=",
    "expire_date": "2016-08-02T12:40:50.091Z"
  }
},
{
  "model": "potrero.potrero",
  "pk": 1,
  "fields": {
    "nombre": "Potrero 1",
    "superficie": 10,
    "uso": "Pastura",
    "establecimiento": 1
  }
},
{
  "model": "potrero.potrero",
  "pk": 2,
  "fields": {
    "nombre": "Potrero 2",
    "superficie": 10,
    "uso": "Pastura",
    "establecimiento": 1
  }
},
{
  "model": "potrero.potrero",
  "pk": 3,
  "fields": {
    "nombre": "Potrero 3",
    "superficie": 10,
    "uso": "Pastura",
    "establecimiento": 1
  }
},
{
  "model": "potrero.potrero",
  "pk": 4,
  "fields": {
    "nombre": "Potrero 4",
    "superficie": 10,
    "uso": "Pastura",
    "establecimiento": 1
  }
},
{
  "model": "configuracion.categoria",
  "pk": 1,
  "fields": {
    "codigo": "TERNERA",
    "nombre": "Ternera",
    "is_hembra": true,
    "establecimiento": null
  }
},
{
  "model": "configuracion.categoria",
  "pk": 2,
  "fields": {
    "codigo": "TERNERO",
    "nombre": "Ternero",
    "is_hembra": false,
    "establecimiento": null
  }
},
{
  "model": "configuracion.categoria",
  "pk": 3,
  "fields": {
    "codigo": "TORO",
    "nombre": "Toro",
    "is_hembra": false,
    "establecimiento": null
  }
},
{
  "model": "configuracion.categoria",
  "pk": 4,
  "fields": {
    "codigo": "NOVILLO",
    "nombre": "Novillo",
    "is_hembra": false,
    "establecimiento": null
  }
},
{
  "model": "configuracion.categoria",
  "pk": 5,
  "fields": {
    "codigo": "DESMAMANTEH",
    "nombre": "Desm. hembra",
    "is_hembra": true,
    "establecimiento": null
  }
},
{
  "model": "configuracion.categoria",
  "pk": 6,
  "fields": {
    "codigo": "DESMAMANTEM",
    "nombre": "Desm. macho",
    "is_hembra": false,
    "establecimiento": null
  }
},
{
  "model": "configuracion.categoria",
  "pk": 7,
  "fields": {
    "codigo": "VACA",
    "nombre": "Vaca",
    "is_hembra": true,
    "establecimiento": null
  }
},
{
  "model": "configuracion.raza",
  "pk": 1,
  "fields": {
    "nombre": "Brahman",
    "descripcion": "",
    "establecimiento": null
  }
},
{
  "model": "configuracion.raza",
  "pk": 2,
  "fields": {
    "nombre": "Angus",
    "descripcion": "",
    "establecimiento": null
  }
},
{
  "model": "configuracion.raza",
  "pk": 3,
  "fields": {
    "nombre": "Braford",
    "descripcion": "",
    "establecimiento": null
  }
},
{
  "model": "configuracion.raza",
  "pk": 4,
  "fields": {
    "nombre": "Brangus",
    "descripcion": "",
    "establecimiento": null
  }
},
{
  "model": "configuracion.raza",
  "pk": 5,
  "fields": {
    "nombre": "Nelore",
    "descripcion": "",
    "establecimiento": null
  }
},
{
  "model": "animal.animal",
  "pk": 1,
  "fields": {
    "estado": "V",
    "caravana": "1",
    "caravana_madre": "",
    "carimbo": 1,
    "prenada": false,
    "categoria": 3,
    "raza": 1,
    "estado_sanitario": "E",
    "peso_especifico": 450.0,
    "is_hembra": false,
    "lote": 1,
    "mortandad": null,
    "establecimiento": 1,
    "origen": "S",
    "detalle_compra": null
  }
},
{
  "model": "animal.animal",
  "pk": 2,
  "fields": {
    "estado": "V",
    "caravana": "2",
    "caravana_madre": "",
    "carimbo": 1,
    "prenada": false,
    "categoria": 3,
    "raza": 1,
    "estado_sanitario": "E",
    "peso_especifico": 450.0,
    "is_hembra": false,
    "lote": 1,
    "mortandad": null,
    "establecimiento": 1,
    "origen": "S",
    "detalle_compra": null
  }
},
{
  "model": "animal.animal",
  "pk": 3,
  "fields": {
    "estado": "V",
    "caravana": "3",
    "caravana_madre": "",
    "carimbo": 3,
    "prenada": false,
    "categoria": 7,
    "raza": 1,
    "estado_sanitario": "E",
    "peso_especifico": 350.0,
    "is_hembra": false,
    "lote": 3,
    "mortandad": null,
    "establecimiento": 1,
    "origen": "S",
    "detalle_compra": null
  }
},
{
  "model": "animal.animal",
  "pk": 4,
  "fields": {
    "estado": "V",
    "caravana": "4",
    "caravana_madre": "",
    "carimbo": 3,
    "prenada": false,
    "categoria": 7,
    "raza": 1,
    "estado_sanitario": "E",
    "peso_especifico": 350.0,
    "is_hembra": false,
    "lote": 3,
    "mortandad": null,
    "establecimiento": 1,
    "origen": "S",
    "detalle_compra": null
  }
},
{
  "model": "animal.animal",
  "pk": 5,
  "fields": {
    "estado": "V",
    "caravana": "5",
    "caravana_madre": "",
    "carimbo": 3,
    "prenada": false,
    "categoria": 7,
    "raza": 1,
    "estado_sanitario": "E",
    "peso_especifico": 350.0,
    "is_hembra": false,
    "lote": 3,
    "mortandad": null,
    "establecimiento": 1,
    "origen": "S",
    "detalle_compra": null
  }
},
{
  "model": "animal.animal",
  "pk": 6,
  "fields": {
    "estado": "V",
    "caravana": "6",
    "caravana_madre": "",
    "carimbo": 5,
    "prenada": false,
    "categoria": 4,
    "raza": 1,
    "estado_sanitario": "E",
    "peso_especifico": 400.0,
    "is_hembra": false,
    "lote": 4,
    "mortandad": null,
    "establecimiento": 1,
    "origen": "S",
    "detalle_compra": null
  }
},
{
  "model": "animal.animal",
  "pk": 7,
  "fields": {
    "estado": "V",
    "caravana": "7",
    "caravana_madre": "",
    "carimbo": 5,
    "prenada": false,
    "categoria": 4,
    "raza": 1,
    "estado_sanitario": "E",
    "peso_especifico": 400.0,
    "is_hembra": false,
    "lote": 4,
    "mortandad": null,
    "establecimiento": 1,
    "origen": "S",
    "detalle_compra": null
  }
},
{
  "model": "animal.animal",
  "pk": 8,
  "fields": {
    "estado": "V",
    "caravana": "8",
    "caravana_madre": "",
    "carimbo": 6,
    "prenada": false,
    "categoria": 5,
    "raza": 1,
    "estado_sanitario": "E",
    "peso_especifico": 300.0,
    "is_hembra": false,
    "lote": 2,
    "mortandad": null,
    "establecimiento": 1,
    "origen": "S",
    "detalle_compra": null
  }
},
{
  "model": "animal.animal",
  "pk": 9,
  "fields": {
    "estado": "V",
    "caravana": "9",
    "caravana_madre": "",
    "carimbo": 6,
    "prenada": false,
    "categoria": 5,
    "raza": 1,
    "estado_sanitario": "E",
    "peso_especifico": 300.0,
    "is_hembra": false,
    "lote": 2,
    "mortandad": null,
    "establecimiento": 1,
    "origen": "S",
    "detalle_compra": null
  }
},
{
  "model": "animal.animal",
  "pk": 10,
  "fields": {
    "estado": "V",
    "caravana": "10",
    "caravana_madre": "",
    "carimbo": 6,
    "prenada": false,
    "categoria": 6,
    "raza": 1,
    "estado_sanitario": "E",
    "peso_especifico": 300.0,
    "is_hembra": false,
    "lote": 2,
    "mortandad": null,
    "establecimiento": 1,
    "origen": "S",
    "detalle_compra": null
  }
},
{
  "model": "animal.animal",
  "pk": 11,
  "fields": {
    "estado": "V",
    "caravana": "11",
    "caravana_madre": "",
    "carimbo": 1,
    "prenada": false,
    "categoria": 3,
    "raza": 2,
    "estado_sanitario": "E",
    "peso_especifico": 450.0,
    "is_hembra": false,
    "lote": 1,
    "mortandad": null,
    "establecimiento": 1,
    "origen": "S",
    "detalle_compra": null
  }
},
{
  "model": "animal.animal",
  "pk": 12,
  "fields": {
    "estado": "V",
    "caravana": "12",
    "caravana_madre": "",
    "carimbo": 1,
    "prenada": false,
    "categoria": 3,
    "raza": 2,
    "estado_sanitario": "E",
    "peso_especifico": 450.0,
    "is_hembra": false,
    "lote": 1,
    "mortandad": null,
    "establecimiento": 1,
    "origen": "S",
    "detalle_compra": null
  }
},
{
  "model": "animal.animal",
  "pk": 13,
  "fields": {
    "estado": "V",
    "caravana": "13",
    "caravana_madre": "",
    "carimbo": 3,
    "prenada": false,
    "categoria": 7,
    "raza": 2,
    "estado_sanitario": "E",
    "peso_especifico": 350.0,
    "is_hembra": false,
    "lote": 3,
    "mortandad": null,
    "establecimiento": 1,
    "origen": "S",
    "detalle_compra": null
  }
},
{
  "model": "animal.animal",
  "pk": 14,
  "fields": {
    "estado": "V",
    "caravana": "14",
    "caravana_madre": "",
    "carimbo": 3,
    "prenada": false,
    "categoria": 7,
    "raza": 2,
    "estado_sanitario": "E",
    "peso_especifico": 350.0,
    "is_hembra": false,
    "lote": 3,
    "mortandad": null,
    "establecimiento": 1,
    "origen": "S",
    "detalle_compra": null
  }
},
{
  "model": "animal.animal",
  "pk": 15,
  "fields": {
    "estado": "V",
    "caravana": "15",
    "caravana_madre": "",
    "carimbo": 3,
    "prenada": false,
    "categoria": 7,
    "raza": 2,
    "estado_sanitario": "E",
    "peso_especifico": 350.0,
    "is_hembra": false,
    "lote": 3,
    "mortandad": null,
    "establecimiento": 1,
    "origen": "S",
    "detalle_compra": null
  }
},
{
  "model": "animal.animal",
  "pk": 16,
  "fields": {
    "estado": "V",
    "caravana": "16",
    "caravana_madre": "",
    "carimbo": 5,
    "prenada": false,
    "categoria": 4,
    "raza": 2,
    "estado_sanitario": "E",
    "peso_especifico": 400.0,
    "is_hembra": false,
    "lote": 4,
    "mortandad": null,
    "establecimiento": 1,
    "origen": "S",
    "detalle_compra": null
  }
},
{
  "model": "animal.animal",
  "pk": 17,
  "fields": {
    "estado": "V",
    "caravana": "17",
    "caravana_madre": "",
    "carimbo": 5,
    "prenada": false,
    "categoria": 4,
    "raza": 2,
    "estado_sanitario": "E",
    "peso_especifico": 400.0,
    "is_hembra": false,
    "lote": 4,
    "mortandad": null,
    "establecimiento": 1,
    "origen": "S",
    "detalle_compra": null
  }
},
{
  "model": "animal.animal",
  "pk": 18,
  "fields": {
    "estado": "V",
    "caravana": "18",
    "caravana_madre": "",
    "carimbo": 6,
    "prenada": false,
    "categoria": 5,
    "raza": 2,
    "estado_sanitario": "E",
    "peso_especifico": 300.0,
    "is_hembra": false,
    "lote": 2,
    "mortandad": null,
    "establecimiento": 1,
    "origen": "S",
    "detalle_compra": null
  }
},
{
  "model": "animal.animal",
  "pk": 19,
  "fields": {
    "estado": "V",
    "caravana": "19",
    "caravana_madre": "",
    "carimbo": 6,
    "prenada": false,
    "categoria": 5,
    "raza": 2,
    "estado_sanitario": "E",
    "peso_especifico": 300.0,
    "is_hembra": false,
    "lote": 2,
    "mortandad": null,
    "establecimiento": 1,
    "origen": "S",
    "detalle_compra": null
  }
},
{
  "model": "animal.animal",
  "pk": 20,
  "fields": {
    "estado": "V",
    "caravana": "20",
    "caravana_madre": "",
    "carimbo": 6,
    "prenada": false,
    "categoria": 6,
    "raza": 2,
    "estado_sanitario": "E",
    "peso_especifico": 300.0,
    "is_hembra": false,
    "lote": 2,
    "mortandad": null,
    "establecimiento": 1,
    "origen": "S",
    "detalle_compra": null
  }
},
{
  "model": "animal.animal",
  "pk": 21,
  "fields": {
    "estado": "V",
    "caravana": "21",
    "caravana_madre": "",
    "carimbo": 1,
    "prenada": false,
    "categoria": 3,
    "raza": 3,
    "estado_sanitario": "E",
    "peso_especifico": 450.0,
    "is_hembra": false,
    "lote": 1,
    "mortandad": null,
    "establecimiento": 1,
    "origen": "S",
    "detalle_compra": null
  }
},
{
  "model": "animal.animal",
  "pk": 22,
  "fields": {
    "estado": "V",
    "caravana": "22",
    "caravana_madre": "",
    "carimbo": 1,
    "prenada": false,
    "categoria": 3,
    "raza": 3,
    "estado_sanitario": "E",
    "peso_especifico": 450.0,
    "is_hembra": false,
    "lote": 1,
    "mortandad": null,
    "establecimiento": 1,
    "origen": "S",
    "detalle_compra": null
  }
},
{
  "model": "animal.animal",
  "pk": 23,
  "fields": {
    "estado": "V",
    "caravana": "23",
    "caravana_madre": "",
    "carimbo": 3,
    "prenada": false,
    "categoria": 7,
    "raza": 3,
    "estado_sanitario": "E",
    "peso_especifico": 350.0,
    "is_hembra": false,
    "lote": 3,
    "mortandad": null,
    "establecimiento": 1,
    "origen": "S",
    "detalle_compra": null
  }
},
{
  "model": "animal.animal",
  "pk": 24,
  "fields": {
    "estado": "V",
    "caravana": "24",
    "caravana_madre": "",
    "carimbo": 3,
    "prenada": false,
    "categoria": 7,
    "raza": 3,
    "estado_sanitario": "E",
    "peso_especifico": 350.0,
    "is_hembra": false,
    "lote": 3,
    "mortandad": null,
    "establecimiento": 1,
    "origen": "S",
    "detalle_compra": null
  }
},
{
  "model": "animal.animal",
  "pk": 25,
  "fields": {
    "estado": "V",
    "caravana": "25",
    "caravana_madre": "",
    "carimbo": 3,
    "prenada": false,
    "categoria": 7,
    "raza": 3,
    "estado_sanitario": "E",
    "peso_especifico": 350.0,
    "is_hembra": false,
    "lote": 3,
    "mortandad": null,
    "establecimiento": 1,
    "origen": "S",
    "detalle_compra": null
  }
},
{
  "model": "animal.animal",
  "pk": 26,
  "fields": {
    "estado": "V",
    "caravana": "26",
    "caravana_madre": "",
    "carimbo": 5,
    "prenada": false,
    "categoria": 4,
    "raza": 3,
    "estado_sanitario": "E",
    "peso_especifico": 400.0,
    "is_hembra": false,
    "lote": 4,
    "mortandad": null,
    "establecimiento": 1,
    "origen": "S",
    "detalle_compra": null
  }
},
{
  "model": "animal.animal",
  "pk": 27,
  "fields": {
    "estado": "V",
    "caravana": "27",
    "caravana_madre": "",
    "carimbo": 5,
    "prenada": false,
    "categoria": 4,
    "raza": 3,
    "estado_sanitario": "E",
    "peso_especifico": 400.0,
    "is_hembra": false,
    "lote": 4,
    "mortandad": null,
    "establecimiento": 1,
    "origen": "S",
    "detalle_compra": null
  }
},
{
  "model": "animal.animal",
  "pk": 28,
  "fields": {
    "estado": "V",
    "caravana": "28",
    "caravana_madre": "",
    "carimbo": 6,
    "prenada": false,
    "categoria": 5,
    "raza": 3,
    "estado_sanitario": "E",
    "peso_especifico": 300.0,
    "is_hembra": false,
    "lote": 2,
    "mortandad": null,
    "establecimiento": 1,
    "origen": "S",
    "detalle_compra": null
  }
},
{
  "model": "animal.animal",
  "pk": 29,
  "fields": {
    "estado": "V",
    "caravana": "29",
    "caravana_madre": "",
    "carimbo": 6,
    "prenada": false,
    "categoria": 5,
    "raza": 3,
    "estado_sanitario": "E",
    "peso_especifico": 300.0,
    "is_hembra": false,
    "lote": 2,
    "mortandad": null,
    "establecimiento": 1,
    "origen": "S",
    "detalle_compra": null
  }
},
{
  "model": "animal.animal",
  "pk": 30,
  "fields": {
    "estado": "V",
    "caravana": "30",
    "caravana_madre": "",
    "carimbo": 6,
    "prenada": false,
    "categoria": 6,
    "raza": 3,
    "estado_sanitario": "E",
    "peso_especifico": 300.0,
    "is_hembra": false,
    "lote": 2,
    "mortandad": null,
    "establecimiento": 1,
    "origen": "S",
    "detalle_compra": null
  }
},
{
  "model": "animal.animal",
  "pk": 31,
  "fields": {
    "estado": "V",
    "caravana": "31",
    "caravana_madre": "",
    "carimbo": 5,
    "prenada": false,
    "categoria": 4,
    "raza": 2,
    "estado_sanitario": "E",
    "peso_especifico": null,
    "is_hembra": false,
    "lote": 4,
    "mortandad": null,
    "establecimiento": 1,
    "origen": "S",
    "detalle_compra": 1
  }
},
{
  "model": "animal.animal",
  "pk": 32,
  "fields": {
    "estado": "V",
    "caravana": "32",
    "caravana_madre": "",
    "carimbo": 5,
    "prenada": false,
    "categoria": 4,
    "raza": 2,
    "estado_sanitario": "E",
    "peso_especifico": null,
    "is_hembra": false,
    "lote": 4,
    "mortandad": null,
    "establecimiento": 1,
    "origen": "S",
    "detalle_compra": 1
  }
},
{
  "model": "animal.animal",
  "pk": 33,
  "fields": {
    "estado": "V",
    "caravana": "33",
    "caravana_madre": "",
    "carimbo": 5,
    "prenada": false,
    "categoria": 4,
    "raza": 2,
    "estado_sanitario": "E",
    "peso_especifico": null,
    "is_hembra": false,
    "lote": 4,
    "mortandad": null,
    "establecimiento": 1,
    "origen": "S",
    "detalle_compra": 1
  }
},
{
  "model": "animal.animal",
  "pk": 34,
  "fields": {
    "estado": "V",
    "caravana": "34",
    "caravana_madre": "",
    "carimbo": 5,
    "prenada": false,
    "categoria": 4,
    "raza": 2,
    "estado_sanitario": "E",
    "peso_especifico": null,
    "is_hembra": false,
    "lote": 4,
    "mortandad": null,
    "establecimiento": 1,
    "origen": "S",
    "detalle_compra": 1
  }
},
{
  "model": "animal.animal",
  "pk": 35,
  "fields": {
    "estado": "V",
    "caravana": "35",
    "caravana_madre": "",
    "carimbo": 5,
    "prenada": false,
    "categoria": 4,
    "raza": 2,
    "estado_sanitario": "E",
    "peso_especifico": null,
    "is_hembra": false,
    "lote": 4,
    "mortandad": null,
    "establecimiento": 1,
    "origen": "S",
    "detalle_compra": 1
  }
},
{
  "model": "animal.animal",
  "pk": 36,
  "fields": {
    "estado": "V",
    "caravana": "36",
    "caravana_madre": "",
    "carimbo": 5,
    "prenada": false,
    "categoria": 4,
    "raza": 2,
    "estado_sanitario": "E",
    "peso_especifico": null,
    "is_hembra": false,
    "lote": 4,
    "mortandad": null,
    "establecimiento": 1,
    "origen": "S",
    "detalle_compra": 1
  }
},
{
  "model": "animal.animal",
  "pk": 37,
  "fields": {
    "estado": "V",
    "caravana": "37",
    "caravana_madre": "",
    "carimbo": 5,
    "prenada": false,
    "categoria": 4,
    "raza": 2,
    "estado_sanitario": "E",
    "peso_especifico": null,
    "is_hembra": false,
    "lote": 4,
    "mortandad": null,
    "establecimiento": 1,
    "origen": "S",
    "detalle_compra": 1
  }
},
{
  "model": "animal.animal",
  "pk": 38,
  "fields": {
    "estado": "V",
    "caravana": "38",
    "caravana_madre": "",
    "carimbo": 5,
    "prenada": false,
    "categoria": 4,
    "raza": 2,
    "estado_sanitario": "E",
    "peso_especifico": null,
    "is_hembra": false,
    "lote": 4,
    "mortandad": null,
    "establecimiento": 1,
    "origen": "S",
    "detalle_compra": 1
  }
},
{
  "model": "animal.animal",
  "pk": 39,
  "fields": {
    "estado": "V",
    "caravana": "39",
    "caravana_madre": "",
    "carimbo": 5,
    "prenada": false,
    "categoria": 4,
    "raza": 2,
    "estado_sanitario": "E",
    "peso_especifico": null,
    "is_hembra": false,
    "lote": 4,
    "mortandad": null,
    "establecimiento": 1,
    "origen": "S",
    "detalle_compra": 1
  }
},
{
  "model": "animal.animal",
  "pk": 40,
  "fields": {
    "estado": "V",
    "caravana": "40",
    "caravana_madre": "",
    "carimbo": 5,
    "prenada": false,
    "categoria": 4,
    "raza": 2,
    "estado_sanitario": "E",
    "peso_especifico": null,
    "is_hembra": false,
    "lote": 4,
    "mortandad": null,
    "establecimiento": 1,
    "origen": "S",
    "detalle_compra": 1
  }
},
{
  "model": "animal.animal",
  "pk": 41,
  "fields": {
    "estado": "V",
    "caravana": "41",
    "caravana_madre": "",
    "carimbo": 5,
    "prenada": false,
    "categoria": 4,
    "raza": 2,
    "estado_sanitario": "E",
    "peso_especifico": null,
    "is_hembra": false,
    "lote": 4,
    "mortandad": null,
    "establecimiento": 1,
    "origen": "S",
    "detalle_compra": 1
  }
},
{
  "model": "animal.animal",
  "pk": 42,
  "fields": {
    "estado": "V",
    "caravana": "42",
    "caravana_madre": "",
    "carimbo": 5,
    "prenada": false,
    "categoria": 4,
    "raza": 2,
    "estado_sanitario": "E",
    "peso_especifico": null,
    "is_hembra": false,
    "lote": 4,
    "mortandad": null,
    "establecimiento": 1,
    "origen": "S",
    "detalle_compra": 1
  }
},
{
  "model": "animal.animal",
  "pk": 43,
  "fields": {
    "estado": "V",
    "caravana": "43",
    "caravana_madre": "",
    "carimbo": 5,
    "prenada": false,
    "categoria": 4,
    "raza": 2,
    "estado_sanitario": "E",
    "peso_especifico": null,
    "is_hembra": false,
    "lote": 4,
    "mortandad": null,
    "establecimiento": 1,
    "origen": "S",
    "detalle_compra": 1
  }
},
{
  "model": "animal.animal",
  "pk": 44,
  "fields": {
    "estado": "V",
    "caravana": "44",
    "caravana_madre": "",
    "carimbo": 5,
    "prenada": false,
    "categoria": 4,
    "raza": 2,
    "estado_sanitario": "E",
    "peso_especifico": null,
    "is_hembra": false,
    "lote": 4,
    "mortandad": null,
    "establecimiento": 1,
    "origen": "S",
    "detalle_compra": 1
  }
},
{
  "model": "animal.animal",
  "pk": 45,
  "fields": {
    "estado": "V",
    "caravana": "45",
    "caravana_madre": "",
    "carimbo": 5,
    "prenada": false,
    "categoria": 4,
    "raza": 2,
    "estado_sanitario": "E",
    "peso_especifico": null,
    "is_hembra": false,
    "lote": 4,
    "mortandad": null,
    "establecimiento": 1,
    "origen": "S",
    "detalle_compra": 1
  }
},
{
  "model": "animal.animal",
  "pk": 46,
  "fields": {
    "estado": "V",
    "caravana": "46",
    "caravana_madre": "",
    "carimbo": 5,
    "prenada": false,
    "categoria": 4,
    "raza": 2,
    "estado_sanitario": "E",
    "peso_especifico": null,
    "is_hembra": false,
    "lote": 4,
    "mortandad": null,
    "establecimiento": 1,
    "origen": "S",
    "detalle_compra": 1
  }
},
{
  "model": "animal.animal",
  "pk": 47,
  "fields": {
    "estado": "V",
    "caravana": "47",
    "caravana_madre": "",
    "carimbo": 5,
    "prenada": false,
    "categoria": 4,
    "raza": 2,
    "estado_sanitario": "E",
    "peso_especifico": null,
    "is_hembra": false,
    "lote": 4,
    "mortandad": null,
    "establecimiento": 1,
    "origen": "S",
    "detalle_compra": 1
  }
},
{
  "model": "animal.animal",
  "pk": 48,
  "fields": {
    "estado": "V",
    "caravana": "48",
    "caravana_madre": "",
    "carimbo": 5,
    "prenada": false,
    "categoria": 4,
    "raza": 2,
    "estado_sanitario": "E",
    "peso_especifico": null,
    "is_hembra": false,
    "lote": 4,
    "mortandad": null,
    "establecimiento": 1,
    "origen": "S",
    "detalle_compra": 1
  }
},
{
  "model": "animal.animal",
  "pk": 49,
  "fields": {
    "estado": "V",
    "caravana": "49",
    "caravana_madre": "",
    "carimbo": 5,
    "prenada": false,
    "categoria": 4,
    "raza": 2,
    "estado_sanitario": "E",
    "peso_especifico": null,
    "is_hembra": false,
    "lote": 4,
    "mortandad": null,
    "establecimiento": 1,
    "origen": "S",
    "detalle_compra": 1
  }
},
{
  "model": "animal.animal",
  "pk": 50,
  "fields": {
    "estado": "V",
    "caravana": "50",
    "caravana_madre": "",
    "carimbo": 5,
    "prenada": false,
    "categoria": 4,
    "raza": 2,
    "estado_sanitario": "E",
    "peso_especifico": null,
    "is_hembra": false,
    "lote": 4,
    "mortandad": null,
    "establecimiento": 1,
    "origen": "S",
    "detalle_compra": 1
  }
},
{
  "model": "animal.animal",
  "pk": 51,
  "fields": {
    "estado": "V",
    "caravana": "51",
    "caravana_madre": "",
    "carimbo": 5,
    "prenada": false,
    "categoria": 4,
    "raza": 2,
    "estado_sanitario": "E",
    "peso_especifico": null,
    "is_hembra": false,
    "lote": 4,
    "mortandad": null,
    "establecimiento": 1,
    "origen": "S",
    "detalle_compra": 1
  }
},
{
  "model": "animal.animal",
  "pk": 52,
  "fields": {
    "estado": "V",
    "caravana": "52",
    "caravana_madre": "",
    "carimbo": 5,
    "prenada": false,
    "categoria": 4,
    "raza": 2,
    "estado_sanitario": "E",
    "peso_especifico": null,
    "is_hembra": false,
    "lote": 4,
    "mortandad": null,
    "establecimiento": 1,
    "origen": "S",
    "detalle_compra": 1
  }
},
{
  "model": "animal.animal",
  "pk": 53,
  "fields": {
    "estado": "V",
    "caravana": "53",
    "caravana_madre": "",
    "carimbo": 5,
    "prenada": false,
    "categoria": 4,
    "raza": 2,
    "estado_sanitario": "E",
    "peso_especifico": null,
    "is_hembra": false,
    "lote": 4,
    "mortandad": null,
    "establecimiento": 1,
    "origen": "S",
    "detalle_compra": 1
  }
},
{
  "model": "animal.animal",
  "pk": 54,
  "fields": {
    "estado": "V",
    "caravana": "54",
    "caravana_madre": "",
    "carimbo": 5,
    "prenada": false,
    "categoria": 4,
    "raza": 2,
    "estado_sanitario": "E",
    "peso_especifico": null,
    "is_hembra": false,
    "lote": 4,
    "mortandad": null,
    "establecimiento": 1,
    "origen": "S",
    "detalle_compra": 1
  }
},
{
  "model": "animal.animal",
  "pk": 55,
  "fields": {
    "estado": "V",
    "caravana": "55",
    "caravana_madre": "",
    "carimbo": 5,
    "prenada": false,
    "categoria": 4,
    "raza": 2,
    "estado_sanitario": "E",
    "peso_especifico": null,
    "is_hembra": false,
    "lote": 4,
    "mortandad": null,
    "establecimiento": 1,
    "origen": "S",
    "detalle_compra": 1
  }
},
{
  "model": "animal.animal",
  "pk": 56,
  "fields": {
    "estado": "V",
    "caravana": "56",
    "caravana_madre": "",
    "carimbo": 5,
    "prenada": false,
    "categoria": 4,
    "raza": 2,
    "estado_sanitario": "E",
    "peso_especifico": null,
    "is_hembra": false,
    "lote": 4,
    "mortandad": null,
    "establecimiento": 1,
    "origen": "S",
    "detalle_compra": 1
  }
},
{
  "model": "animal.animal",
  "pk": 57,
  "fields": {
    "estado": "V",
    "caravana": "57",
    "caravana_madre": "",
    "carimbo": 5,
    "prenada": false,
    "categoria": 4,
    "raza": 2,
    "estado_sanitario": "E",
    "peso_especifico": null,
    "is_hembra": false,
    "lote": 4,
    "mortandad": null,
    "establecimiento": 1,
    "origen": "S",
    "detalle_compra": 1
  }
},
{
  "model": "animal.animal",
  "pk": 58,
  "fields": {
    "estado": "V",
    "caravana": "58",
    "caravana_madre": "",
    "carimbo": 5,
    "prenada": false,
    "categoria": 4,
    "raza": 2,
    "estado_sanitario": "E",
    "peso_especifico": null,
    "is_hembra": false,
    "lote": 4,
    "mortandad": null,
    "establecimiento": 1,
    "origen": "S",
    "detalle_compra": 1
  }
},
{
  "model": "animal.animal",
  "pk": 59,
  "fields": {
    "estado": "V",
    "caravana": "59",
    "caravana_madre": "",
    "carimbo": 5,
    "prenada": false,
    "categoria": 4,
    "raza": 2,
    "estado_sanitario": "E",
    "peso_especifico": null,
    "is_hembra": false,
    "lote": 4,
    "mortandad": null,
    "establecimiento": 1,
    "origen": "S",
    "detalle_compra": 1
  }
},
{
  "model": "animal.animal",
  "pk": 60,
  "fields": {
    "estado": "V",
    "caravana": "60",
    "caravana_madre": "",
    "carimbo": 5,
    "prenada": false,
    "categoria": 4,
    "raza": 2,
    "estado_sanitario": "E",
    "peso_especifico": null,
    "is_hembra": false,
    "lote": 4,
    "mortandad": null,
    "establecimiento": 1,
    "origen": "S",
    "detalle_compra": 1
  }
},
{
  "model": "animal.animal",
  "pk": 61,
  "fields": {
    "estado": "V",
    "caravana": "61",
    "caravana_madre": "",
    "carimbo": 5,
    "prenada": false,
    "categoria": 4,
    "raza": 2,
    "estado_sanitario": "E",
    "peso_especifico": null,
    "is_hembra": false,
    "lote": 4,
    "mortandad": null,
    "establecimiento": 1,
    "origen": "S",
    "detalle_compra": 1
  }
},
{
  "model": "animal.animal",
  "pk": 62,
  "fields": {
    "estado": "V",
    "caravana": "62",
    "caravana_madre": "",
    "carimbo": 5,
    "prenada": false,
    "categoria": 4,
    "raza": 2,
    "estado_sanitario": "E",
    "peso_especifico": null,
    "is_hembra": false,
    "lote": 4,
    "mortandad": null,
    "establecimiento": 1,
    "origen": "S",
    "detalle_compra": 1
  }
},
{
  "model": "animal.animal",
  "pk": 63,
  "fields": {
    "estado": "V",
    "caravana": "63",
    "caravana_madre": "",
    "carimbo": 5,
    "prenada": false,
    "categoria": 4,
    "raza": 2,
    "estado_sanitario": "E",
    "peso_especifico": null,
    "is_hembra": false,
    "lote": 4,
    "mortandad": null,
    "establecimiento": 1,
    "origen": "S",
    "detalle_compra": 1
  }
},
{
  "model": "animal.animal",
  "pk": 64,
  "fields": {
    "estado": "V",
    "caravana": "64",
    "caravana_madre": "",
    "carimbo": 5,
    "prenada": false,
    "categoria": 4,
    "raza": 2,
    "estado_sanitario": "E",
    "peso_especifico": null,
    "is_hembra": false,
    "lote": 4,
    "mortandad": null,
    "establecimiento": 1,
    "origen": "S",
    "detalle_compra": 1
  }
},
{
  "model": "animal.animal",
  "pk": 65,
  "fields": {
    "estado": "V",
    "caravana": "65",
    "caravana_madre": "",
    "carimbo": 5,
    "prenada": false,
    "categoria": 4,
    "raza": 2,
    "estado_sanitario": "E",
    "peso_especifico": null,
    "is_hembra": false,
    "lote": 4,
    "mortandad": null,
    "establecimiento": 1,
    "origen": "S",
    "detalle_compra": 1
  }
},
{
  "model": "animal.animal",
  "pk": 66,
  "fields": {
    "estado": "V",
    "caravana": "66",
    "caravana_madre": "",
    "carimbo": 5,
    "prenada": false,
    "categoria": 4,
    "raza": 2,
    "estado_sanitario": "E",
    "peso_especifico": null,
    "is_hembra": false,
    "lote": 4,
    "mortandad": null,
    "establecimiento": 1,
    "origen": "S",
    "detalle_compra": 1
  }
},
{
  "model": "animal.animal",
  "pk": 67,
  "fields": {
    "estado": "V",
    "caravana": "67",
    "caravana_madre": "",
    "carimbo": 5,
    "prenada": false,
    "categoria": 4,
    "raza": 2,
    "estado_sanitario": "E",
    "peso_especifico": null,
    "is_hembra": false,
    "lote": 4,
    "mortandad": null,
    "establecimiento": 1,
    "origen": "S",
    "detalle_compra": 1
  }
},
{
  "model": "animal.animal",
  "pk": 68,
  "fields": {
    "estado": "V",
    "caravana": "68",
    "caravana_madre": "",
    "carimbo": 5,
    "prenada": false,
    "categoria": 4,
    "raza": 2,
    "estado_sanitario": "E",
    "peso_especifico": null,
    "is_hembra": false,
    "lote": 4,
    "mortandad": null,
    "establecimiento": 1,
    "origen": "S",
    "detalle_compra": 1
  }
},
{
  "model": "animal.animal",
  "pk": 69,
  "fields": {
    "estado": "V",
    "caravana": "69",
    "caravana_madre": "",
    "carimbo": 5,
    "prenada": false,
    "categoria": 4,
    "raza": 2,
    "estado_sanitario": "E",
    "peso_especifico": null,
    "is_hembra": false,
    "lote": 4,
    "mortandad": null,
    "establecimiento": 1,
    "origen": "S",
    "detalle_compra": 1
  }
},
{
  "model": "animal.animal",
  "pk": 70,
  "fields": {
    "estado": "V",
    "caravana": "70",
    "caravana_madre": "",
    "carimbo": 5,
    "prenada": false,
    "categoria": 4,
    "raza": 2,
    "estado_sanitario": "E",
    "peso_especifico": null,
    "is_hembra": false,
    "lote": 4,
    "mortandad": null,
    "establecimiento": 1,
    "origen": "S",
    "detalle_compra": 1
  }
},
{
  "model": "animal.animal",
  "pk": 71,
  "fields": {
    "estado": "V",
    "caravana": "71",
    "caravana_madre": "",
    "carimbo": 5,
    "prenada": false,
    "categoria": 4,
    "raza": 2,
    "estado_sanitario": "E",
    "peso_especifico": null,
    "is_hembra": false,
    "lote": 4,
    "mortandad": null,
    "establecimiento": 1,
    "origen": "S",
    "detalle_compra": 1
  }
},
{
  "model": "animal.animal",
  "pk": 72,
  "fields": {
    "estado": "V",
    "caravana": "72",
    "caravana_madre": "",
    "carimbo": 5,
    "prenada": false,
    "categoria": 4,
    "raza": 2,
    "estado_sanitario": "E",
    "peso_especifico": null,
    "is_hembra": false,
    "lote": 4,
    "mortandad": null,
    "establecimiento": 1,
    "origen": "S",
    "detalle_compra": 1
  }
},
{
  "model": "animal.animal",
  "pk": 73,
  "fields": {
    "estado": "V",
    "caravana": "73",
    "caravana_madre": "",
    "carimbo": 5,
    "prenada": false,
    "categoria": 4,
    "raza": 2,
    "estado_sanitario": "E",
    "peso_especifico": null,
    "is_hembra": false,
    "lote": 4,
    "mortandad": null,
    "establecimiento": 1,
    "origen": "S",
    "detalle_compra": 1
  }
},
{
  "model": "animal.animal",
  "pk": 74,
  "fields": {
    "estado": "V",
    "caravana": "74",
    "caravana_madre": "",
    "carimbo": 5,
    "prenada": false,
    "categoria": 4,
    "raza": 2,
    "estado_sanitario": "E",
    "peso_especifico": null,
    "is_hembra": false,
    "lote": 4,
    "mortandad": null,
    "establecimiento": 1,
    "origen": "S",
    "detalle_compra": 1
  }
},
{
  "model": "animal.animal",
  "pk": 75,
  "fields": {
    "estado": "V",
    "caravana": "75",
    "caravana_madre": "",
    "carimbo": 5,
    "prenada": false,
    "categoria": 4,
    "raza": 2,
    "estado_sanitario": "E",
    "peso_especifico": null,
    "is_hembra": false,
    "lote": 4,
    "mortandad": null,
    "establecimiento": 1,
    "origen": "S",
    "detalle_compra": 1
  }
},
{
  "model": "animal.animal",
  "pk": 76,
  "fields": {
    "estado": "V",
    "caravana": "76",
    "caravana_madre": "",
    "carimbo": 5,
    "prenada": false,
    "categoria": 4,
    "raza": 2,
    "estado_sanitario": "E",
    "peso_especifico": null,
    "is_hembra": false,
    "lote": 4,
    "mortandad": null,
    "establecimiento": 1,
    "origen": "S",
    "detalle_compra": 1
  }
},
{
  "model": "animal.animal",
  "pk": 77,
  "fields": {
    "estado": "V",
    "caravana": "77",
    "caravana_madre": "",
    "carimbo": 5,
    "prenada": false,
    "categoria": 4,
    "raza": 2,
    "estado_sanitario": "E",
    "peso_especifico": null,
    "is_hembra": false,
    "lote": 4,
    "mortandad": null,
    "establecimiento": 1,
    "origen": "S",
    "detalle_compra": 1
  }
},
{
  "model": "animal.animal",
  "pk": 78,
  "fields": {
    "estado": "V",
    "caravana": "78",
    "caravana_madre": "",
    "carimbo": 5,
    "prenada": false,
    "categoria": 4,
    "raza": 2,
    "estado_sanitario": "E",
    "peso_especifico": null,
    "is_hembra": false,
    "lote": 4,
    "mortandad": null,
    "establecimiento": 1,
    "origen": "S",
    "detalle_compra": 1
  }
},
{
  "model": "animal.animal",
  "pk": 79,
  "fields": {
    "estado": "V",
    "caravana": "79",
    "caravana_madre": "",
    "carimbo": 5,
    "prenada": false,
    "categoria": 4,
    "raza": 2,
    "estado_sanitario": "E",
    "peso_especifico": null,
    "is_hembra": false,
    "lote": 4,
    "mortandad": null,
    "establecimiento": 1,
    "origen": "S",
    "detalle_compra": 1
  }
},
{
  "model": "animal.animal",
  "pk": 80,
  "fields": {
    "estado": "V",
    "caravana": "80",
    "caravana_madre": "",
    "carimbo": 5,
    "prenada": false,
    "categoria": 4,
    "raza": 2,
    "estado_sanitario": "E",
    "peso_especifico": null,
    "is_hembra": false,
    "lote": 4,
    "mortandad": null,
    "establecimiento": 1,
    "origen": "S",
    "detalle_compra": 1
  }
},
{
  "model": "animal.animal",
  "pk": 81,
  "fields": {
    "estado": "V",
    "caravana": "81",
    "caravana_madre": "",
    "carimbo": 5,
    "prenada": false,
    "categoria": 4,
    "raza": 2,
    "estado_sanitario": "E",
    "peso_especifico": null,
    "is_hembra": false,
    "lote": 4,
    "mortandad": null,
    "establecimiento": 1,
    "origen": "S",
    "detalle_compra": 1
  }
},
{
  "model": "animal.animal",
  "pk": 82,
  "fields": {
    "estado": "V",
    "caravana": "82",
    "caravana_madre": "",
    "carimbo": 5,
    "prenada": false,
    "categoria": 4,
    "raza": 2,
    "estado_sanitario": "E",
    "peso_especifico": null,
    "is_hembra": false,
    "lote": 4,
    "mortandad": null,
    "establecimiento": 1,
    "origen": "S",
    "detalle_compra": 1
  }
},
{
  "model": "animal.animal",
  "pk": 83,
  "fields": {
    "estado": "V",
    "caravana": "83",
    "caravana_madre": "",
    "carimbo": 5,
    "prenada": false,
    "categoria": 4,
    "raza": 2,
    "estado_sanitario": "E",
    "peso_especifico": null,
    "is_hembra": false,
    "lote": 4,
    "mortandad": null,
    "establecimiento": 1,
    "origen": "S",
    "detalle_compra": 1
  }
},
{
  "model": "animal.animal",
  "pk": 84,
  "fields": {
    "estado": "V",
    "caravana": "84",
    "caravana_madre": "",
    "carimbo": 5,
    "prenada": false,
    "categoria": 4,
    "raza": 2,
    "estado_sanitario": "E",
    "peso_especifico": null,
    "is_hembra": false,
    "lote": 4,
    "mortandad": null,
    "establecimiento": 1,
    "origen": "S",
    "detalle_compra": 1
  }
},
{
  "model": "animal.animal",
  "pk": 85,
  "fields": {
    "estado": "V",
    "caravana": "85",
    "caravana_madre": "",
    "carimbo": 5,
    "prenada": false,
    "categoria": 4,
    "raza": 2,
    "estado_sanitario": "E",
    "peso_especifico": null,
    "is_hembra": false,
    "lote": 4,
    "mortandad": null,
    "establecimiento": 1,
    "origen": "S",
    "detalle_compra": 1
  }
},
{
  "model": "animal.animal",
  "pk": 86,
  "fields": {
    "estado": "V",
    "caravana": "86",
    "caravana_madre": "",
    "carimbo": 5,
    "prenada": false,
    "categoria": 4,
    "raza": 2,
    "estado_sanitario": "E",
    "peso_especifico": null,
    "is_hembra": false,
    "lote": 4,
    "mortandad": null,
    "establecimiento": 1,
    "origen": "S",
    "detalle_compra": 1
  }
},
{
  "model": "animal.animal",
  "pk": 87,
  "fields": {
    "estado": "V",
    "caravana": "87",
    "caravana_madre": "",
    "carimbo": 5,
    "prenada": false,
    "categoria": 4,
    "raza": 2,
    "estado_sanitario": "E",
    "peso_especifico": null,
    "is_hembra": false,
    "lote": 4,
    "mortandad": null,
    "establecimiento": 1,
    "origen": "S",
    "detalle_compra": 1
  }
},
{
  "model": "animal.animal",
  "pk": 88,
  "fields": {
    "estado": "V",
    "caravana": "88",
    "caravana_madre": "",
    "carimbo": 5,
    "prenada": false,
    "categoria": 4,
    "raza": 2,
    "estado_sanitario": "E",
    "peso_especifico": null,
    "is_hembra": false,
    "lote": 4,
    "mortandad": null,
    "establecimiento": 1,
    "origen": "S",
    "detalle_compra": 1
  }
},
{
  "model": "animal.animal",
  "pk": 89,
  "fields": {
    "estado": "V",
    "caravana": "89",
    "caravana_madre": "",
    "carimbo": 5,
    "prenada": false,
    "categoria": 4,
    "raza": 2,
    "estado_sanitario": "E",
    "peso_especifico": null,
    "is_hembra": false,
    "lote": 4,
    "mortandad": null,
    "establecimiento": 1,
    "origen": "S",
    "detalle_compra": 1
  }
},
{
  "model": "animal.animal",
  "pk": 90,
  "fields": {
    "estado": "V",
    "caravana": "90",
    "caravana_madre": "",
    "carimbo": 5,
    "prenada": false,
    "categoria": 4,
    "raza": 2,
    "estado_sanitario": "E",
    "peso_especifico": null,
    "is_hembra": false,
    "lote": 4,
    "mortandad": null,
    "establecimiento": 1,
    "origen": "S",
    "detalle_compra": 1
  }
},
{
  "model": "animal.animal",
  "pk": 91,
  "fields": {
    "estado": "V",
    "caravana": "91",
    "caravana_madre": "",
    "carimbo": 5,
    "prenada": false,
    "categoria": 4,
    "raza": 2,
    "estado_sanitario": "E",
    "peso_especifico": null,
    "is_hembra": false,
    "lote": 4,
    "mortandad": null,
    "establecimiento": 1,
    "origen": "S",
    "detalle_compra": 1
  }
},
{
  "model": "animal.animal",
  "pk": 92,
  "fields": {
    "estado": "V",
    "caravana": "92",
    "caravana_madre": "",
    "carimbo": 5,
    "prenada": false,
    "categoria": 4,
    "raza": 2,
    "estado_sanitario": "E",
    "peso_especifico": null,
    "is_hembra": false,
    "lote": 4,
    "mortandad": null,
    "establecimiento": 1,
    "origen": "S",
    "detalle_compra": 1
  }
},
{
  "model": "animal.animal",
  "pk": 93,
  "fields": {
    "estado": "V",
    "caravana": "93",
    "caravana_madre": "",
    "carimbo": 5,
    "prenada": false,
    "categoria": 4,
    "raza": 2,
    "estado_sanitario": "E",
    "peso_especifico": null,
    "is_hembra": false,
    "lote": 4,
    "mortandad": null,
    "establecimiento": 1,
    "origen": "S",
    "detalle_compra": 1
  }
},
{
  "model": "animal.animal",
  "pk": 94,
  "fields": {
    "estado": "V",
    "caravana": "94",
    "caravana_madre": "",
    "carimbo": 5,
    "prenada": false,
    "categoria": 4,
    "raza": 2,
    "estado_sanitario": "E",
    "peso_especifico": null,
    "is_hembra": false,
    "lote": 4,
    "mortandad": null,
    "establecimiento": 1,
    "origen": "S",
    "detalle_compra": 1
  }
},
{
  "model": "animal.animal",
  "pk": 95,
  "fields": {
    "estado": "V",
    "caravana": "95",
    "caravana_madre": "",
    "carimbo": 5,
    "prenada": false,
    "categoria": 4,
    "raza": 2,
    "estado_sanitario": "E",
    "peso_especifico": null,
    "is_hembra": false,
    "lote": 4,
    "mortandad": null,
    "establecimiento": 1,
    "origen": "S",
    "detalle_compra": 1
  }
},
{
  "model": "animal.animal",
  "pk": 96,
  "fields": {
    "estado": "V",
    "caravana": "96",
    "caravana_madre": "",
    "carimbo": 5,
    "prenada": false,
    "categoria": 4,
    "raza": 2,
    "estado_sanitario": "E",
    "peso_especifico": null,
    "is_hembra": false,
    "lote": 4,
    "mortandad": null,
    "establecimiento": 1,
    "origen": "S",
    "detalle_compra": 1
  }
},
{
  "model": "animal.animal",
  "pk": 97,
  "fields": {
    "estado": "V",
    "caravana": "97",
    "caravana_madre": "",
    "carimbo": 5,
    "prenada": false,
    "categoria": 4,
    "raza": 2,
    "estado_sanitario": "E",
    "peso_especifico": null,
    "is_hembra": false,
    "lote": 4,
    "mortandad": null,
    "establecimiento": 1,
    "origen": "S",
    "detalle_compra": 1
  }
},
{
  "model": "animal.animal",
  "pk": 98,
  "fields": {
    "estado": "V",
    "caravana": "98",
    "caravana_madre": "",
    "carimbo": 5,
    "prenada": false,
    "categoria": 4,
    "raza": 2,
    "estado_sanitario": "E",
    "peso_especifico": null,
    "is_hembra": false,
    "lote": 4,
    "mortandad": null,
    "establecimiento": 1,
    "origen": "S",
    "detalle_compra": 1
  }
},
{
  "model": "animal.animal",
  "pk": 99,
  "fields": {
    "estado": "V",
    "caravana": "99",
    "caravana_madre": "",
    "carimbo": 5,
    "prenada": false,
    "categoria": 4,
    "raza": 2,
    "estado_sanitario": "E",
    "peso_especifico": null,
    "is_hembra": false,
    "lote": 4,
    "mortandad": null,
    "establecimiento": 1,
    "origen": "S",
    "detalle_compra": 1
  }
},
{
  "model": "animal.animal",
  "pk": 100,
  "fields": {
    "estado": "V",
    "caravana": "100",
    "caravana_madre": "",
    "carimbo": 5,
    "prenada": false,
    "categoria": 4,
    "raza": 2,
    "estado_sanitario": "E",
    "peso_especifico": null,
    "is_hembra": false,
    "lote": 4,
    "mortandad": null,
    "establecimiento": 1,
    "origen": "S",
    "detalle_compra": 1
  }
},
{
  "model": "animal.animal",
  "pk": 101,
  "fields": {
    "estado": "V",
    "caravana": "101",
    "caravana_madre": "",
    "carimbo": 5,
    "prenada": false,
    "categoria": 4,
    "raza": 2,
    "estado_sanitario": "E",
    "peso_especifico": null,
    "is_hembra": false,
    "lote": 4,
    "mortandad": null,
    "establecimiento": 1,
    "origen": "S",
    "detalle_compra": 1
  }
},
{
  "model": "animal.animal",
  "pk": 102,
  "fields": {
    "estado": "V",
    "caravana": "102",
    "caravana_madre": "",
    "carimbo": 5,
    "prenada": false,
    "categoria": 4,
    "raza": 2,
    "estado_sanitario": "E",
    "peso_especifico": null,
    "is_hembra": false,
    "lote": 4,
    "mortandad": null,
    "establecimiento": 1,
    "origen": "S",
    "detalle_compra": 1
  }
},
{
  "model": "animal.animal",
  "pk": 103,
  "fields": {
    "estado": "V",
    "caravana": "103",
    "caravana_madre": "",
    "carimbo": 5,
    "prenada": false,
    "categoria": 4,
    "raza": 2,
    "estado_sanitario": "E",
    "peso_especifico": null,
    "is_hembra": false,
    "lote": 4,
    "mortandad": null,
    "establecimiento": 1,
    "origen": "S",
    "detalle_compra": 1
  }
},
{
  "model": "animal.animal",
  "pk": 104,
  "fields": {
    "estado": "V",
    "caravana": "104",
    "caravana_madre": "",
    "carimbo": 5,
    "prenada": false,
    "categoria": 4,
    "raza": 2,
    "estado_sanitario": "E",
    "peso_especifico": null,
    "is_hembra": false,
    "lote": 4,
    "mortandad": null,
    "establecimiento": 1,
    "origen": "S",
    "detalle_compra": 1
  }
},
{
  "model": "animal.animal",
  "pk": 105,
  "fields": {
    "estado": "V",
    "caravana": "105",
    "caravana_madre": "",
    "carimbo": 5,
    "prenada": false,
    "categoria": 4,
    "raza": 2,
    "estado_sanitario": "E",
    "peso_especifico": null,
    "is_hembra": false,
    "lote": 4,
    "mortandad": null,
    "establecimiento": 1,
    "origen": "S",
    "detalle_compra": 1
  }
},
{
  "model": "animal.animal",
  "pk": 106,
  "fields": {
    "estado": "V",
    "caravana": "106",
    "caravana_madre": "",
    "carimbo": 5,
    "prenada": false,
    "categoria": 4,
    "raza": 2,
    "estado_sanitario": "E",
    "peso_especifico": null,
    "is_hembra": false,
    "lote": 4,
    "mortandad": null,
    "establecimiento": 1,
    "origen": "S",
    "detalle_compra": 1
  }
},
{
  "model": "animal.animal",
  "pk": 107,
  "fields": {
    "estado": "V",
    "caravana": "107",
    "caravana_madre": "",
    "carimbo": 5,
    "prenada": false,
    "categoria": 4,
    "raza": 2,
    "estado_sanitario": "E",
    "peso_especifico": null,
    "is_hembra": false,
    "lote": 4,
    "mortandad": null,
    "establecimiento": 1,
    "origen": "S",
    "detalle_compra": 1
  }
},
{
  "model": "animal.animal",
  "pk": 108,
  "fields": {
    "estado": "V",
    "caravana": "108",
    "caravana_madre": "",
    "carimbo": 5,
    "prenada": false,
    "categoria": 4,
    "raza": 2,
    "estado_sanitario": "E",
    "peso_especifico": null,
    "is_hembra": false,
    "lote": 4,
    "mortandad": null,
    "establecimiento": 1,
    "origen": "S",
    "detalle_compra": 1
  }
},
{
  "model": "animal.animal",
  "pk": 109,
  "fields": {
    "estado": "V",
    "caravana": "109",
    "caravana_madre": "",
    "carimbo": 5,
    "prenada": false,
    "categoria": 4,
    "raza": 2,
    "estado_sanitario": "E",
    "peso_especifico": null,
    "is_hembra": false,
    "lote": 4,
    "mortandad": null,
    "establecimiento": 1,
    "origen": "S",
    "detalle_compra": 1
  }
},
{
  "model": "animal.animal",
  "pk": 110,
  "fields": {
    "estado": "V",
    "caravana": "110",
    "caravana_madre": "",
    "carimbo": 5,
    "prenada": false,
    "categoria": 4,
    "raza": 2,
    "estado_sanitario": "E",
    "peso_especifico": null,
    "is_hembra": false,
    "lote": 4,
    "mortandad": null,
    "establecimiento": 1,
    "origen": "S",
    "detalle_compra": 1
  }
},
{
  "model": "animal.animal",
  "pk": 111,
  "fields": {
    "estado": "V",
    "caravana": "111",
    "caravana_madre": "",
    "carimbo": 5,
    "prenada": false,
    "categoria": 4,
    "raza": 2,
    "estado_sanitario": "E",
    "peso_especifico": null,
    "is_hembra": false,
    "lote": 4,
    "mortandad": null,
    "establecimiento": 1,
    "origen": "S",
    "detalle_compra": 1
  }
},
{
  "model": "animal.animal",
  "pk": 112,
  "fields": {
    "estado": "V",
    "caravana": "112",
    "caravana_madre": "",
    "carimbo": 5,
    "prenada": false,
    "categoria": 4,
    "raza": 2,
    "estado_sanitario": "E",
    "peso_especifico": null,
    "is_hembra": false,
    "lote": 4,
    "mortandad": null,
    "establecimiento": 1,
    "origen": "S",
    "detalle_compra": 1
  }
},
{
  "model": "animal.animal",
  "pk": 113,
  "fields": {
    "estado": "V",
    "caravana": "113",
    "caravana_madre": "",
    "carimbo": 5,
    "prenada": false,
    "categoria": 4,
    "raza": 2,
    "estado_sanitario": "E",
    "peso_especifico": null,
    "is_hembra": false,
    "lote": 4,
    "mortandad": null,
    "establecimiento": 1,
    "origen": "S",
    "detalle_compra": 1
  }
},
{
  "model": "animal.animal",
  "pk": 114,
  "fields": {
    "estado": "V",
    "caravana": "114",
    "caravana_madre": "",
    "carimbo": 5,
    "prenada": false,
    "categoria": 4,
    "raza": 2,
    "estado_sanitario": "E",
    "peso_especifico": null,
    "is_hembra": false,
    "lote": 4,
    "mortandad": null,
    "establecimiento": 1,
    "origen": "S",
    "detalle_compra": 1
  }
},
{
  "model": "animal.animal",
  "pk": 115,
  "fields": {
    "estado": "V",
    "caravana": "115",
    "caravana_madre": "",
    "carimbo": 5,
    "prenada": false,
    "categoria": 4,
    "raza": 2,
    "estado_sanitario": "E",
    "peso_especifico": null,
    "is_hembra": false,
    "lote": 4,
    "mortandad": null,
    "establecimiento": 1,
    "origen": "S",
    "detalle_compra": 1
  }
},
{
  "model": "animal.animal",
  "pk": 116,
  "fields": {
    "estado": "V",
    "caravana": "116",
    "caravana_madre": "",
    "carimbo": 5,
    "prenada": false,
    "categoria": 4,
    "raza": 2,
    "estado_sanitario": "E",
    "peso_especifico": null,
    "is_hembra": false,
    "lote": 4,
    "mortandad": null,
    "establecimiento": 1,
    "origen": "S",
    "detalle_compra": 1
  }
},
{
  "model": "animal.animal",
  "pk": 117,
  "fields": {
    "estado": "V",
    "caravana": "117",
    "caravana_madre": "",
    "carimbo": 5,
    "prenada": false,
    "categoria": 4,
    "raza": 2,
    "estado_sanitario": "E",
    "peso_especifico": null,
    "is_hembra": false,
    "lote": 4,
    "mortandad": null,
    "establecimiento": 1,
    "origen": "S",
    "detalle_compra": 1
  }
},
{
  "model": "animal.animal",
  "pk": 118,
  "fields": {
    "estado": "V",
    "caravana": "118",
    "caravana_madre": "",
    "carimbo": 5,
    "prenada": false,
    "categoria": 4,
    "raza": 2,
    "estado_sanitario": "E",
    "peso_especifico": null,
    "is_hembra": false,
    "lote": 4,
    "mortandad": null,
    "establecimiento": 1,
    "origen": "S",
    "detalle_compra": 1
  }
},
{
  "model": "animal.animal",
  "pk": 119,
  "fields": {
    "estado": "V",
    "caravana": "119",
    "caravana_madre": "",
    "carimbo": 5,
    "prenada": false,
    "categoria": 4,
    "raza": 2,
    "estado_sanitario": "E",
    "peso_especifico": null,
    "is_hembra": false,
    "lote": 4,
    "mortandad": null,
    "establecimiento": 1,
    "origen": "S",
    "detalle_compra": 1
  }
},
{
  "model": "animal.animal",
  "pk": 120,
  "fields": {
    "estado": "V",
    "caravana": "120",
    "caravana_madre": "",
    "carimbo": 5,
    "prenada": false,
    "categoria": 4,
    "raza": 2,
    "estado_sanitario": "E",
    "peso_especifico": null,
    "is_hembra": false,
    "lote": 4,
    "mortandad": null,
    "establecimiento": 1,
    "origen": "S",
    "detalle_compra": 1
  }
},
{
  "model": "animal.animal",
  "pk": 121,
  "fields": {
    "estado": "V",
    "caravana": "121",
    "caravana_madre": "",
    "carimbo": 5,
    "prenada": false,
    "categoria": 4,
    "raza": 2,
    "estado_sanitario": "E",
    "peso_especifico": null,
    "is_hembra": false,
    "lote": 4,
    "mortandad": null,
    "establecimiento": 1,
    "origen": "S",
    "detalle_compra": 1
  }
},
{
  "model": "animal.animal",
  "pk": 122,
  "fields": {
    "estado": "V",
    "caravana": "122",
    "caravana_madre": "",
    "carimbo": 5,
    "prenada": false,
    "categoria": 4,
    "raza": 2,
    "estado_sanitario": "E",
    "peso_especifico": null,
    "is_hembra": false,
    "lote": 4,
    "mortandad": null,
    "establecimiento": 1,
    "origen": "S",
    "detalle_compra": 1
  }
},
{
  "model": "animal.animal",
  "pk": 123,
  "fields": {
    "estado": "V",
    "caravana": "123",
    "caravana_madre": "",
    "carimbo": 5,
    "prenada": false,
    "categoria": 4,
    "raza": 2,
    "estado_sanitario": "E",
    "peso_especifico": null,
    "is_hembra": false,
    "lote": 4,
    "mortandad": null,
    "establecimiento": 1,
    "origen": "S",
    "detalle_compra": 1
  }
},
{
  "model": "animal.animal",
  "pk": 124,
  "fields": {
    "estado": "V",
    "caravana": "124",
    "caravana_madre": "",
    "carimbo": 5,
    "prenada": false,
    "categoria": 4,
    "raza": 2,
    "estado_sanitario": "E",
    "peso_especifico": null,
    "is_hembra": false,
    "lote": 4,
    "mortandad": null,
    "establecimiento": 1,
    "origen": "S",
    "detalle_compra": 1
  }
},
{
  "model": "animal.animal",
  "pk": 125,
  "fields": {
    "estado": "V",
    "caravana": "125",
    "caravana_madre": "",
    "carimbo": 5,
    "prenada": false,
    "categoria": 4,
    "raza": 2,
    "estado_sanitario": "E",
    "peso_especifico": null,
    "is_hembra": false,
    "lote": 4,
    "mortandad": null,
    "establecimiento": 1,
    "origen": "S",
    "detalle_compra": 1
  }
},
{
  "model": "animal.animal",
  "pk": 126,
  "fields": {
    "estado": "V",
    "caravana": "126",
    "caravana_madre": "",
    "carimbo": 5,
    "prenada": false,
    "categoria": 4,
    "raza": 2,
    "estado_sanitario": "E",
    "peso_especifico": null,
    "is_hembra": false,
    "lote": 4,
    "mortandad": null,
    "establecimiento": 1,
    "origen": "S",
    "detalle_compra": 1
  }
},
{
  "model": "animal.animal",
  "pk": 127,
  "fields": {
    "estado": "V",
    "caravana": "127",
    "caravana_madre": "",
    "carimbo": 5,
    "prenada": false,
    "categoria": 4,
    "raza": 2,
    "estado_sanitario": "E",
    "peso_especifico": null,
    "is_hembra": false,
    "lote": 4,
    "mortandad": null,
    "establecimiento": 1,
    "origen": "S",
    "detalle_compra": 1
  }
},
{
  "model": "animal.animal",
  "pk": 128,
  "fields": {
    "estado": "V",
    "caravana": "128",
    "caravana_madre": "",
    "carimbo": 5,
    "prenada": false,
    "categoria": 4,
    "raza": 2,
    "estado_sanitario": "E",
    "peso_especifico": null,
    "is_hembra": false,
    "lote": 4,
    "mortandad": null,
    "establecimiento": 1,
    "origen": "S",
    "detalle_compra": 1
  }
},
{
  "model": "animal.animal",
  "pk": 129,
  "fields": {
    "estado": "V",
    "caravana": "129",
    "caravana_madre": "",
    "carimbo": 5,
    "prenada": false,
    "categoria": 4,
    "raza": 2,
    "estado_sanitario": "E",
    "peso_especifico": null,
    "is_hembra": false,
    "lote": 4,
    "mortandad": null,
    "establecimiento": 1,
    "origen": "S",
    "detalle_compra": 1
  }
},
{
  "model": "animal.animal",
  "pk": 130,
  "fields": {
    "estado": "V",
    "caravana": "130",
    "caravana_madre": "",
    "carimbo": 5,
    "prenada": false,
    "categoria": 4,
    "raza": 2,
    "estado_sanitario": "E",
    "peso_especifico": null,
    "is_hembra": false,
    "lote": 4,
    "mortandad": null,
    "establecimiento": 1,
    "origen": "S",
    "detalle_compra": 1
  }
},
{
  "model": "lote.lote",
  "pk": 1,
  "fields": {
    "nombre": "Toros",
    "potrero": 1,
    "peso_promedio": 0.0,
    "establecimiento": 1,
    "is_venta": false
  }
},
{
  "model": "lote.lote",
  "pk": 2,
  "fields": {
    "nombre": "Desmamantes",
    "potrero": 2,
    "peso_promedio": 0.0,
    "establecimiento": 1,
    "is_venta": false
  }
},
{
  "model": "lote.lote",
  "pk": 3,
  "fields": {
    "nombre": "Vacas",
    "potrero": 3,
    "peso_promedio": 0.0,
    "establecimiento": 1,
    "is_venta": false
  }
},
{
  "model": "lote.lote",
  "pk": 4,
  "fields": {
    "nombre": "Novillos",
    "potrero": 4,
    "peso_promedio": 0.0,
    "establecimiento": 1,
    "is_venta": false
  }
},
{
  "model": "compra.compra",
  "pk": 1,
  "fields": {
    "establecimiento": 1,
    "cod_establecimiento_vendedor": "123",
    "nombre_vendedor": "Guillermo Macchi",
    "numero_guia": 123,
    "fecha_compra": "2016-06-19",
    "precio_total": 100000000,
    "fecha_creacion": "2016-07-19"
  }
},
{
  "model": "compra.detallecompra",
  "pk": 1,
  "fields": {
    "carimbo": 5,
    "cantidad": 100,
    "caravana_inicial": 31,
    "compra": 1,
    "categoria": 4,
    "raza": 2,
    "lote": 4
  }
},
{
  "model": "noticia.noticia",
  "pk": 1,
  "fields": {
    "titulo": "Expo Internacional 2016 - Dr. Luis Enrique Villasanti Kulman",
    "imagen": "images/_943_573_1383656ma0.JPG",
    "texto": "<p>La 35&ordf; edici&oacute;n de la Expo Internacional representa un orgullo para sus organizadores, ya que se constituye como el centro de la demostraci&oacute;n del trabajo, la honestidad, el patriotismo y progreso. La muestra representa un acontecimiento popular esperado no solo por empresarios, ganaderos, agricultores, comerciantes e industriales, sino tambi&eacute;n por todo el pueblo paraguayo.</p>",
    "fecha": "2016-07-19",
    "activo": true
  }
},
{
  "model": "noticia.noticia",
  "pk": 2,
  "fields": {
    "titulo": "Grandes Campeones de la Expo Mariano Roque Alonso 2016",
    "imagen": "images/_970_440_1383666ma0.jpg",
    "texto": "<p>Grandes Campeones de la Expo Mariano Roque Alonso 2016</p>",
    "fecha": "2016-07-19",
    "activo": false
  }
},
{
  "model": "noticia.noticia",
  "pk": 3,
  "fields": {
    "titulo": "El 6\u00ba Congreso Internacional de Reproducci\u00f3n Animal",
    "imagen": "images/_448_239_1369384.jpg",
    "texto": "<p>La consultora Gesti&oacute;n Ganadera se encuentra abocada en la realizaci&oacute;n del 6&ordm; Congreso Internacional de Reproducci&oacute;n Animal, con el lema: &ldquo;Nuevas tecnolog&iacute;as en Programas de Reproducci&oacute;n Animal&rdquo;. El mismo se llevar&aacute; a cabo los d&iacute;as 11 y 12 de agosto del corriente, en el Sal&oacute;n Teatro del Hotel Excelsior y est&aacute; dirigido a profesionales y estudiantes de las &aacute;reas de Veterinaria, Ing. Agron&oacute;mica, Administraci&oacute;n Agropecuaria/Rural, Ganaderos y afines. Cuenta con el apoyo de la Asociaci&oacute;n Rural del Paraguay (ARP).</p>",
    "fecha": "2016-07-19",
    "activo": true
  }
},
{
  "model": "auth.permission",
  "pk": 1,
  "fields": {
    "name": "Can add log entry",
    "content_type": 1,
    "codename": "add_logentry"
  }
},
{
  "model": "auth.permission",
  "pk": 2,
  "fields": {
    "name": "Can change log entry",
    "content_type": 1,
    "codename": "change_logentry"
  }
},
{
  "model": "auth.permission",
  "pk": 3,
  "fields": {
    "name": "Can delete log entry",
    "content_type": 1,
    "codename": "delete_logentry"
  }
},
{
  "model": "auth.permission",
  "pk": 4,
  "fields": {
    "name": "Can add permission",
    "content_type": 2,
    "codename": "add_permission"
  }
},
{
  "model": "auth.permission",
  "pk": 5,
  "fields": {
    "name": "Can change permission",
    "content_type": 2,
    "codename": "change_permission"
  }
},
{
  "model": "auth.permission",
  "pk": 6,
  "fields": {
    "name": "Can delete permission",
    "content_type": 2,
    "codename": "delete_permission"
  }
},
{
  "model": "auth.permission",
  "pk": 7,
  "fields": {
    "name": "Can add group",
    "content_type": 3,
    "codename": "add_group"
  }
},
{
  "model": "auth.permission",
  "pk": 8,
  "fields": {
    "name": "Can change group",
    "content_type": 3,
    "codename": "change_group"
  }
},
{
  "model": "auth.permission",
  "pk": 9,
  "fields": {
    "name": "Can delete group",
    "content_type": 3,
    "codename": "delete_group"
  }
},
{
  "model": "auth.permission",
  "pk": 10,
  "fields": {
    "name": "Can add user",
    "content_type": 4,
    "codename": "add_user"
  }
},
{
  "model": "auth.permission",
  "pk": 11,
  "fields": {
    "name": "Can change user",
    "content_type": 4,
    "codename": "change_user"
  }
},
{
  "model": "auth.permission",
  "pk": 12,
  "fields": {
    "name": "Can delete user",
    "content_type": 4,
    "codename": "delete_user"
  }
},
{
  "model": "auth.permission",
  "pk": 13,
  "fields": {
    "name": "Can add content type",
    "content_type": 5,
    "codename": "add_contenttype"
  }
},
{
  "model": "auth.permission",
  "pk": 14,
  "fields": {
    "name": "Can change content type",
    "content_type": 5,
    "codename": "change_contenttype"
  }
},
{
  "model": "auth.permission",
  "pk": 15,
  "fields": {
    "name": "Can delete content type",
    "content_type": 5,
    "codename": "delete_contenttype"
  }
},
{
  "model": "auth.permission",
  "pk": 16,
  "fields": {
    "name": "Can add session",
    "content_type": 6,
    "codename": "add_session"
  }
},
{
  "model": "auth.permission",
  "pk": 17,
  "fields": {
    "name": "Can change session",
    "content_type": 6,
    "codename": "change_session"
  }
},
{
  "model": "auth.permission",
  "pk": 18,
  "fields": {
    "name": "Can delete session",
    "content_type": 6,
    "codename": "delete_session"
  }
},
{
  "model": "auth.permission",
  "pk": 19,
  "fields": {
    "name": "Can add Token",
    "content_type": 7,
    "codename": "add_token"
  }
},
{
  "model": "auth.permission",
  "pk": 20,
  "fields": {
    "name": "Can change Token",
    "content_type": 7,
    "codename": "change_token"
  }
},
{
  "model": "auth.permission",
  "pk": 21,
  "fields": {
    "name": "Can delete Token",
    "content_type": 7,
    "codename": "delete_token"
  }
},
{
  "model": "auth.permission",
  "pk": 22,
  "fields": {
    "name": "Can add establecimiento",
    "content_type": 8,
    "codename": "add_establecimiento"
  }
},
{
  "model": "auth.permission",
  "pk": 23,
  "fields": {
    "name": "Can change establecimiento",
    "content_type": 8,
    "codename": "change_establecimiento"
  }
},
{
  "model": "auth.permission",
  "pk": 24,
  "fields": {
    "name": "Can delete establecimiento",
    "content_type": 8,
    "codename": "delete_establecimiento"
  }
},
{
  "model": "auth.permission",
  "pk": 25,
  "fields": {
    "name": "Can add potrero",
    "content_type": 9,
    "codename": "add_potrero"
  }
},
{
  "model": "auth.permission",
  "pk": 26,
  "fields": {
    "name": "Can change potrero",
    "content_type": 9,
    "codename": "change_potrero"
  }
},
{
  "model": "auth.permission",
  "pk": 27,
  "fields": {
    "name": "Can delete potrero",
    "content_type": 9,
    "codename": "delete_potrero"
  }
},
{
  "model": "auth.permission",
  "pk": 28,
  "fields": {
    "name": "Can add categoria",
    "content_type": 10,
    "codename": "add_categoria"
  }
},
{
  "model": "auth.permission",
  "pk": 29,
  "fields": {
    "name": "Can change categoria",
    "content_type": 10,
    "codename": "change_categoria"
  }
},
{
  "model": "auth.permission",
  "pk": 30,
  "fields": {
    "name": "Can delete categoria",
    "content_type": 10,
    "codename": "delete_categoria"
  }
},
{
  "model": "auth.permission",
  "pk": 31,
  "fields": {
    "name": "Can add raza",
    "content_type": 11,
    "codename": "add_raza"
  }
},
{
  "model": "auth.permission",
  "pk": 32,
  "fields": {
    "name": "Can change raza",
    "content_type": 11,
    "codename": "change_raza"
  }
},
{
  "model": "auth.permission",
  "pk": 33,
  "fields": {
    "name": "Can delete raza",
    "content_type": 11,
    "codename": "delete_raza"
  }
},
{
  "model": "auth.permission",
  "pk": 34,
  "fields": {
    "name": "Can add animal",
    "content_type": 12,
    "codename": "add_animal"
  }
},
{
  "model": "auth.permission",
  "pk": 35,
  "fields": {
    "name": "Can change animal",
    "content_type": 12,
    "codename": "change_animal"
  }
},
{
  "model": "auth.permission",
  "pk": 36,
  "fields": {
    "name": "Can delete animal",
    "content_type": 12,
    "codename": "delete_animal"
  }
},
{
  "model": "auth.permission",
  "pk": 37,
  "fields": {
    "name": "Can add lote",
    "content_type": 13,
    "codename": "add_lote"
  }
},
{
  "model": "auth.permission",
  "pk": 38,
  "fields": {
    "name": "Can change lote",
    "content_type": 13,
    "codename": "change_lote"
  }
},
{
  "model": "auth.permission",
  "pk": 39,
  "fields": {
    "name": "Can delete lote",
    "content_type": 13,
    "codename": "delete_lote"
  }
},
{
  "model": "auth.permission",
  "pk": 40,
  "fields": {
    "name": "Can add mortandad",
    "content_type": 14,
    "codename": "add_mortandad"
  }
},
{
  "model": "auth.permission",
  "pk": 41,
  "fields": {
    "name": "Can change mortandad",
    "content_type": 14,
    "codename": "change_mortandad"
  }
},
{
  "model": "auth.permission",
  "pk": 42,
  "fields": {
    "name": "Can delete mortandad",
    "content_type": 14,
    "codename": "delete_mortandad"
  }
},
{
  "model": "auth.permission",
  "pk": 43,
  "fields": {
    "name": "Can add nutricion",
    "content_type": 15,
    "codename": "add_nutricion"
  }
},
{
  "model": "auth.permission",
  "pk": 44,
  "fields": {
    "name": "Can change nutricion",
    "content_type": 15,
    "codename": "change_nutricion"
  }
},
{
  "model": "auth.permission",
  "pk": 45,
  "fields": {
    "name": "Can delete nutricion",
    "content_type": 15,
    "codename": "delete_nutricion"
  }
},
{
  "model": "auth.permission",
  "pk": 46,
  "fields": {
    "name": "Can add compra",
    "content_type": 16,
    "codename": "add_compra"
  }
},
{
  "model": "auth.permission",
  "pk": 47,
  "fields": {
    "name": "Can change compra",
    "content_type": 16,
    "codename": "change_compra"
  }
},
{
  "model": "auth.permission",
  "pk": 48,
  "fields": {
    "name": "Can delete compra",
    "content_type": 16,
    "codename": "delete_compra"
  }
},
{
  "model": "auth.permission",
  "pk": 49,
  "fields": {
    "name": "Can add detalle compra",
    "content_type": 17,
    "codename": "add_detallecompra"
  }
},
{
  "model": "auth.permission",
  "pk": 50,
  "fields": {
    "name": "Can change detalle compra",
    "content_type": 17,
    "codename": "change_detallecompra"
  }
},
{
  "model": "auth.permission",
  "pk": 51,
  "fields": {
    "name": "Can delete detalle compra",
    "content_type": 17,
    "codename": "delete_detallecompra"
  }
},
{
  "model": "auth.permission",
  "pk": 52,
  "fields": {
    "name": "Can add evento",
    "content_type": 18,
    "codename": "add_evento"
  }
},
{
  "model": "auth.permission",
  "pk": 53,
  "fields": {
    "name": "Can change evento",
    "content_type": 18,
    "codename": "change_evento"
  }
},
{
  "model": "auth.permission",
  "pk": 54,
  "fields": {
    "name": "Can delete evento",
    "content_type": 18,
    "codename": "delete_evento"
  }
},
{
  "model": "auth.permission",
  "pk": 55,
  "fields": {
    "name": "Can add evento establecimiento",
    "content_type": 19,
    "codename": "add_eventoestablecimiento"
  }
},
{
  "model": "auth.permission",
  "pk": 56,
  "fields": {
    "name": "Can change evento establecimiento",
    "content_type": 19,
    "codename": "change_eventoestablecimiento"
  }
},
{
  "model": "auth.permission",
  "pk": 57,
  "fields": {
    "name": "Can delete evento establecimiento",
    "content_type": 19,
    "codename": "delete_eventoestablecimiento"
  }
},
{
  "model": "auth.permission",
  "pk": 58,
  "fields": {
    "name": "Can add registro",
    "content_type": 20,
    "codename": "add_registro"
  }
},
{
  "model": "auth.permission",
  "pk": 59,
  "fields": {
    "name": "Can change registro",
    "content_type": 20,
    "codename": "change_registro"
  }
},
{
  "model": "auth.permission",
  "pk": 60,
  "fields": {
    "name": "Can delete registro",
    "content_type": 20,
    "codename": "delete_registro"
  }
},
{
  "model": "auth.permission",
  "pk": 61,
  "fields": {
    "name": "Can add empleado",
    "content_type": 21,
    "codename": "add_empleado"
  }
},
{
  "model": "auth.permission",
  "pk": 62,
  "fields": {
    "name": "Can change empleado",
    "content_type": 21,
    "codename": "change_empleado"
  }
},
{
  "model": "auth.permission",
  "pk": 63,
  "fields": {
    "name": "Can delete empleado",
    "content_type": 21,
    "codename": "delete_empleado"
  }
},
{
  "model": "auth.permission",
  "pk": 64,
  "fields": {
    "name": "Can add contratista",
    "content_type": 22,
    "codename": "add_contratista"
  }
},
{
  "model": "auth.permission",
  "pk": 65,
  "fields": {
    "name": "Can change contratista",
    "content_type": 22,
    "codename": "change_contratista"
  }
},
{
  "model": "auth.permission",
  "pk": 66,
  "fields": {
    "name": "Can delete contratista",
    "content_type": 22,
    "codename": "delete_contratista"
  }
},
{
  "model": "auth.permission",
  "pk": 67,
  "fields": {
    "name": "Can add noticia",
    "content_type": 23,
    "codename": "add_noticia"
  }
},
{
  "model": "auth.permission",
  "pk": 68,
  "fields": {
    "name": "Can change noticia",
    "content_type": 23,
    "codename": "change_noticia"
  }
},
{
  "model": "auth.permission",
  "pk": 69,
  "fields": {
    "name": "Can delete noticia",
    "content_type": 23,
    "codename": "delete_noticia"
  }
},
{
  "model": "auth.permission",
  "pk": 70,
  "fields": {
    "name": "Can add venta",
    "content_type": 24,
    "codename": "add_venta"
  }
},
{
  "model": "auth.permission",
  "pk": 71,
  "fields": {
    "name": "Can change venta",
    "content_type": 24,
    "codename": "change_venta"
  }
},
{
  "model": "auth.permission",
  "pk": 72,
  "fields": {
    "name": "Can delete venta",
    "content_type": 24,
    "codename": "delete_venta"
  }
},
{
  "model": "auth.user",
  "pk": 1,
  "fields": {
    "password": "pbkdf2_sha256$24000$HksokexeI6ex$3VXfZ5Px837byrkB2pCI9S16sXwYC1/RdRKH5fkH83c=",
    "last_login": "2016-07-19T14:11:48.179Z",
    "is_superuser": true,
    "username": "gmacchi",
    "first_name": "Guillermo",
    "last_name": "Macchi",
    "email": "guillemacchi01@gmail.com",
    "is_staff": true,
    "is_active": true,
    "date_joined": "2016-07-19T12:40:42Z",
    "groups": [],
    "user_permissions": []
  }
},
{
  "model": "auth.user",
  "pk": 2,
  "fields": {
    "password": "pbkdf2_sha256$24000$9yjxTQOqcIMv$1AsHTCwVCjgs7ri6npFXkorLfSWVIuRcUFDTTb3ZgZc=",
    "last_login": "2016-07-19T14:11:24.299Z",
    "is_superuser": true,
    "username": "admin",
    "first_name": "",
    "last_name": "",
    "email": "",
    "is_staff": true,
    "is_active": true,
    "date_joined": "2016-07-19T14:10:28.807Z",
    "groups": [],
    "user_permissions": []
  }
},
{
  "model": "establecimiento.establecimiento",
  "pk": 1,
  "fields": {
    "nombre": "Prueba",
    "owner": 1,
    "estado": "A",
    "fecha_expiracion": "2016-07-24",
    "miembros": []
  }
},
{
  "model": "admin.logentry",
  "pk": 1,
  "fields": {
    "action_time": "2016-07-19T14:11:34.747Z",
    "user": 2,
    "content_type": 4,
    "object_id": "1",
    "object_repr": "gmacchi",
    "action_flag": 2,
    "change_message": "Modificado/a is_staff y is_superuser."
  }
},
{
  "model": "admin.logentry",
  "pk": 2,
  "fields": {
    "action_time": "2016-07-19T14:13:06.167Z",
    "user": 1,
    "content_type": 23,
    "object_id": "1",
    "object_repr": "Expo Internacional 2016 - Dr. Luis Enrique Villasanti Kulman",
    "action_flag": 1,
    "change_message": "A\u00f1adido."
  }
},
{
  "model": "admin.logentry",
  "pk": 3,
  "fields": {
    "action_time": "2016-07-19T14:43:20.920Z",
    "user": 1,
    "content_type": 23,
    "object_id": "2",
    "object_repr": "Grandes Campeones de la Expo Mariano Roque Alonso 2016",
    "action_flag": 1,
    "change_message": "A\u00f1adido."
  }
},
{
  "model": "admin.logentry",
  "pk": 4,
  "fields": {
    "action_time": "2016-07-19T14:45:12.933Z",
    "user": 1,
    "content_type": 23,
    "object_id": "3",
    "object_repr": "El 6\u00ba Congreso Internacional de Reproducci\u00f3n Animal",
    "action_flag": 1,
    "change_message": "A\u00f1adido."
  }
},
{
  "model": "admin.logentry",
  "pk": 5,
  "fields": {
    "action_time": "2016-07-19T14:47:06.009Z",
    "user": 1,
    "content_type": 10,
    "object_id": "1",
    "object_repr": "Ternera",
    "action_flag": 1,
    "change_message": "A\u00f1adido."
  }
},
{
  "model": "admin.logentry",
  "pk": 6,
  "fields": {
    "action_time": "2016-07-19T14:47:18.595Z",
    "user": 1,
    "content_type": 10,
    "object_id": "2",
    "object_repr": "Ternero",
    "action_flag": 1,
    "change_message": "A\u00f1adido."
  }
},
{
  "model": "admin.logentry",
  "pk": 7,
  "fields": {
    "action_time": "2016-07-19T14:47:26.698Z",
    "user": 1,
    "content_type": 10,
    "object_id": "3",
    "object_repr": "Toro",
    "action_flag": 1,
    "change_message": "A\u00f1adido."
  }
},
{
  "model": "admin.logentry",
  "pk": 8,
  "fields": {
    "action_time": "2016-07-19T14:47:34.931Z",
    "user": 1,
    "content_type": 10,
    "object_id": "4",
    "object_repr": "Novillo",
    "action_flag": 1,
    "change_message": "A\u00f1adido."
  }
},
{
  "model": "admin.logentry",
  "pk": 9,
  "fields": {
    "action_time": "2016-07-19T14:47:54.074Z",
    "user": 1,
    "content_type": 10,
    "object_id": "5",
    "object_repr": "Desm.hembra",
    "action_flag": 1,
    "change_message": "A\u00f1adido."
  }
},
{
  "model": "admin.logentry",
  "pk": 10,
  "fields": {
    "action_time": "2016-07-19T14:48:10.723Z",
    "user": 1,
    "content_type": 10,
    "object_id": "6",
    "object_repr": "Desm. macho",
    "action_flag": 1,
    "change_message": "A\u00f1adido."
  }
},
{
  "model": "admin.logentry",
  "pk": 11,
  "fields": {
    "action_time": "2016-07-19T14:48:16.287Z",
    "user": 1,
    "content_type": 10,
    "object_id": "5",
    "object_repr": "Desm. hembra",
    "action_flag": 2,
    "change_message": "Modificado/a nombre y is_hembra."
  }
},
{
  "model": "admin.logentry",
  "pk": 12,
  "fields": {
    "action_time": "2016-07-19T14:48:31.921Z",
    "user": 1,
    "content_type": 10,
    "object_id": "7",
    "object_repr": "Vaca",
    "action_flag": 1,
    "change_message": "A\u00f1adido."
  }
},
{
  "model": "admin.logentry",
  "pk": 13,
  "fields": {
    "action_time": "2016-07-19T14:48:45.176Z",
    "user": 1,
    "content_type": 11,
    "object_id": "1",
    "object_repr": "Brahman",
    "action_flag": 1,
    "change_message": "A\u00f1adido."
  }
},
{
  "model": "admin.logentry",
  "pk": 14,
  "fields": {
    "action_time": "2016-07-19T14:48:48.556Z",
    "user": 1,
    "content_type": 11,
    "object_id": "2",
    "object_repr": "Angus",
    "action_flag": 1,
    "change_message": "A\u00f1adido."
  }
},
{
  "model": "admin.logentry",
  "pk": 15,
  "fields": {
    "action_time": "2016-07-19T14:48:51.712Z",
    "user": 1,
    "content_type": 11,
    "object_id": "3",
    "object_repr": "Braford",
    "action_flag": 1,
    "change_message": "A\u00f1adido."
  }
},
{
  "model": "admin.logentry",
  "pk": 16,
  "fields": {
    "action_time": "2016-07-19T14:48:55.404Z",
    "user": 1,
    "content_type": 11,
    "object_id": "4",
    "object_repr": "Brangus",
    "action_flag": 1,
    "change_message": "A\u00f1adido."
  }
},
{
  "model": "admin.logentry",
  "pk": 17,
  "fields": {
    "action_time": "2016-07-19T14:48:59.146Z",
    "user": 1,
    "content_type": 11,
    "object_id": "5",
    "object_repr": "Nelore",
    "action_flag": 1,
    "change_message": "A\u00f1adido."
  }
}
]
