[
{
  "model": "contenttypes.contenttype",
  "pk": 1,
  "fields": {
    "app_label": "admin",
    "model": "logentry"
  }
},
{
  "model": "contenttypes.contenttype",
  "pk": 2,
  "fields": {
    "app_label": "auth",
    "model": "permission"
  }
},
{
  "model": "contenttypes.contenttype",
  "pk": 3,
  "fields": {
    "app_label": "auth",
    "model": "group"
  }
},
{
  "model": "contenttypes.contenttype",
  "pk": 4,
  "fields": {
    "app_label": "auth",
    "model": "user"
  }
},
{
  "model": "contenttypes.contenttype",
  "pk": 5,
  "fields": {
    "app_label": "contenttypes",
    "model": "contenttype"
  }
},
{
  "model": "contenttypes.contenttype",
  "pk": 6,
  "fields": {
    "app_label": "sessions",
    "model": "session"
  }
},
{
  "model": "contenttypes.contenttype",
  "pk": 7,
  "fields": {
    "app_label": "establecimiento",
    "model": "establecimiento"
  }
},
{
  "model": "contenttypes.contenttype",
  "pk": 8,
  "fields": {
    "app_label": "potrero",
    "model": "potrero"
  }
},
{
  "model": "contenttypes.contenttype",
  "pk": 9,
  "fields": {
    "app_label": "configuracion",
    "model": "categoria"
  }
},
{
  "model": "contenttypes.contenttype",
  "pk": 10,
  "fields": {
    "app_label": "configuracion",
    "model": "raza"
  }
},
{
  "model": "contenttypes.contenttype",
  "pk": 11,
  "fields": {
    "app_label": "animal",
    "model": "animal"
  }
},
{
  "model": "contenttypes.contenttype",
  "pk": 12,
  "fields": {
    "app_label": "lote",
    "model": "lote"
  }
},
{
  "model": "contenttypes.contenttype",
  "pk": 13,
  "fields": {
    "app_label": "authtoken",
    "model": "token"
  }
},
{
  "model": "contenttypes.contenttype",
  "pk": 14,
  "fields": {
    "app_label": "corsheaders",
    "model": "corsmodel"
  }
},
{
  "model": "contenttypes.contenttype",
  "pk": 15,
  "fields": {
    "app_label": "mortandad",
    "model": "mortandad"
  }
},
{
  "model": "contenttypes.contenttype",
  "pk": 16,
  "fields": {
    "app_label": "nutricion",
    "model": "nutricion"
  }
},
{
  "model": "contenttypes.contenttype",
  "pk": 17,
  "fields": {
    "app_label": "compra",
    "model": "compra"
  }
},
{
  "model": "contenttypes.contenttype",
  "pk": 18,
  "fields": {
    "app_label": "compra",
    "model": "detallecompra"
  }
},
{
  "model": "contenttypes.contenttype",
  "pk": 19,
  "fields": {
    "app_label": "sanitacion",
    "model": "evento"
  }
},
{
  "model": "contenttypes.contenttype",
  "pk": 20,
  "fields": {
    "app_label": "sanitacion",
    "model": "eventoestablecimiento"
  }
},
{
  "model": "contenttypes.contenttype",
  "pk": 21,
  "fields": {
    "app_label": "sites",
    "model": "site"
  }
},
{
  "model": "sessions.session",
  "pk": "02bwzk3f8xbdxpgaie56icrl9kzuc4x9",
  "fields": {
    "session_data": "N2UyMGExYmQ2ODI5MGRjZmZmODZkN2Q1Mzg0MWNiZGM4MjIzMTA4Zjp7Il9hdXRoX3VzZXJfaGFzaCI6ImNjOTE2YzZhYTQ3ZWM2Yzk1ZTgxOWQ2OGM5NWQ2NDJiNDYzZjcyNzYiLCJfYXV0aF91c2VyX2JhY2tlbmQiOiJkamFuZ28uY29udHJpYi5hdXRoLmJhY2tlbmRzLk1vZGVsQmFja2VuZCIsIl9hdXRoX3VzZXJfaWQiOiIxIn0=",
    "expire_date": "2016-06-01T00:48:16.383Z"
  }
},
{
  "model": "sessions.session",
  "pk": "02fadzxwg7hb6az3uxiy4kglrhhwsxtl",
  "fields": {
    "session_data": "N2UyMGExYmQ2ODI5MGRjZmZmODZkN2Q1Mzg0MWNiZGM4MjIzMTA4Zjp7Il9hdXRoX3VzZXJfaGFzaCI6ImNjOTE2YzZhYTQ3ZWM2Yzk1ZTgxOWQ2OGM5NWQ2NDJiNDYzZjcyNzYiLCJfYXV0aF91c2VyX2JhY2tlbmQiOiJkamFuZ28uY29udHJpYi5hdXRoLmJhY2tlbmRzLk1vZGVsQmFja2VuZCIsIl9hdXRoX3VzZXJfaWQiOiIxIn0=",
    "expire_date": "2016-05-17T19:12:36.220Z"
  }
},
{
  "model": "sessions.session",
  "pk": "0674mg8ptx6fri91z3fl17iyc4hgvxsg",
  "fields": {
    "session_data": "N2UyMGExYmQ2ODI5MGRjZmZmODZkN2Q1Mzg0MWNiZGM4MjIzMTA4Zjp7Il9hdXRoX3VzZXJfaGFzaCI6ImNjOTE2YzZhYTQ3ZWM2Yzk1ZTgxOWQ2OGM5NWQ2NDJiNDYzZjcyNzYiLCJfYXV0aF91c2VyX2JhY2tlbmQiOiJkamFuZ28uY29udHJpYi5hdXRoLmJhY2tlbmRzLk1vZGVsQmFja2VuZCIsIl9hdXRoX3VzZXJfaWQiOiIxIn0=",
    "expire_date": "2016-05-17T15:08:18.980Z"
  }
},
{
  "model": "sessions.session",
  "pk": "07tx3yr2ovvuumtugxnyao4rbtm2gq2w",
  "fields": {
    "session_data": "N2UyMGExYmQ2ODI5MGRjZmZmODZkN2Q1Mzg0MWNiZGM4MjIzMTA4Zjp7Il9hdXRoX3VzZXJfaGFzaCI6ImNjOTE2YzZhYTQ3ZWM2Yzk1ZTgxOWQ2OGM5NWQ2NDJiNDYzZjcyNzYiLCJfYXV0aF91c2VyX2JhY2tlbmQiOiJkamFuZ28uY29udHJpYi5hdXRoLmJhY2tlbmRzLk1vZGVsQmFja2VuZCIsIl9hdXRoX3VzZXJfaWQiOiIxIn0=",
    "expire_date": "2016-05-31T18:25:10.177Z"
  }
},
{
  "model": "sessions.session",
  "pk": "0cay0ejsvbekmcchy64h96vtpcby366a",
  "fields": {
    "session_data": "N2UyMGExYmQ2ODI5MGRjZmZmODZkN2Q1Mzg0MWNiZGM4MjIzMTA4Zjp7Il9hdXRoX3VzZXJfaGFzaCI6ImNjOTE2YzZhYTQ3ZWM2Yzk1ZTgxOWQ2OGM5NWQ2NDJiNDYzZjcyNzYiLCJfYXV0aF91c2VyX2JhY2tlbmQiOiJkamFuZ28uY29udHJpYi5hdXRoLmJhY2tlbmRzLk1vZGVsQmFja2VuZCIsIl9hdXRoX3VzZXJfaWQiOiIxIn0=",
    "expire_date": "2016-05-26T21:40:56.365Z"
  }
},
{
  "model": "sessions.session",
  "pk": "0g4s7jpvis2alpaux6r7o7xflcfqlgl4",
  "fields": {
    "session_data": "N2UyMGExYmQ2ODI5MGRjZmZmODZkN2Q1Mzg0MWNiZGM4MjIzMTA4Zjp7Il9hdXRoX3VzZXJfaGFzaCI6ImNjOTE2YzZhYTQ3ZWM2Yzk1ZTgxOWQ2OGM5NWQ2NDJiNDYzZjcyNzYiLCJfYXV0aF91c2VyX2JhY2tlbmQiOiJkamFuZ28uY29udHJpYi5hdXRoLmJhY2tlbmRzLk1vZGVsQmFja2VuZCIsIl9hdXRoX3VzZXJfaWQiOiIxIn0=",
    "expire_date": "2016-05-30T20:33:50.707Z"
  }
},
{
  "model": "sessions.session",
  "pk": "0idslhmdi5kbyqdnt33o9qacij1tw01q",
  "fields": {
    "session_data": "NjU4NGYwYzViYmNjYWQzODE0Y2U5NDBjMjQ1NDIxNTZiMDMyYzFhMTp7Il9hdXRoX3VzZXJfaGFzaCI6Ijc2NGY0OTJiODkzYTk1NDM0NjAwMDllMjdkMDRiZTA5ZWE3OWU5OWUiLCJfYXV0aF91c2VyX2JhY2tlbmQiOiJkamFuZ28uY29udHJpYi5hdXRoLmJhY2tlbmRzLk1vZGVsQmFja2VuZCIsIl9hdXRoX3VzZXJfaWQiOiIyIn0=",
    "expire_date": "2016-05-27T19:05:01.567Z"
  }
},
{
  "model": "sessions.session",
  "pk": "0l7fa8h0001nlc6ja0lp6q7vnd57n30t",
  "fields": {
    "session_data": "N2UyMGExYmQ2ODI5MGRjZmZmODZkN2Q1Mzg0MWNiZGM4MjIzMTA4Zjp7Il9hdXRoX3VzZXJfaGFzaCI6ImNjOTE2YzZhYTQ3ZWM2Yzk1ZTgxOWQ2OGM5NWQ2NDJiNDYzZjcyNzYiLCJfYXV0aF91c2VyX2JhY2tlbmQiOiJkamFuZ28uY29udHJpYi5hdXRoLmJhY2tlbmRzLk1vZGVsQmFja2VuZCIsIl9hdXRoX3VzZXJfaWQiOiIxIn0=",
    "expire_date": "2016-05-17T15:44:00.680Z"
  }
},
{
  "model": "sessions.session",
  "pk": "0ngbls000iyoyngw7zduggeauistwguv",
  "fields": {
    "session_data": "N2UyMGExYmQ2ODI5MGRjZmZmODZkN2Q1Mzg0MWNiZGM4MjIzMTA4Zjp7Il9hdXRoX3VzZXJfaGFzaCI6ImNjOTE2YzZhYTQ3ZWM2Yzk1ZTgxOWQ2OGM5NWQ2NDJiNDYzZjcyNzYiLCJfYXV0aF91c2VyX2JhY2tlbmQiOiJkamFuZ28uY29udHJpYi5hdXRoLmJhY2tlbmRzLk1vZGVsQmFja2VuZCIsIl9hdXRoX3VzZXJfaWQiOiIxIn0=",
    "expire_date": "2016-06-01T01:13:03.845Z"
  }
},
{
  "model": "sessions.session",
  "pk": "0nnrnq32stcqnuluit86olb833mybz4z",
  "fields": {
    "session_data": "N2UyMGExYmQ2ODI5MGRjZmZmODZkN2Q1Mzg0MWNiZGM4MjIzMTA4Zjp7Il9hdXRoX3VzZXJfaGFzaCI6ImNjOTE2YzZhYTQ3ZWM2Yzk1ZTgxOWQ2OGM5NWQ2NDJiNDYzZjcyNzYiLCJfYXV0aF91c2VyX2JhY2tlbmQiOiJkamFuZ28uY29udHJpYi5hdXRoLmJhY2tlbmRzLk1vZGVsQmFja2VuZCIsIl9hdXRoX3VzZXJfaWQiOiIxIn0=",
    "expire_date": "2016-05-17T16:09:22.388Z"
  }
},
{
  "model": "sessions.session",
  "pk": "0wf5yr4mha9lu3iw2jcvdcgx821sa9lv",
  "fields": {
    "session_data": "N2UyMGExYmQ2ODI5MGRjZmZmODZkN2Q1Mzg0MWNiZGM4MjIzMTA4Zjp7Il9hdXRoX3VzZXJfaGFzaCI6ImNjOTE2YzZhYTQ3ZWM2Yzk1ZTgxOWQ2OGM5NWQ2NDJiNDYzZjcyNzYiLCJfYXV0aF91c2VyX2JhY2tlbmQiOiJkamFuZ28uY29udHJpYi5hdXRoLmJhY2tlbmRzLk1vZGVsQmFja2VuZCIsIl9hdXRoX3VzZXJfaWQiOiIxIn0=",
    "expire_date": "2016-05-27T21:32:10.583Z"
  }
},
{
  "model": "sessions.session",
  "pk": "1caty0tl7sciv9dsc11ddw9pno4c08sm",
  "fields": {
    "session_data": "N2UyMGExYmQ2ODI5MGRjZmZmODZkN2Q1Mzg0MWNiZGM4MjIzMTA4Zjp7Il9hdXRoX3VzZXJfaGFzaCI6ImNjOTE2YzZhYTQ3ZWM2Yzk1ZTgxOWQ2OGM5NWQ2NDJiNDYzZjcyNzYiLCJfYXV0aF91c2VyX2JhY2tlbmQiOiJkamFuZ28uY29udHJpYi5hdXRoLmJhY2tlbmRzLk1vZGVsQmFja2VuZCIsIl9hdXRoX3VzZXJfaWQiOiIxIn0=",
    "expire_date": "2016-05-26T21:37:22.325Z"
  }
},
{
  "model": "sessions.session",
  "pk": "1f4h6al9ad6zfzdpnlr74i4kj7wzyyn0",
  "fields": {
    "session_data": "N2UyMGExYmQ2ODI5MGRjZmZmODZkN2Q1Mzg0MWNiZGM4MjIzMTA4Zjp7Il9hdXRoX3VzZXJfaGFzaCI6ImNjOTE2YzZhYTQ3ZWM2Yzk1ZTgxOWQ2OGM5NWQ2NDJiNDYzZjcyNzYiLCJfYXV0aF91c2VyX2JhY2tlbmQiOiJkamFuZ28uY29udHJpYi5hdXRoLmJhY2tlbmRzLk1vZGVsQmFja2VuZCIsIl9hdXRoX3VzZXJfaWQiOiIxIn0=",
    "expire_date": "2016-06-01T02:24:15.213Z"
  }
},
{
  "model": "sessions.session",
  "pk": "1itire0wn0cxffhqysqtg3ba6q4gmn60",
  "fields": {
    "session_data": "N2UyMGExYmQ2ODI5MGRjZmZmODZkN2Q1Mzg0MWNiZGM4MjIzMTA4Zjp7Il9hdXRoX3VzZXJfaGFzaCI6ImNjOTE2YzZhYTQ3ZWM2Yzk1ZTgxOWQ2OGM5NWQ2NDJiNDYzZjcyNzYiLCJfYXV0aF91c2VyX2JhY2tlbmQiOiJkamFuZ28uY29udHJpYi5hdXRoLmJhY2tlbmRzLk1vZGVsQmFja2VuZCIsIl9hdXRoX3VzZXJfaWQiOiIxIn0=",
    "expire_date": "2016-05-30T21:58:14.689Z"
  }
},
{
  "model": "sessions.session",
  "pk": "1r7hy6lcrv0u5bc26kutof8uga5gtk3x",
  "fields": {
    "session_data": "NjU4NGYwYzViYmNjYWQzODE0Y2U5NDBjMjQ1NDIxNTZiMDMyYzFhMTp7Il9hdXRoX3VzZXJfaGFzaCI6Ijc2NGY0OTJiODkzYTk1NDM0NjAwMDllMjdkMDRiZTA5ZWE3OWU5OWUiLCJfYXV0aF91c2VyX2JhY2tlbmQiOiJkamFuZ28uY29udHJpYi5hdXRoLmJhY2tlbmRzLk1vZGVsQmFja2VuZCIsIl9hdXRoX3VzZXJfaWQiOiIyIn0=",
    "expire_date": "2016-05-27T19:12:22.883Z"
  }
},
{
  "model": "sessions.session",
  "pk": "1tunsq5ea5r7u0qfr303rs7b4v7areyy",
  "fields": {
    "session_data": "N2UyMGExYmQ2ODI5MGRjZmZmODZkN2Q1Mzg0MWNiZGM4MjIzMTA4Zjp7Il9hdXRoX3VzZXJfaGFzaCI6ImNjOTE2YzZhYTQ3ZWM2Yzk1ZTgxOWQ2OGM5NWQ2NDJiNDYzZjcyNzYiLCJfYXV0aF91c2VyX2JhY2tlbmQiOiJkamFuZ28uY29udHJpYi5hdXRoLmJhY2tlbmRzLk1vZGVsQmFja2VuZCIsIl9hdXRoX3VzZXJfaWQiOiIxIn0=",
    "expire_date": "2016-05-27T19:44:49.130Z"
  }
},
{
  "model": "sessions.session",
  "pk": "1uw4svfr3a11t10oc41r872if0tl5aap",
  "fields": {
    "session_data": "NjU4NGYwYzViYmNjYWQzODE0Y2U5NDBjMjQ1NDIxNTZiMDMyYzFhMTp7Il9hdXRoX3VzZXJfaGFzaCI6Ijc2NGY0OTJiODkzYTk1NDM0NjAwMDllMjdkMDRiZTA5ZWE3OWU5OWUiLCJfYXV0aF91c2VyX2JhY2tlbmQiOiJkamFuZ28uY29udHJpYi5hdXRoLmJhY2tlbmRzLk1vZGVsQmFja2VuZCIsIl9hdXRoX3VzZXJfaWQiOiIyIn0=",
    "expire_date": "2016-05-27T19:07:34.222Z"
  }
},
{
  "model": "sessions.session",
  "pk": "1yu34ygh6dmf4r6flef6748on9s4z9zl",
  "fields": {
    "session_data": "N2UyMGExYmQ2ODI5MGRjZmZmODZkN2Q1Mzg0MWNiZGM4MjIzMTA4Zjp7Il9hdXRoX3VzZXJfaGFzaCI6ImNjOTE2YzZhYTQ3ZWM2Yzk1ZTgxOWQ2OGM5NWQ2NDJiNDYzZjcyNzYiLCJfYXV0aF91c2VyX2JhY2tlbmQiOiJkamFuZ28uY29udHJpYi5hdXRoLmJhY2tlbmRzLk1vZGVsQmFja2VuZCIsIl9hdXRoX3VzZXJfaWQiOiIxIn0=",
    "expire_date": "2016-06-07T18:24:59.804Z"
  }
},
{
  "model": "sessions.session",
  "pk": "213cmx6psxpeclwfsay4qwlemue76ia4",
  "fields": {
    "session_data": "N2UyMGExYmQ2ODI5MGRjZmZmODZkN2Q1Mzg0MWNiZGM4MjIzMTA4Zjp7Il9hdXRoX3VzZXJfaGFzaCI6ImNjOTE2YzZhYTQ3ZWM2Yzk1ZTgxOWQ2OGM5NWQ2NDJiNDYzZjcyNzYiLCJfYXV0aF91c2VyX2JhY2tlbmQiOiJkamFuZ28uY29udHJpYi5hdXRoLmJhY2tlbmRzLk1vZGVsQmFja2VuZCIsIl9hdXRoX3VzZXJfaWQiOiIxIn0=",
    "expire_date": "2016-05-27T21:43:09.246Z"
  }
},
{
  "model": "sessions.session",
  "pk": "26zp9hwnfwr4gr8sor42z7hz3a5vfnes",
  "fields": {
    "session_data": "N2UyMGExYmQ2ODI5MGRjZmZmODZkN2Q1Mzg0MWNiZGM4MjIzMTA4Zjp7Il9hdXRoX3VzZXJfaGFzaCI6ImNjOTE2YzZhYTQ3ZWM2Yzk1ZTgxOWQ2OGM5NWQ2NDJiNDYzZjcyNzYiLCJfYXV0aF91c2VyX2JhY2tlbmQiOiJkamFuZ28uY29udHJpYi5hdXRoLmJhY2tlbmRzLk1vZGVsQmFja2VuZCIsIl9hdXRoX3VzZXJfaWQiOiIxIn0=",
    "expire_date": "2016-05-31T21:52:42.710Z"
  }
},
{
  "model": "sessions.session",
  "pk": "27obqxa6z1gxr87fglhkk2hihlcxpwrd",
  "fields": {
    "session_data": "N2UyMGExYmQ2ODI5MGRjZmZmODZkN2Q1Mzg0MWNiZGM4MjIzMTA4Zjp7Il9hdXRoX3VzZXJfaGFzaCI6ImNjOTE2YzZhYTQ3ZWM2Yzk1ZTgxOWQ2OGM5NWQ2NDJiNDYzZjcyNzYiLCJfYXV0aF91c2VyX2JhY2tlbmQiOiJkamFuZ28uY29udHJpYi5hdXRoLmJhY2tlbmRzLk1vZGVsQmFja2VuZCIsIl9hdXRoX3VzZXJfaWQiOiIxIn0=",
    "expire_date": "2016-05-30T23:24:08.378Z"
  }
},
{
  "model": "sessions.session",
  "pk": "2bfwm117o1uw4vy2706cwjqeqzu5qwxc",
  "fields": {
    "session_data": "N2UyMGExYmQ2ODI5MGRjZmZmODZkN2Q1Mzg0MWNiZGM4MjIzMTA4Zjp7Il9hdXRoX3VzZXJfaGFzaCI6ImNjOTE2YzZhYTQ3ZWM2Yzk1ZTgxOWQ2OGM5NWQ2NDJiNDYzZjcyNzYiLCJfYXV0aF91c2VyX2JhY2tlbmQiOiJkamFuZ28uY29udHJpYi5hdXRoLmJhY2tlbmRzLk1vZGVsQmFja2VuZCIsIl9hdXRoX3VzZXJfaWQiOiIxIn0=",
    "expire_date": "2016-05-31T21:27:57.416Z"
  }
},
{
  "model": "sessions.session",
  "pk": "2ila6gwymyev4ruyj5bley491vfwgyzt",
  "fields": {
    "session_data": "N2UyMGExYmQ2ODI5MGRjZmZmODZkN2Q1Mzg0MWNiZGM4MjIzMTA4Zjp7Il9hdXRoX3VzZXJfaGFzaCI6ImNjOTE2YzZhYTQ3ZWM2Yzk1ZTgxOWQ2OGM5NWQ2NDJiNDYzZjcyNzYiLCJfYXV0aF91c2VyX2JhY2tlbmQiOiJkamFuZ28uY29udHJpYi5hdXRoLmJhY2tlbmRzLk1vZGVsQmFja2VuZCIsIl9hdXRoX3VzZXJfaWQiOiIxIn0=",
    "expire_date": "2016-05-26T21:08:25.250Z"
  }
},
{
  "model": "sessions.session",
  "pk": "2j7fho8fk8qo3pb0oq4vbhth7pouiy1d",
  "fields": {
    "session_data": "N2UyMGExYmQ2ODI5MGRjZmZmODZkN2Q1Mzg0MWNiZGM4MjIzMTA4Zjp7Il9hdXRoX3VzZXJfaGFzaCI6ImNjOTE2YzZhYTQ3ZWM2Yzk1ZTgxOWQ2OGM5NWQ2NDJiNDYzZjcyNzYiLCJfYXV0aF91c2VyX2JhY2tlbmQiOiJkamFuZ28uY29udHJpYi5hdXRoLmJhY2tlbmRzLk1vZGVsQmFja2VuZCIsIl9hdXRoX3VzZXJfaWQiOiIxIn0=",
    "expire_date": "2016-05-30T22:10:51.644Z"
  }
},
{
  "model": "sessions.session",
  "pk": "2juw2q3x2iftgbni81c6mwf69hx6s8m1",
  "fields": {
    "session_data": "N2UyMGExYmQ2ODI5MGRjZmZmODZkN2Q1Mzg0MWNiZGM4MjIzMTA4Zjp7Il9hdXRoX3VzZXJfaGFzaCI6ImNjOTE2YzZhYTQ3ZWM2Yzk1ZTgxOWQ2OGM5NWQ2NDJiNDYzZjcyNzYiLCJfYXV0aF91c2VyX2JhY2tlbmQiOiJkamFuZ28uY29udHJpYi5hdXRoLmJhY2tlbmRzLk1vZGVsQmFja2VuZCIsIl9hdXRoX3VzZXJfaWQiOiIxIn0=",
    "expire_date": "2016-05-27T21:36:13.407Z"
  }
},
{
  "model": "sessions.session",
  "pk": "2jzcfw1coyksxwnpz1qs68z979mb11cs",
  "fields": {
    "session_data": "N2UyMGExYmQ2ODI5MGRjZmZmODZkN2Q1Mzg0MWNiZGM4MjIzMTA4Zjp7Il9hdXRoX3VzZXJfaGFzaCI6ImNjOTE2YzZhYTQ3ZWM2Yzk1ZTgxOWQ2OGM5NWQ2NDJiNDYzZjcyNzYiLCJfYXV0aF91c2VyX2JhY2tlbmQiOiJkamFuZ28uY29udHJpYi5hdXRoLmJhY2tlbmRzLk1vZGVsQmFja2VuZCIsIl9hdXRoX3VzZXJfaWQiOiIxIn0=",
    "expire_date": "2016-05-17T06:10:00.545Z"
  }
},
{
  "model": "sessions.session",
  "pk": "2mvbaetygh9gipdj2543bu0geuagw6v1",
  "fields": {
    "session_data": "N2UyMGExYmQ2ODI5MGRjZmZmODZkN2Q1Mzg0MWNiZGM4MjIzMTA4Zjp7Il9hdXRoX3VzZXJfaGFzaCI6ImNjOTE2YzZhYTQ3ZWM2Yzk1ZTgxOWQ2OGM5NWQ2NDJiNDYzZjcyNzYiLCJfYXV0aF91c2VyX2JhY2tlbmQiOiJkamFuZ28uY29udHJpYi5hdXRoLmJhY2tlbmRzLk1vZGVsQmFja2VuZCIsIl9hdXRoX3VzZXJfaWQiOiIxIn0=",
    "expire_date": "2016-05-27T21:03:49.838Z"
  }
},
{
  "model": "sessions.session",
  "pk": "2nfw2j8b6azf8i2zjosa7xw3cgrr0x55",
  "fields": {
    "session_data": "N2UyMGExYmQ2ODI5MGRjZmZmODZkN2Q1Mzg0MWNiZGM4MjIzMTA4Zjp7Il9hdXRoX3VzZXJfaGFzaCI6ImNjOTE2YzZhYTQ3ZWM2Yzk1ZTgxOWQ2OGM5NWQ2NDJiNDYzZjcyNzYiLCJfYXV0aF91c2VyX2JhY2tlbmQiOiJkamFuZ28uY29udHJpYi5hdXRoLmJhY2tlbmRzLk1vZGVsQmFja2VuZCIsIl9hdXRoX3VzZXJfaWQiOiIxIn0=",
    "expire_date": "2016-05-30T22:58:43.182Z"
  }
},
{
  "model": "sessions.session",
  "pk": "2rfrw5q98xb4f3atnrhg1z0fj1zd3szl",
  "fields": {
    "session_data": "N2UyMGExYmQ2ODI5MGRjZmZmODZkN2Q1Mzg0MWNiZGM4MjIzMTA4Zjp7Il9hdXRoX3VzZXJfaGFzaCI6ImNjOTE2YzZhYTQ3ZWM2Yzk1ZTgxOWQ2OGM5NWQ2NDJiNDYzZjcyNzYiLCJfYXV0aF91c2VyX2JhY2tlbmQiOiJkamFuZ28uY29udHJpYi5hdXRoLmJhY2tlbmRzLk1vZGVsQmFja2VuZCIsIl9hdXRoX3VzZXJfaWQiOiIxIn0=",
    "expire_date": "2016-05-17T19:13:44.704Z"
  }
},
{
  "model": "sessions.session",
  "pk": "2tyiljxs615mncjlctr9bvq6xui6ke3k",
  "fields": {
    "session_data": "N2UyMGExYmQ2ODI5MGRjZmZmODZkN2Q1Mzg0MWNiZGM4MjIzMTA4Zjp7Il9hdXRoX3VzZXJfaGFzaCI6ImNjOTE2YzZhYTQ3ZWM2Yzk1ZTgxOWQ2OGM5NWQ2NDJiNDYzZjcyNzYiLCJfYXV0aF91c2VyX2JhY2tlbmQiOiJkamFuZ28uY29udHJpYi5hdXRoLmJhY2tlbmRzLk1vZGVsQmFja2VuZCIsIl9hdXRoX3VzZXJfaWQiOiIxIn0=",
    "expire_date": "2016-05-17T16:03:16.842Z"
  }
},
{
  "model": "sessions.session",
  "pk": "2v1w9l06567jqeb81n0t4vyhp6tmx70s",
  "fields": {
    "session_data": "N2UyMGExYmQ2ODI5MGRjZmZmODZkN2Q1Mzg0MWNiZGM4MjIzMTA4Zjp7Il9hdXRoX3VzZXJfaGFzaCI6ImNjOTE2YzZhYTQ3ZWM2Yzk1ZTgxOWQ2OGM5NWQ2NDJiNDYzZjcyNzYiLCJfYXV0aF91c2VyX2JhY2tlbmQiOiJkamFuZ28uY29udHJpYi5hdXRoLmJhY2tlbmRzLk1vZGVsQmFja2VuZCIsIl9hdXRoX3VzZXJfaWQiOiIxIn0=",
    "expire_date": "2016-05-30T21:59:33.427Z"
  }
},
{
  "model": "sessions.session",
  "pk": "2vamjf9uat15e693i5alv5sabrw4e8pj",
  "fields": {
    "session_data": "N2UyMGExYmQ2ODI5MGRjZmZmODZkN2Q1Mzg0MWNiZGM4MjIzMTA4Zjp7Il9hdXRoX3VzZXJfaGFzaCI6ImNjOTE2YzZhYTQ3ZWM2Yzk1ZTgxOWQ2OGM5NWQ2NDJiNDYzZjcyNzYiLCJfYXV0aF91c2VyX2JhY2tlbmQiOiJkamFuZ28uY29udHJpYi5hdXRoLmJhY2tlbmRzLk1vZGVsQmFja2VuZCIsIl9hdXRoX3VzZXJfaWQiOiIxIn0=",
    "expire_date": "2016-05-27T20:24:17.589Z"
  }
},
{
  "model": "sessions.session",
  "pk": "2vlfd9258d1lxkl38lsaowj1czgazbqz",
  "fields": {
    "session_data": "N2UyMGExYmQ2ODI5MGRjZmZmODZkN2Q1Mzg0MWNiZGM4MjIzMTA4Zjp7Il9hdXRoX3VzZXJfaGFzaCI6ImNjOTE2YzZhYTQ3ZWM2Yzk1ZTgxOWQ2OGM5NWQ2NDJiNDYzZjcyNzYiLCJfYXV0aF91c2VyX2JhY2tlbmQiOiJkamFuZ28uY29udHJpYi5hdXRoLmJhY2tlbmRzLk1vZGVsQmFja2VuZCIsIl9hdXRoX3VzZXJfaWQiOiIxIn0=",
    "expire_date": "2016-05-17T15:42:52.429Z"
  }
},
{
  "model": "sessions.session",
  "pk": "2xphx028k6dtvbr8qd399zbuw1zsanik",
  "fields": {
    "session_data": "N2UyMGExYmQ2ODI5MGRjZmZmODZkN2Q1Mzg0MWNiZGM4MjIzMTA4Zjp7Il9hdXRoX3VzZXJfaGFzaCI6ImNjOTE2YzZhYTQ3ZWM2Yzk1ZTgxOWQ2OGM5NWQ2NDJiNDYzZjcyNzYiLCJfYXV0aF91c2VyX2JhY2tlbmQiOiJkamFuZ28uY29udHJpYi5hdXRoLmJhY2tlbmRzLk1vZGVsQmFja2VuZCIsIl9hdXRoX3VzZXJfaWQiOiIxIn0=",
    "expire_date": "2016-05-17T14:10:57.888Z"
  }
},
{
  "model": "sessions.session",
  "pk": "351ccs0ln7jmbhs6bm6bb7ccoi4bwwsz",
  "fields": {
    "session_data": "N2UyMGExYmQ2ODI5MGRjZmZmODZkN2Q1Mzg0MWNiZGM4MjIzMTA4Zjp7Il9hdXRoX3VzZXJfaGFzaCI6ImNjOTE2YzZhYTQ3ZWM2Yzk1ZTgxOWQ2OGM5NWQ2NDJiNDYzZjcyNzYiLCJfYXV0aF91c2VyX2JhY2tlbmQiOiJkamFuZ28uY29udHJpYi5hdXRoLmJhY2tlbmRzLk1vZGVsQmFja2VuZCIsIl9hdXRoX3VzZXJfaWQiOiIxIn0=",
    "expire_date": "2016-05-30T22:30:30.173Z"
  }
},
{
  "model": "sessions.session",
  "pk": "35mvy5o1g2gae6endn09ts5t7lhwwxnn",
  "fields": {
    "session_data": "N2UyMGExYmQ2ODI5MGRjZmZmODZkN2Q1Mzg0MWNiZGM4MjIzMTA4Zjp7Il9hdXRoX3VzZXJfaGFzaCI6ImNjOTE2YzZhYTQ3ZWM2Yzk1ZTgxOWQ2OGM5NWQ2NDJiNDYzZjcyNzYiLCJfYXV0aF91c2VyX2JhY2tlbmQiOiJkamFuZ28uY29udHJpYi5hdXRoLmJhY2tlbmRzLk1vZGVsQmFja2VuZCIsIl9hdXRoX3VzZXJfaWQiOiIxIn0=",
    "expire_date": "2016-05-30T21:31:18.213Z"
  }
},
{
  "model": "sessions.session",
  "pk": "35z619yh32zqxkso3078emftalj9m0qg",
  "fields": {
    "session_data": "N2UyMGExYmQ2ODI5MGRjZmZmODZkN2Q1Mzg0MWNiZGM4MjIzMTA4Zjp7Il9hdXRoX3VzZXJfaGFzaCI6ImNjOTE2YzZhYTQ3ZWM2Yzk1ZTgxOWQ2OGM5NWQ2NDJiNDYzZjcyNzYiLCJfYXV0aF91c2VyX2JhY2tlbmQiOiJkamFuZ28uY29udHJpYi5hdXRoLmJhY2tlbmRzLk1vZGVsQmFja2VuZCIsIl9hdXRoX3VzZXJfaWQiOiIxIn0=",
    "expire_date": "2016-05-30T22:31:33.222Z"
  }
},
{
  "model": "sessions.session",
  "pk": "37i7hxcpgp7uowfbawn89yrhx0ntacs8",
  "fields": {
    "session_data": "N2UyMGExYmQ2ODI5MGRjZmZmODZkN2Q1Mzg0MWNiZGM4MjIzMTA4Zjp7Il9hdXRoX3VzZXJfaGFzaCI6ImNjOTE2YzZhYTQ3ZWM2Yzk1ZTgxOWQ2OGM5NWQ2NDJiNDYzZjcyNzYiLCJfYXV0aF91c2VyX2JhY2tlbmQiOiJkamFuZ28uY29udHJpYi5hdXRoLmJhY2tlbmRzLk1vZGVsQmFja2VuZCIsIl9hdXRoX3VzZXJfaWQiOiIxIn0=",
    "expire_date": "2016-05-27T19:47:04.287Z"
  }
},
{
  "model": "sessions.session",
  "pk": "3a4jvlrrkc66zihtpwr4qscmvir6m26f",
  "fields": {
    "session_data": "N2UyMGExYmQ2ODI5MGRjZmZmODZkN2Q1Mzg0MWNiZGM4MjIzMTA4Zjp7Il9hdXRoX3VzZXJfaGFzaCI6ImNjOTE2YzZhYTQ3ZWM2Yzk1ZTgxOWQ2OGM5NWQ2NDJiNDYzZjcyNzYiLCJfYXV0aF91c2VyX2JhY2tlbmQiOiJkamFuZ28uY29udHJpYi5hdXRoLmJhY2tlbmRzLk1vZGVsQmFja2VuZCIsIl9hdXRoX3VzZXJfaWQiOiIxIn0=",
    "expire_date": "2016-05-27T18:48:20.514Z"
  }
},
{
  "model": "sessions.session",
  "pk": "3avhq0om2rih6dwgqalgh45q5oi2ceh7",
  "fields": {
    "session_data": "N2UyMGExYmQ2ODI5MGRjZmZmODZkN2Q1Mzg0MWNiZGM4MjIzMTA4Zjp7Il9hdXRoX3VzZXJfaGFzaCI6ImNjOTE2YzZhYTQ3ZWM2Yzk1ZTgxOWQ2OGM5NWQ2NDJiNDYzZjcyNzYiLCJfYXV0aF91c2VyX2JhY2tlbmQiOiJkamFuZ28uY29udHJpYi5hdXRoLmJhY2tlbmRzLk1vZGVsQmFja2VuZCIsIl9hdXRoX3VzZXJfaWQiOiIxIn0=",
    "expire_date": "2016-05-27T20:43:04.282Z"
  }
},
{
  "model": "sessions.session",
  "pk": "3byvwhqi3bimpaztym1uwalvschxm9h1",
  "fields": {
    "session_data": "N2UyMGExYmQ2ODI5MGRjZmZmODZkN2Q1Mzg0MWNiZGM4MjIzMTA4Zjp7Il9hdXRoX3VzZXJfaGFzaCI6ImNjOTE2YzZhYTQ3ZWM2Yzk1ZTgxOWQ2OGM5NWQ2NDJiNDYzZjcyNzYiLCJfYXV0aF91c2VyX2JhY2tlbmQiOiJkamFuZ28uY29udHJpYi5hdXRoLmJhY2tlbmRzLk1vZGVsQmFja2VuZCIsIl9hdXRoX3VzZXJfaWQiOiIxIn0=",
    "expire_date": "2016-05-27T19:55:44.463Z"
  }
},
{
  "model": "sessions.session",
  "pk": "3c3g4xn8p6bos9oe0kqqrle9ggwn5nqy",
  "fields": {
    "session_data": "N2UyMGExYmQ2ODI5MGRjZmZmODZkN2Q1Mzg0MWNiZGM4MjIzMTA4Zjp7Il9hdXRoX3VzZXJfaGFzaCI6ImNjOTE2YzZhYTQ3ZWM2Yzk1ZTgxOWQ2OGM5NWQ2NDJiNDYzZjcyNzYiLCJfYXV0aF91c2VyX2JhY2tlbmQiOiJkamFuZ28uY29udHJpYi5hdXRoLmJhY2tlbmRzLk1vZGVsQmFja2VuZCIsIl9hdXRoX3VzZXJfaWQiOiIxIn0=",
    "expire_date": "2016-05-30T21:47:41.038Z"
  }
},
{
  "model": "sessions.session",
  "pk": "3j61yx84kxabegoklrvvv23cfdj3n1vb",
  "fields": {
    "session_data": "N2UyMGExYmQ2ODI5MGRjZmZmODZkN2Q1Mzg0MWNiZGM4MjIzMTA4Zjp7Il9hdXRoX3VzZXJfaGFzaCI6ImNjOTE2YzZhYTQ3ZWM2Yzk1ZTgxOWQ2OGM5NWQ2NDJiNDYzZjcyNzYiLCJfYXV0aF91c2VyX2JhY2tlbmQiOiJkamFuZ28uY29udHJpYi5hdXRoLmJhY2tlbmRzLk1vZGVsQmFja2VuZCIsIl9hdXRoX3VzZXJfaWQiOiIxIn0=",
    "expire_date": "2016-05-26T21:22:53.196Z"
  }
},
{
  "model": "sessions.session",
  "pk": "3mmlqzdv4t35xcxfsdq0g7tk80sg8nqm",
  "fields": {
    "session_data": "NjU4NGYwYzViYmNjYWQzODE0Y2U5NDBjMjQ1NDIxNTZiMDMyYzFhMTp7Il9hdXRoX3VzZXJfaGFzaCI6Ijc2NGY0OTJiODkzYTk1NDM0NjAwMDllMjdkMDRiZTA5ZWE3OWU5OWUiLCJfYXV0aF91c2VyX2JhY2tlbmQiOiJkamFuZ28uY29udHJpYi5hdXRoLmJhY2tlbmRzLk1vZGVsQmFja2VuZCIsIl9hdXRoX3VzZXJfaWQiOiIyIn0=",
    "expire_date": "2016-06-02T20:59:11.958Z"
  }
},
{
  "model": "sessions.session",
  "pk": "3o8rklzja6zyt41wpe11w9vus0pjtusx",
  "fields": {
    "session_data": "N2UyMGExYmQ2ODI5MGRjZmZmODZkN2Q1Mzg0MWNiZGM4MjIzMTA4Zjp7Il9hdXRoX3VzZXJfaGFzaCI6ImNjOTE2YzZhYTQ3ZWM2Yzk1ZTgxOWQ2OGM5NWQ2NDJiNDYzZjcyNzYiLCJfYXV0aF91c2VyX2JhY2tlbmQiOiJkamFuZ28uY29udHJpYi5hdXRoLmJhY2tlbmRzLk1vZGVsQmFja2VuZCIsIl9hdXRoX3VzZXJfaWQiOiIxIn0=",
    "expire_date": "2016-05-31T23:20:11.034Z"
  }
},
{
  "model": "sessions.session",
  "pk": "3y32fa5gyx8wlhtt0f5gc6t4dc45n0ql",
  "fields": {
    "session_data": "N2UyMGExYmQ2ODI5MGRjZmZmODZkN2Q1Mzg0MWNiZGM4MjIzMTA4Zjp7Il9hdXRoX3VzZXJfaGFzaCI6ImNjOTE2YzZhYTQ3ZWM2Yzk1ZTgxOWQ2OGM5NWQ2NDJiNDYzZjcyNzYiLCJfYXV0aF91c2VyX2JhY2tlbmQiOiJkamFuZ28uY29udHJpYi5hdXRoLmJhY2tlbmRzLk1vZGVsQmFja2VuZCIsIl9hdXRoX3VzZXJfaWQiOiIxIn0=",
    "expire_date": "2016-05-27T19:44:00.799Z"
  }
},
{
  "model": "sessions.session",
  "pk": "3zc0tr6zdxv2vjsm6m0baw3i9ia6mxn6",
  "fields": {
    "session_data": "N2UyMGExYmQ2ODI5MGRjZmZmODZkN2Q1Mzg0MWNiZGM4MjIzMTA4Zjp7Il9hdXRoX3VzZXJfaGFzaCI6ImNjOTE2YzZhYTQ3ZWM2Yzk1ZTgxOWQ2OGM5NWQ2NDJiNDYzZjcyNzYiLCJfYXV0aF91c2VyX2JhY2tlbmQiOiJkamFuZ28uY29udHJpYi5hdXRoLmJhY2tlbmRzLk1vZGVsQmFja2VuZCIsIl9hdXRoX3VzZXJfaWQiOiIxIn0=",
    "expire_date": "2016-05-31T19:12:28.248Z"
  }
},
{
  "model": "sessions.session",
  "pk": "3zs1uo9histut6xd4yt566nnmure5oon",
  "fields": {
    "session_data": "N2UyMGExYmQ2ODI5MGRjZmZmODZkN2Q1Mzg0MWNiZGM4MjIzMTA4Zjp7Il9hdXRoX3VzZXJfaGFzaCI6ImNjOTE2YzZhYTQ3ZWM2Yzk1ZTgxOWQ2OGM5NWQ2NDJiNDYzZjcyNzYiLCJfYXV0aF91c2VyX2JhY2tlbmQiOiJkamFuZ28uY29udHJpYi5hdXRoLmJhY2tlbmRzLk1vZGVsQmFja2VuZCIsIl9hdXRoX3VzZXJfaWQiOiIxIn0=",
    "expire_date": "2016-05-27T21:20:54.224Z"
  }
},
{
  "model": "sessions.session",
  "pk": "435y11hf0wag6u3ytznzjov12nprgevs",
  "fields": {
    "session_data": "N2UyMGExYmQ2ODI5MGRjZmZmODZkN2Q1Mzg0MWNiZGM4MjIzMTA4Zjp7Il9hdXRoX3VzZXJfaGFzaCI6ImNjOTE2YzZhYTQ3ZWM2Yzk1ZTgxOWQ2OGM5NWQ2NDJiNDYzZjcyNzYiLCJfYXV0aF91c2VyX2JhY2tlbmQiOiJkamFuZ28uY29udHJpYi5hdXRoLmJhY2tlbmRzLk1vZGVsQmFja2VuZCIsIl9hdXRoX3VzZXJfaWQiOiIxIn0=",
    "expire_date": "2016-05-30T23:18:32.007Z"
  }
},
{
  "model": "sessions.session",
  "pk": "44zyq4oqera7edhvr6dxk9zwepogbjmz",
  "fields": {
    "session_data": "N2UyMGExYmQ2ODI5MGRjZmZmODZkN2Q1Mzg0MWNiZGM4MjIzMTA4Zjp7Il9hdXRoX3VzZXJfaGFzaCI6ImNjOTE2YzZhYTQ3ZWM2Yzk1ZTgxOWQ2OGM5NWQ2NDJiNDYzZjcyNzYiLCJfYXV0aF91c2VyX2JhY2tlbmQiOiJkamFuZ28uY29udHJpYi5hdXRoLmJhY2tlbmRzLk1vZGVsQmFja2VuZCIsIl9hdXRoX3VzZXJfaWQiOiIxIn0=",
    "expire_date": "2016-05-27T20:38:19.584Z"
  }
},
{
  "model": "sessions.session",
  "pk": "47z44e2zsiiap4avzkvk86bzrxsgdstl",
  "fields": {
    "session_data": "N2UyMGExYmQ2ODI5MGRjZmZmODZkN2Q1Mzg0MWNiZGM4MjIzMTA4Zjp7Il9hdXRoX3VzZXJfaGFzaCI6ImNjOTE2YzZhYTQ3ZWM2Yzk1ZTgxOWQ2OGM5NWQ2NDJiNDYzZjcyNzYiLCJfYXV0aF91c2VyX2JhY2tlbmQiOiJkamFuZ28uY29udHJpYi5hdXRoLmJhY2tlbmRzLk1vZGVsQmFja2VuZCIsIl9hdXRoX3VzZXJfaWQiOiIxIn0=",
    "expire_date": "2016-05-17T06:10:38.339Z"
  }
},
{
  "model": "sessions.session",
  "pk": "48wb90q2tn7qt3219b6vwc5mrmmutj2a",
  "fields": {
    "session_data": "N2UyMGExYmQ2ODI5MGRjZmZmODZkN2Q1Mzg0MWNiZGM4MjIzMTA4Zjp7Il9hdXRoX3VzZXJfaGFzaCI6ImNjOTE2YzZhYTQ3ZWM2Yzk1ZTgxOWQ2OGM5NWQ2NDJiNDYzZjcyNzYiLCJfYXV0aF91c2VyX2JhY2tlbmQiOiJkamFuZ28uY29udHJpYi5hdXRoLmJhY2tlbmRzLk1vZGVsQmFja2VuZCIsIl9hdXRoX3VzZXJfaWQiOiIxIn0=",
    "expire_date": "2016-05-17T18:56:53.897Z"
  }
},
{
  "model": "sessions.session",
  "pk": "4bc07jk355rm474kiq1e3p0w6fezerfc",
  "fields": {
    "session_data": "N2UyMGExYmQ2ODI5MGRjZmZmODZkN2Q1Mzg0MWNiZGM4MjIzMTA4Zjp7Il9hdXRoX3VzZXJfaGFzaCI6ImNjOTE2YzZhYTQ3ZWM2Yzk1ZTgxOWQ2OGM5NWQ2NDJiNDYzZjcyNzYiLCJfYXV0aF91c2VyX2JhY2tlbmQiOiJkamFuZ28uY29udHJpYi5hdXRoLmJhY2tlbmRzLk1vZGVsQmFja2VuZCIsIl9hdXRoX3VzZXJfaWQiOiIxIn0=",
    "expire_date": "2016-05-27T20:22:27.653Z"
  }
},
{
  "model": "sessions.session",
  "pk": "4cfycahwe5sflfmif23qdi4wvf3nx0rw",
  "fields": {
    "session_data": "N2UyMGExYmQ2ODI5MGRjZmZmODZkN2Q1Mzg0MWNiZGM4MjIzMTA4Zjp7Il9hdXRoX3VzZXJfaGFzaCI6ImNjOTE2YzZhYTQ3ZWM2Yzk1ZTgxOWQ2OGM5NWQ2NDJiNDYzZjcyNzYiLCJfYXV0aF91c2VyX2JhY2tlbmQiOiJkamFuZ28uY29udHJpYi5hdXRoLmJhY2tlbmRzLk1vZGVsQmFja2VuZCIsIl9hdXRoX3VzZXJfaWQiOiIxIn0=",
    "expire_date": "2016-05-17T15:38:33.373Z"
  }
},
{
  "model": "sessions.session",
  "pk": "4hvgajr3yyhw9672yjqqc6zta0oh6upm",
  "fields": {
    "session_data": "N2UyMGExYmQ2ODI5MGRjZmZmODZkN2Q1Mzg0MWNiZGM4MjIzMTA4Zjp7Il9hdXRoX3VzZXJfaGFzaCI6ImNjOTE2YzZhYTQ3ZWM2Yzk1ZTgxOWQ2OGM5NWQ2NDJiNDYzZjcyNzYiLCJfYXV0aF91c2VyX2JhY2tlbmQiOiJkamFuZ28uY29udHJpYi5hdXRoLmJhY2tlbmRzLk1vZGVsQmFja2VuZCIsIl9hdXRoX3VzZXJfaWQiOiIxIn0=",
    "expire_date": "2016-05-27T20:58:58.950Z"
  }
},
{
  "model": "sessions.session",
  "pk": "4mk70o48e3gd3vrbxdrli5eodbf67ux8",
  "fields": {
    "session_data": "NjU4NGYwYzViYmNjYWQzODE0Y2U5NDBjMjQ1NDIxNTZiMDMyYzFhMTp7Il9hdXRoX3VzZXJfaGFzaCI6Ijc2NGY0OTJiODkzYTk1NDM0NjAwMDllMjdkMDRiZTA5ZWE3OWU5OWUiLCJfYXV0aF91c2VyX2JhY2tlbmQiOiJkamFuZ28uY29udHJpYi5hdXRoLmJhY2tlbmRzLk1vZGVsQmFja2VuZCIsIl9hdXRoX3VzZXJfaWQiOiIyIn0=",
    "expire_date": "2016-05-27T19:19:30.494Z"
  }
},
{
  "model": "sessions.session",
  "pk": "4oi1j3n3ih5j04204gecjel0dkiqnj79",
  "fields": {
    "session_data": "N2UyMGExYmQ2ODI5MGRjZmZmODZkN2Q1Mzg0MWNiZGM4MjIzMTA4Zjp7Il9hdXRoX3VzZXJfaGFzaCI6ImNjOTE2YzZhYTQ3ZWM2Yzk1ZTgxOWQ2OGM5NWQ2NDJiNDYzZjcyNzYiLCJfYXV0aF91c2VyX2JhY2tlbmQiOiJkamFuZ28uY29udHJpYi5hdXRoLmJhY2tlbmRzLk1vZGVsQmFja2VuZCIsIl9hdXRoX3VzZXJfaWQiOiIxIn0=",
    "expire_date": "2016-05-27T21:09:57.475Z"
  }
},
{
  "model": "sessions.session",
  "pk": "4pqn7z2m5gg582ygun3i9kue7qmm45cm",
  "fields": {
    "session_data": "NjU4NGYwYzViYmNjYWQzODE0Y2U5NDBjMjQ1NDIxNTZiMDMyYzFhMTp7Il9hdXRoX3VzZXJfaGFzaCI6Ijc2NGY0OTJiODkzYTk1NDM0NjAwMDllMjdkMDRiZTA5ZWE3OWU5OWUiLCJfYXV0aF91c2VyX2JhY2tlbmQiOiJkamFuZ28uY29udHJpYi5hdXRoLmJhY2tlbmRzLk1vZGVsQmFja2VuZCIsIl9hdXRoX3VzZXJfaWQiOiIyIn0=",
    "expire_date": "2016-05-27T18:56:11.039Z"
  }
},
{
  "model": "sessions.session",
  "pk": "4suf4gmrtwdp5b0wmpvdaqu5648mgr5e",
  "fields": {
    "session_data": "N2UyMGExYmQ2ODI5MGRjZmZmODZkN2Q1Mzg0MWNiZGM4MjIzMTA4Zjp7Il9hdXRoX3VzZXJfaGFzaCI6ImNjOTE2YzZhYTQ3ZWM2Yzk1ZTgxOWQ2OGM5NWQ2NDJiNDYzZjcyNzYiLCJfYXV0aF91c2VyX2JhY2tlbmQiOiJkamFuZ28uY29udHJpYi5hdXRoLmJhY2tlbmRzLk1vZGVsQmFja2VuZCIsIl9hdXRoX3VzZXJfaWQiOiIxIn0=",
    "expire_date": "2016-05-30T20:31:54.349Z"
  }
},
{
  "model": "sessions.session",
  "pk": "4w79wv90k31fj4hm8cardremfosts30g",
  "fields": {
    "session_data": "N2UyMGExYmQ2ODI5MGRjZmZmODZkN2Q1Mzg0MWNiZGM4MjIzMTA4Zjp7Il9hdXRoX3VzZXJfaGFzaCI6ImNjOTE2YzZhYTQ3ZWM2Yzk1ZTgxOWQ2OGM5NWQ2NDJiNDYzZjcyNzYiLCJfYXV0aF91c2VyX2JhY2tlbmQiOiJkamFuZ28uY29udHJpYi5hdXRoLmJhY2tlbmRzLk1vZGVsQmFja2VuZCIsIl9hdXRoX3VzZXJfaWQiOiIxIn0=",
    "expire_date": "2016-05-27T17:52:44.506Z"
  }
},
{
  "model": "sessions.session",
  "pk": "4z1o8uo80utvm7u2tbvac8qsqdov09ec",
  "fields": {
    "session_data": "N2UyMGExYmQ2ODI5MGRjZmZmODZkN2Q1Mzg0MWNiZGM4MjIzMTA4Zjp7Il9hdXRoX3VzZXJfaGFzaCI6ImNjOTE2YzZhYTQ3ZWM2Yzk1ZTgxOWQ2OGM5NWQ2NDJiNDYzZjcyNzYiLCJfYXV0aF91c2VyX2JhY2tlbmQiOiJkamFuZ28uY29udHJpYi5hdXRoLmJhY2tlbmRzLk1vZGVsQmFja2VuZCIsIl9hdXRoX3VzZXJfaWQiOiIxIn0=",
    "expire_date": "2016-05-30T22:19:47.821Z"
  }
},
{
  "model": "sessions.session",
  "pk": "55xh0pv5p44gjh5p35bozb8d0wnk6d5z",
  "fields": {
    "session_data": "N2UyMGExYmQ2ODI5MGRjZmZmODZkN2Q1Mzg0MWNiZGM4MjIzMTA4Zjp7Il9hdXRoX3VzZXJfaGFzaCI6ImNjOTE2YzZhYTQ3ZWM2Yzk1ZTgxOWQ2OGM5NWQ2NDJiNDYzZjcyNzYiLCJfYXV0aF91c2VyX2JhY2tlbmQiOiJkamFuZ28uY29udHJpYi5hdXRoLmJhY2tlbmRzLk1vZGVsQmFja2VuZCIsIl9hdXRoX3VzZXJfaWQiOiIxIn0=",
    "expire_date": "2016-05-17T15:59:42.793Z"
  }
},
{
  "model": "sessions.session",
  "pk": "56k31g1f09tgfu3xs9fjaqsyvm8otokb",
  "fields": {
    "session_data": "N2UyMGExYmQ2ODI5MGRjZmZmODZkN2Q1Mzg0MWNiZGM4MjIzMTA4Zjp7Il9hdXRoX3VzZXJfaGFzaCI6ImNjOTE2YzZhYTQ3ZWM2Yzk1ZTgxOWQ2OGM5NWQ2NDJiNDYzZjcyNzYiLCJfYXV0aF91c2VyX2JhY2tlbmQiOiJkamFuZ28uY29udHJpYi5hdXRoLmJhY2tlbmRzLk1vZGVsQmFja2VuZCIsIl9hdXRoX3VzZXJfaWQiOiIxIn0=",
    "expire_date": "2016-05-30T19:59:07.599Z"
  }
},
{
  "model": "sessions.session",
  "pk": "5aou9dv0uj79dzm974ow0fu8qx60jraf",
  "fields": {
    "session_data": "N2UyMGExYmQ2ODI5MGRjZmZmODZkN2Q1Mzg0MWNiZGM4MjIzMTA4Zjp7Il9hdXRoX3VzZXJfaGFzaCI6ImNjOTE2YzZhYTQ3ZWM2Yzk1ZTgxOWQ2OGM5NWQ2NDJiNDYzZjcyNzYiLCJfYXV0aF91c2VyX2JhY2tlbmQiOiJkamFuZ28uY29udHJpYi5hdXRoLmJhY2tlbmRzLk1vZGVsQmFja2VuZCIsIl9hdXRoX3VzZXJfaWQiOiIxIn0=",
    "expire_date": "2016-05-27T20:59:44.938Z"
  }
},
{
  "model": "sessions.session",
  "pk": "5il37tg9dg2dzdzxepbulyh2lfmyhrhe",
  "fields": {
    "session_data": "N2UyMGExYmQ2ODI5MGRjZmZmODZkN2Q1Mzg0MWNiZGM4MjIzMTA4Zjp7Il9hdXRoX3VzZXJfaGFzaCI6ImNjOTE2YzZhYTQ3ZWM2Yzk1ZTgxOWQ2OGM5NWQ2NDJiNDYzZjcyNzYiLCJfYXV0aF91c2VyX2JhY2tlbmQiOiJkamFuZ28uY29udHJpYi5hdXRoLmJhY2tlbmRzLk1vZGVsQmFja2VuZCIsIl9hdXRoX3VzZXJfaWQiOiIxIn0=",
    "expire_date": "2016-05-30T22:30:02.682Z"
  }
},
{
  "model": "sessions.session",
  "pk": "5j9c49ru0inqanoepa757irpwwk8o8up",
  "fields": {
    "session_data": "N2UyMGExYmQ2ODI5MGRjZmZmODZkN2Q1Mzg0MWNiZGM4MjIzMTA4Zjp7Il9hdXRoX3VzZXJfaGFzaCI6ImNjOTE2YzZhYTQ3ZWM2Yzk1ZTgxOWQ2OGM5NWQ2NDJiNDYzZjcyNzYiLCJfYXV0aF91c2VyX2JhY2tlbmQiOiJkamFuZ28uY29udHJpYi5hdXRoLmJhY2tlbmRzLk1vZGVsQmFja2VuZCIsIl9hdXRoX3VzZXJfaWQiOiIxIn0=",
    "expire_date": "2016-05-26T21:42:29.098Z"
  }
},
{
  "model": "sessions.session",
  "pk": "5k60akw2za2d8uhwyi3fdr6nnfcn6oos",
  "fields": {
    "session_data": "N2UyMGExYmQ2ODI5MGRjZmZmODZkN2Q1Mzg0MWNiZGM4MjIzMTA4Zjp7Il9hdXRoX3VzZXJfaGFzaCI6ImNjOTE2YzZhYTQ3ZWM2Yzk1ZTgxOWQ2OGM5NWQ2NDJiNDYzZjcyNzYiLCJfYXV0aF91c2VyX2JhY2tlbmQiOiJkamFuZ28uY29udHJpYi5hdXRoLmJhY2tlbmRzLk1vZGVsQmFja2VuZCIsIl9hdXRoX3VzZXJfaWQiOiIxIn0=",
    "expire_date": "2016-05-17T17:13:15.768Z"
  }
},
{
  "model": "sessions.session",
  "pk": "5lbim6f0iiz41px52exb8ehbcn3ndq8l",
  "fields": {
    "session_data": "N2UyMGExYmQ2ODI5MGRjZmZmODZkN2Q1Mzg0MWNiZGM4MjIzMTA4Zjp7Il9hdXRoX3VzZXJfaGFzaCI6ImNjOTE2YzZhYTQ3ZWM2Yzk1ZTgxOWQ2OGM5NWQ2NDJiNDYzZjcyNzYiLCJfYXV0aF91c2VyX2JhY2tlbmQiOiJkamFuZ28uY29udHJpYi5hdXRoLmJhY2tlbmRzLk1vZGVsQmFja2VuZCIsIl9hdXRoX3VzZXJfaWQiOiIxIn0=",
    "expire_date": "2016-05-17T15:57:31.573Z"
  }
},
{
  "model": "sessions.session",
  "pk": "5mu8wyjqqz6od1n9brf5cqigc8g3sg76",
  "fields": {
    "session_data": "N2UyMGExYmQ2ODI5MGRjZmZmODZkN2Q1Mzg0MWNiZGM4MjIzMTA4Zjp7Il9hdXRoX3VzZXJfaGFzaCI6ImNjOTE2YzZhYTQ3ZWM2Yzk1ZTgxOWQ2OGM5NWQ2NDJiNDYzZjcyNzYiLCJfYXV0aF91c2VyX2JhY2tlbmQiOiJkamFuZ28uY29udHJpYi5hdXRoLmJhY2tlbmRzLk1vZGVsQmFja2VuZCIsIl9hdXRoX3VzZXJfaWQiOiIxIn0=",
    "expire_date": "2016-05-30T19:54:36.526Z"
  }
},
{
  "model": "sessions.session",
  "pk": "60pol8pfhi7697l0cthgoxnadtfdy461",
  "fields": {
    "session_data": "N2UyMGExYmQ2ODI5MGRjZmZmODZkN2Q1Mzg0MWNiZGM4MjIzMTA4Zjp7Il9hdXRoX3VzZXJfaGFzaCI6ImNjOTE2YzZhYTQ3ZWM2Yzk1ZTgxOWQ2OGM5NWQ2NDJiNDYzZjcyNzYiLCJfYXV0aF91c2VyX2JhY2tlbmQiOiJkamFuZ28uY29udHJpYi5hdXRoLmJhY2tlbmRzLk1vZGVsQmFja2VuZCIsIl9hdXRoX3VzZXJfaWQiOiIxIn0=",
    "expire_date": "2016-05-27T21:19:14.143Z"
  }
},
{
  "model": "sessions.session",
  "pk": "63v4z39bwuv4s24inoejp562u7ay7ug8",
  "fields": {
    "session_data": "N2UyMGExYmQ2ODI5MGRjZmZmODZkN2Q1Mzg0MWNiZGM4MjIzMTA4Zjp7Il9hdXRoX3VzZXJfaGFzaCI6ImNjOTE2YzZhYTQ3ZWM2Yzk1ZTgxOWQ2OGM5NWQ2NDJiNDYzZjcyNzYiLCJfYXV0aF91c2VyX2JhY2tlbmQiOiJkamFuZ28uY29udHJpYi5hdXRoLmJhY2tlbmRzLk1vZGVsQmFja2VuZCIsIl9hdXRoX3VzZXJfaWQiOiIxIn0=",
    "expire_date": "2016-05-17T14:20:05.685Z"
  }
},
{
  "model": "sessions.session",
  "pk": "66698p4kjgofoieva09d86fi4jw2rasx",
  "fields": {
    "session_data": "N2UyMGExYmQ2ODI5MGRjZmZmODZkN2Q1Mzg0MWNiZGM4MjIzMTA4Zjp7Il9hdXRoX3VzZXJfaGFzaCI6ImNjOTE2YzZhYTQ3ZWM2Yzk1ZTgxOWQ2OGM5NWQ2NDJiNDYzZjcyNzYiLCJfYXV0aF91c2VyX2JhY2tlbmQiOiJkamFuZ28uY29udHJpYi5hdXRoLmJhY2tlbmRzLk1vZGVsQmFja2VuZCIsIl9hdXRoX3VzZXJfaWQiOiIxIn0=",
    "expire_date": "2016-05-31T22:16:34.469Z"
  }
},
{
  "model": "sessions.session",
  "pk": "66yr8aii6zrpcgkd18mcxrygvrw7ux8y",
  "fields": {
    "session_data": "N2UyMGExYmQ2ODI5MGRjZmZmODZkN2Q1Mzg0MWNiZGM4MjIzMTA4Zjp7Il9hdXRoX3VzZXJfaGFzaCI6ImNjOTE2YzZhYTQ3ZWM2Yzk1ZTgxOWQ2OGM5NWQ2NDJiNDYzZjcyNzYiLCJfYXV0aF91c2VyX2JhY2tlbmQiOiJkamFuZ28uY29udHJpYi5hdXRoLmJhY2tlbmRzLk1vZGVsQmFja2VuZCIsIl9hdXRoX3VzZXJfaWQiOiIxIn0=",
    "expire_date": "2016-05-30T22:23:44.105Z"
  }
},
{
  "model": "sessions.session",
  "pk": "6fvfnc1vikyfa84zp26velq9jfkno5lt",
  "fields": {
    "session_data": "N2UyMGExYmQ2ODI5MGRjZmZmODZkN2Q1Mzg0MWNiZGM4MjIzMTA4Zjp7Il9hdXRoX3VzZXJfaGFzaCI6ImNjOTE2YzZhYTQ3ZWM2Yzk1ZTgxOWQ2OGM5NWQ2NDJiNDYzZjcyNzYiLCJfYXV0aF91c2VyX2JhY2tlbmQiOiJkamFuZ28uY29udHJpYi5hdXRoLmJhY2tlbmRzLk1vZGVsQmFja2VuZCIsIl9hdXRoX3VzZXJfaWQiOiIxIn0=",
    "expire_date": "2016-05-31T17:59:05.315Z"
  }
},
{
  "model": "sessions.session",
  "pk": "6jqlouet7mlg44z7lbmrt047goebg3tv",
  "fields": {
    "session_data": "N2UyMGExYmQ2ODI5MGRjZmZmODZkN2Q1Mzg0MWNiZGM4MjIzMTA4Zjp7Il9hdXRoX3VzZXJfaGFzaCI6ImNjOTE2YzZhYTQ3ZWM2Yzk1ZTgxOWQ2OGM5NWQ2NDJiNDYzZjcyNzYiLCJfYXV0aF91c2VyX2JhY2tlbmQiOiJkamFuZ28uY29udHJpYi5hdXRoLmJhY2tlbmRzLk1vZGVsQmFja2VuZCIsIl9hdXRoX3VzZXJfaWQiOiIxIn0=",
    "expire_date": "2016-05-27T20:05:37.316Z"
  }
},
{
  "model": "sessions.session",
  "pk": "6qtozqb4an1yu65iq0uo2xwnetta8cy7",
  "fields": {
    "session_data": "N2UyMGExYmQ2ODI5MGRjZmZmODZkN2Q1Mzg0MWNiZGM4MjIzMTA4Zjp7Il9hdXRoX3VzZXJfaGFzaCI6ImNjOTE2YzZhYTQ3ZWM2Yzk1ZTgxOWQ2OGM5NWQ2NDJiNDYzZjcyNzYiLCJfYXV0aF91c2VyX2JhY2tlbmQiOiJkamFuZ28uY29udHJpYi5hdXRoLmJhY2tlbmRzLk1vZGVsQmFja2VuZCIsIl9hdXRoX3VzZXJfaWQiOiIxIn0=",
    "expire_date": "2016-05-27T20:46:29.862Z"
  }
},
{
  "model": "sessions.session",
  "pk": "6rw4b6bdnzufificaiuqkimswxosxzkx",
  "fields": {
    "session_data": "N2UyMGExYmQ2ODI5MGRjZmZmODZkN2Q1Mzg0MWNiZGM4MjIzMTA4Zjp7Il9hdXRoX3VzZXJfaGFzaCI6ImNjOTE2YzZhYTQ3ZWM2Yzk1ZTgxOWQ2OGM5NWQ2NDJiNDYzZjcyNzYiLCJfYXV0aF91c2VyX2JhY2tlbmQiOiJkamFuZ28uY29udHJpYi5hdXRoLmJhY2tlbmRzLk1vZGVsQmFja2VuZCIsIl9hdXRoX3VzZXJfaWQiOiIxIn0=",
    "expire_date": "2016-05-17T15:57:28.040Z"
  }
},
{
  "model": "sessions.session",
  "pk": "6s74qcdea4sxyrcr0nopbvoojms9leh1",
  "fields": {
    "session_data": "N2UyMGExYmQ2ODI5MGRjZmZmODZkN2Q1Mzg0MWNiZGM4MjIzMTA4Zjp7Il9hdXRoX3VzZXJfaGFzaCI6ImNjOTE2YzZhYTQ3ZWM2Yzk1ZTgxOWQ2OGM5NWQ2NDJiNDYzZjcyNzYiLCJfYXV0aF91c2VyX2JhY2tlbmQiOiJkamFuZ28uY29udHJpYi5hdXRoLmJhY2tlbmRzLk1vZGVsQmFja2VuZCIsIl9hdXRoX3VzZXJfaWQiOiIxIn0=",
    "expire_date": "2016-06-01T06:09:02.310Z"
  }
},
{
  "model": "sessions.session",
  "pk": "6ss20rm02508fa92751dwzp0e6q3pl1k",
  "fields": {
    "session_data": "NjU4NGYwYzViYmNjYWQzODE0Y2U5NDBjMjQ1NDIxNTZiMDMyYzFhMTp7Il9hdXRoX3VzZXJfaGFzaCI6Ijc2NGY0OTJiODkzYTk1NDM0NjAwMDllMjdkMDRiZTA5ZWE3OWU5OWUiLCJfYXV0aF91c2VyX2JhY2tlbmQiOiJkamFuZ28uY29udHJpYi5hdXRoLmJhY2tlbmRzLk1vZGVsQmFja2VuZCIsIl9hdXRoX3VzZXJfaWQiOiIyIn0=",
    "expire_date": "2016-05-27T19:30:48.330Z"
  }
},
{
  "model": "sessions.session",
  "pk": "6teamy8lnx5j0zinvjy5p6h0122o1oyj",
  "fields": {
    "session_data": "N2UyMGExYmQ2ODI5MGRjZmZmODZkN2Q1Mzg0MWNiZGM4MjIzMTA4Zjp7Il9hdXRoX3VzZXJfaGFzaCI6ImNjOTE2YzZhYTQ3ZWM2Yzk1ZTgxOWQ2OGM5NWQ2NDJiNDYzZjcyNzYiLCJfYXV0aF91c2VyX2JhY2tlbmQiOiJkamFuZ28uY29udHJpYi5hdXRoLmJhY2tlbmRzLk1vZGVsQmFja2VuZCIsIl9hdXRoX3VzZXJfaWQiOiIxIn0=",
    "expire_date": "2016-05-17T13:48:56.586Z"
  }
},
{
  "model": "sessions.session",
  "pk": "6u6zkfvo0ltpjtzzkkeckg0oa0g966kn",
  "fields": {
    "session_data": "N2UyMGExYmQ2ODI5MGRjZmZmODZkN2Q1Mzg0MWNiZGM4MjIzMTA4Zjp7Il9hdXRoX3VzZXJfaGFzaCI6ImNjOTE2YzZhYTQ3ZWM2Yzk1ZTgxOWQ2OGM5NWQ2NDJiNDYzZjcyNzYiLCJfYXV0aF91c2VyX2JhY2tlbmQiOiJkamFuZ28uY29udHJpYi5hdXRoLmJhY2tlbmRzLk1vZGVsQmFja2VuZCIsIl9hdXRoX3VzZXJfaWQiOiIxIn0=",
    "expire_date": "2016-05-17T14:19:24.791Z"
  }
},
{
  "model": "sessions.session",
  "pk": "6v2etmmtmmy4qhp0oyllppytup92ptx8",
  "fields": {
    "session_data": "N2UyMGExYmQ2ODI5MGRjZmZmODZkN2Q1Mzg0MWNiZGM4MjIzMTA4Zjp7Il9hdXRoX3VzZXJfaGFzaCI6ImNjOTE2YzZhYTQ3ZWM2Yzk1ZTgxOWQ2OGM5NWQ2NDJiNDYzZjcyNzYiLCJfYXV0aF91c2VyX2JhY2tlbmQiOiJkamFuZ28uY29udHJpYi5hdXRoLmJhY2tlbmRzLk1vZGVsQmFja2VuZCIsIl9hdXRoX3VzZXJfaWQiOiIxIn0=",
    "expire_date": "2016-05-30T22:20:36.068Z"
  }
},
{
  "model": "sessions.session",
  "pk": "6wh1ldglu2k3scykpzmd9gr5pxv5918e",
  "fields": {
    "session_data": "N2UyMGExYmQ2ODI5MGRjZmZmODZkN2Q1Mzg0MWNiZGM4MjIzMTA4Zjp7Il9hdXRoX3VzZXJfaGFzaCI6ImNjOTE2YzZhYTQ3ZWM2Yzk1ZTgxOWQ2OGM5NWQ2NDJiNDYzZjcyNzYiLCJfYXV0aF91c2VyX2JhY2tlbmQiOiJkamFuZ28uY29udHJpYi5hdXRoLmJhY2tlbmRzLk1vZGVsQmFja2VuZCIsIl9hdXRoX3VzZXJfaWQiOiIxIn0=",
    "expire_date": "2016-05-30T22:45:30.609Z"
  }
},
{
  "model": "sessions.session",
  "pk": "6yf0zzl5714i86udbzaoufei61qmwka9",
  "fields": {
    "session_data": "N2UyMGExYmQ2ODI5MGRjZmZmODZkN2Q1Mzg0MWNiZGM4MjIzMTA4Zjp7Il9hdXRoX3VzZXJfaGFzaCI6ImNjOTE2YzZhYTQ3ZWM2Yzk1ZTgxOWQ2OGM5NWQ2NDJiNDYzZjcyNzYiLCJfYXV0aF91c2VyX2JhY2tlbmQiOiJkamFuZ28uY29udHJpYi5hdXRoLmJhY2tlbmRzLk1vZGVsQmFja2VuZCIsIl9hdXRoX3VzZXJfaWQiOiIxIn0=",
    "expire_date": "2016-05-17T17:04:45.111Z"
  }
},
{
  "model": "sessions.session",
  "pk": "6yn367tl14dktygcykvudycbjrabfq8e",
  "fields": {
    "session_data": "N2UyMGExYmQ2ODI5MGRjZmZmODZkN2Q1Mzg0MWNiZGM4MjIzMTA4Zjp7Il9hdXRoX3VzZXJfaGFzaCI6ImNjOTE2YzZhYTQ3ZWM2Yzk1ZTgxOWQ2OGM5NWQ2NDJiNDYzZjcyNzYiLCJfYXV0aF91c2VyX2JhY2tlbmQiOiJkamFuZ28uY29udHJpYi5hdXRoLmJhY2tlbmRzLk1vZGVsQmFja2VuZCIsIl9hdXRoX3VzZXJfaWQiOiIxIn0=",
    "expire_date": "2016-05-17T18:50:54.807Z"
  }
},
{
  "model": "sessions.session",
  "pk": "6z55yo37f802xq6843z437xlifg9zibo",
  "fields": {
    "session_data": "N2UyMGExYmQ2ODI5MGRjZmZmODZkN2Q1Mzg0MWNiZGM4MjIzMTA4Zjp7Il9hdXRoX3VzZXJfaGFzaCI6ImNjOTE2YzZhYTQ3ZWM2Yzk1ZTgxOWQ2OGM5NWQ2NDJiNDYzZjcyNzYiLCJfYXV0aF91c2VyX2JhY2tlbmQiOiJkamFuZ28uY29udHJpYi5hdXRoLmJhY2tlbmRzLk1vZGVsQmFja2VuZCIsIl9hdXRoX3VzZXJfaWQiOiIxIn0=",
    "expire_date": "2016-05-27T21:23:28.144Z"
  }
},
{
  "model": "sessions.session",
  "pk": "6z8m2a9q8f0evfpqjdipvod5lvr4lcg1",
  "fields": {
    "session_data": "N2UyMGExYmQ2ODI5MGRjZmZmODZkN2Q1Mzg0MWNiZGM4MjIzMTA4Zjp7Il9hdXRoX3VzZXJfaGFzaCI6ImNjOTE2YzZhYTQ3ZWM2Yzk1ZTgxOWQ2OGM5NWQ2NDJiNDYzZjcyNzYiLCJfYXV0aF91c2VyX2JhY2tlbmQiOiJkamFuZ28uY29udHJpYi5hdXRoLmJhY2tlbmRzLk1vZGVsQmFja2VuZCIsIl9hdXRoX3VzZXJfaWQiOiIxIn0=",
    "expire_date": "2016-05-17T14:09:25.404Z"
  }
},
{
  "model": "sessions.session",
  "pk": "70gww50gs7ixtv2kchj3zyx04tnxnle0",
  "fields": {
    "session_data": "N2UyMGExYmQ2ODI5MGRjZmZmODZkN2Q1Mzg0MWNiZGM4MjIzMTA4Zjp7Il9hdXRoX3VzZXJfaGFzaCI6ImNjOTE2YzZhYTQ3ZWM2Yzk1ZTgxOWQ2OGM5NWQ2NDJiNDYzZjcyNzYiLCJfYXV0aF91c2VyX2JhY2tlbmQiOiJkamFuZ28uY29udHJpYi5hdXRoLmJhY2tlbmRzLk1vZGVsQmFja2VuZCIsIl9hdXRoX3VzZXJfaWQiOiIxIn0=",
    "expire_date": "2016-05-17T15:48:01.679Z"
  }
},
{
  "model": "sessions.session",
  "pk": "7b6hgybjwkmn7a15ezzqqmqd9xfzlmx2",
  "fields": {
    "session_data": "N2UyMGExYmQ2ODI5MGRjZmZmODZkN2Q1Mzg0MWNiZGM4MjIzMTA4Zjp7Il9hdXRoX3VzZXJfaGFzaCI6ImNjOTE2YzZhYTQ3ZWM2Yzk1ZTgxOWQ2OGM5NWQ2NDJiNDYzZjcyNzYiLCJfYXV0aF91c2VyX2JhY2tlbmQiOiJkamFuZ28uY29udHJpYi5hdXRoLmJhY2tlbmRzLk1vZGVsQmFja2VuZCIsIl9hdXRoX3VzZXJfaWQiOiIxIn0=",
    "expire_date": "2016-05-31T22:28:39.923Z"
  }
},
{
  "model": "sessions.session",
  "pk": "7dw39hupdbsv7kuyexejhcw6192k44cu",
  "fields": {
    "session_data": "N2UyMGExYmQ2ODI5MGRjZmZmODZkN2Q1Mzg0MWNiZGM4MjIzMTA4Zjp7Il9hdXRoX3VzZXJfaGFzaCI6ImNjOTE2YzZhYTQ3ZWM2Yzk1ZTgxOWQ2OGM5NWQ2NDJiNDYzZjcyNzYiLCJfYXV0aF91c2VyX2JhY2tlbmQiOiJkamFuZ28uY29udHJpYi5hdXRoLmJhY2tlbmRzLk1vZGVsQmFja2VuZCIsIl9hdXRoX3VzZXJfaWQiOiIxIn0=",
    "expire_date": "2016-05-27T19:54:19.706Z"
  }
},
{
  "model": "sessions.session",
  "pk": "7gl14zyku21mac93uao5ho2lg8dv0bey",
  "fields": {
    "session_data": "N2UyMGExYmQ2ODI5MGRjZmZmODZkN2Q1Mzg0MWNiZGM4MjIzMTA4Zjp7Il9hdXRoX3VzZXJfaGFzaCI6ImNjOTE2YzZhYTQ3ZWM2Yzk1ZTgxOWQ2OGM5NWQ2NDJiNDYzZjcyNzYiLCJfYXV0aF91c2VyX2JhY2tlbmQiOiJkamFuZ28uY29udHJpYi5hdXRoLmJhY2tlbmRzLk1vZGVsQmFja2VuZCIsIl9hdXRoX3VzZXJfaWQiOiIxIn0=",
    "expire_date": "2016-05-30T22:16:41.587Z"
  }
},
{
  "model": "sessions.session",
  "pk": "7h6pmdrjvbu3nnhs86okobh5tia8ywwf",
  "fields": {
    "session_data": "N2UyMGExYmQ2ODI5MGRjZmZmODZkN2Q1Mzg0MWNiZGM4MjIzMTA4Zjp7Il9hdXRoX3VzZXJfaGFzaCI6ImNjOTE2YzZhYTQ3ZWM2Yzk1ZTgxOWQ2OGM5NWQ2NDJiNDYzZjcyNzYiLCJfYXV0aF91c2VyX2JhY2tlbmQiOiJkamFuZ28uY29udHJpYi5hdXRoLmJhY2tlbmRzLk1vZGVsQmFja2VuZCIsIl9hdXRoX3VzZXJfaWQiOiIxIn0=",
    "expire_date": "2016-05-27T18:08:46.177Z"
  }
},
{
  "model": "sessions.session",
  "pk": "7ilauypswwojhr8l7yn07h8rpjxkh1jk",
  "fields": {
    "session_data": "N2UyMGExYmQ2ODI5MGRjZmZmODZkN2Q1Mzg0MWNiZGM4MjIzMTA4Zjp7Il9hdXRoX3VzZXJfaGFzaCI6ImNjOTE2YzZhYTQ3ZWM2Yzk1ZTgxOWQ2OGM5NWQ2NDJiNDYzZjcyNzYiLCJfYXV0aF91c2VyX2JhY2tlbmQiOiJkamFuZ28uY29udHJpYi5hdXRoLmJhY2tlbmRzLk1vZGVsQmFja2VuZCIsIl9hdXRoX3VzZXJfaWQiOiIxIn0=",
    "expire_date": "2016-05-17T18:36:44.429Z"
  }
},
{
  "model": "sessions.session",
  "pk": "7jslx8bswui099i6xc8rcmqifmh2ajdd",
  "fields": {
    "session_data": "N2UyMGExYmQ2ODI5MGRjZmZmODZkN2Q1Mzg0MWNiZGM4MjIzMTA4Zjp7Il9hdXRoX3VzZXJfaGFzaCI6ImNjOTE2YzZhYTQ3ZWM2Yzk1ZTgxOWQ2OGM5NWQ2NDJiNDYzZjcyNzYiLCJfYXV0aF91c2VyX2JhY2tlbmQiOiJkamFuZ28uY29udHJpYi5hdXRoLmJhY2tlbmRzLk1vZGVsQmFja2VuZCIsIl9hdXRoX3VzZXJfaWQiOiIxIn0=",
    "expire_date": "2016-05-17T14:05:15.626Z"
  }
},
{
  "model": "sessions.session",
  "pk": "7o035xqnfk8686vwwx6c3iuydnr8njna",
  "fields": {
    "session_data": "N2UyMGExYmQ2ODI5MGRjZmZmODZkN2Q1Mzg0MWNiZGM4MjIzMTA4Zjp7Il9hdXRoX3VzZXJfaGFzaCI6ImNjOTE2YzZhYTQ3ZWM2Yzk1ZTgxOWQ2OGM5NWQ2NDJiNDYzZjcyNzYiLCJfYXV0aF91c2VyX2JhY2tlbmQiOiJkamFuZ28uY29udHJpYi5hdXRoLmJhY2tlbmRzLk1vZGVsQmFja2VuZCIsIl9hdXRoX3VzZXJfaWQiOiIxIn0=",
    "expire_date": "2016-05-27T21:37:08.082Z"
  }
},
{
  "model": "sessions.session",
  "pk": "7odm808c8db0jv58zrf54sxtei4o3adi",
  "fields": {
    "session_data": "N2UyMGExYmQ2ODI5MGRjZmZmODZkN2Q1Mzg0MWNiZGM4MjIzMTA4Zjp7Il9hdXRoX3VzZXJfaGFzaCI6ImNjOTE2YzZhYTQ3ZWM2Yzk1ZTgxOWQ2OGM5NWQ2NDJiNDYzZjcyNzYiLCJfYXV0aF91c2VyX2JhY2tlbmQiOiJkamFuZ28uY29udHJpYi5hdXRoLmJhY2tlbmRzLk1vZGVsQmFja2VuZCIsIl9hdXRoX3VzZXJfaWQiOiIxIn0=",
    "expire_date": "2016-05-27T21:01:03.787Z"
  }
},
{
  "model": "sessions.session",
  "pk": "7qb842hgf7vgxvuo5jvo9n18eno7wqpd",
  "fields": {
    "session_data": "NjU4NGYwYzViYmNjYWQzODE0Y2U5NDBjMjQ1NDIxNTZiMDMyYzFhMTp7Il9hdXRoX3VzZXJfaGFzaCI6Ijc2NGY0OTJiODkzYTk1NDM0NjAwMDllMjdkMDRiZTA5ZWE3OWU5OWUiLCJfYXV0aF91c2VyX2JhY2tlbmQiOiJkamFuZ28uY29udHJpYi5hdXRoLmJhY2tlbmRzLk1vZGVsQmFja2VuZCIsIl9hdXRoX3VzZXJfaWQiOiIyIn0=",
    "expire_date": "2016-05-27T19:40:58.151Z"
  }
},
{
  "model": "sessions.session",
  "pk": "81h4sagwq3g1b2iptznrtz26jzbola3m",
  "fields": {
    "session_data": "NjU4NGYwYzViYmNjYWQzODE0Y2U5NDBjMjQ1NDIxNTZiMDMyYzFhMTp7Il9hdXRoX3VzZXJfaGFzaCI6Ijc2NGY0OTJiODkzYTk1NDM0NjAwMDllMjdkMDRiZTA5ZWE3OWU5OWUiLCJfYXV0aF91c2VyX2JhY2tlbmQiOiJkamFuZ28uY29udHJpYi5hdXRoLmJhY2tlbmRzLk1vZGVsQmFja2VuZCIsIl9hdXRoX3VzZXJfaWQiOiIyIn0=",
    "expire_date": "2016-05-27T19:31:05.122Z"
  }
},
{
  "model": "sessions.session",
  "pk": "82mk4lj04d0o6agt5wgqhxzd8zk9nqg0",
  "fields": {
    "session_data": "N2UyMGExYmQ2ODI5MGRjZmZmODZkN2Q1Mzg0MWNiZGM4MjIzMTA4Zjp7Il9hdXRoX3VzZXJfaGFzaCI6ImNjOTE2YzZhYTQ3ZWM2Yzk1ZTgxOWQ2OGM5NWQ2NDJiNDYzZjcyNzYiLCJfYXV0aF91c2VyX2JhY2tlbmQiOiJkamFuZ28uY29udHJpYi5hdXRoLmJhY2tlbmRzLk1vZGVsQmFja2VuZCIsIl9hdXRoX3VzZXJfaWQiOiIxIn0=",
    "expire_date": "2016-05-30T21:09:24.783Z"
  }
},
{
  "model": "sessions.session",
  "pk": "8665ojt3mlsqmpt7gkw06qsxlu85lmna",
  "fields": {
    "session_data": "N2UyMGExYmQ2ODI5MGRjZmZmODZkN2Q1Mzg0MWNiZGM4MjIzMTA4Zjp7Il9hdXRoX3VzZXJfaGFzaCI6ImNjOTE2YzZhYTQ3ZWM2Yzk1ZTgxOWQ2OGM5NWQ2NDJiNDYzZjcyNzYiLCJfYXV0aF91c2VyX2JhY2tlbmQiOiJkamFuZ28uY29udHJpYi5hdXRoLmJhY2tlbmRzLk1vZGVsQmFja2VuZCIsIl9hdXRoX3VzZXJfaWQiOiIxIn0=",
    "expire_date": "2016-05-30T22:05:45.074Z"
  }
},
{
  "model": "sessions.session",
  "pk": "88mclk8t67u4tw2zthx8rvivfzlqksjd",
  "fields": {
    "session_data": "N2UyMGExYmQ2ODI5MGRjZmZmODZkN2Q1Mzg0MWNiZGM4MjIzMTA4Zjp7Il9hdXRoX3VzZXJfaGFzaCI6ImNjOTE2YzZhYTQ3ZWM2Yzk1ZTgxOWQ2OGM5NWQ2NDJiNDYzZjcyNzYiLCJfYXV0aF91c2VyX2JhY2tlbmQiOiJkamFuZ28uY29udHJpYi5hdXRoLmJhY2tlbmRzLk1vZGVsQmFja2VuZCIsIl9hdXRoX3VzZXJfaWQiOiIxIn0=",
    "expire_date": "2016-05-27T20:26:55.534Z"
  }
},
{
  "model": "sessions.session",
  "pk": "8a12txrrmqqwbkd000ifqmomhwbiki9q",
  "fields": {
    "session_data": "N2UyMGExYmQ2ODI5MGRjZmZmODZkN2Q1Mzg0MWNiZGM4MjIzMTA4Zjp7Il9hdXRoX3VzZXJfaGFzaCI6ImNjOTE2YzZhYTQ3ZWM2Yzk1ZTgxOWQ2OGM5NWQ2NDJiNDYzZjcyNzYiLCJfYXV0aF91c2VyX2JhY2tlbmQiOiJkamFuZ28uY29udHJpYi5hdXRoLmJhY2tlbmRzLk1vZGVsQmFja2VuZCIsIl9hdXRoX3VzZXJfaWQiOiIxIn0=",
    "expire_date": "2016-05-31T23:27:53.703Z"
  }
},
{
  "model": "sessions.session",
  "pk": "8be82gu66yd6kd1sizk6c86zr3kiq07z",
  "fields": {
    "session_data": "N2UyMGExYmQ2ODI5MGRjZmZmODZkN2Q1Mzg0MWNiZGM4MjIzMTA4Zjp7Il9hdXRoX3VzZXJfaGFzaCI6ImNjOTE2YzZhYTQ3ZWM2Yzk1ZTgxOWQ2OGM5NWQ2NDJiNDYzZjcyNzYiLCJfYXV0aF91c2VyX2JhY2tlbmQiOiJkamFuZ28uY29udHJpYi5hdXRoLmJhY2tlbmRzLk1vZGVsQmFja2VuZCIsIl9hdXRoX3VzZXJfaWQiOiIxIn0=",
    "expire_date": "2016-05-17T16:44:13.464Z"
  }
},
{
  "model": "sessions.session",
  "pk": "8jh6hbq2ufs3hi7yywn7rxvoebni0oxm",
  "fields": {
    "session_data": "N2UyMGExYmQ2ODI5MGRjZmZmODZkN2Q1Mzg0MWNiZGM4MjIzMTA4Zjp7Il9hdXRoX3VzZXJfaGFzaCI6ImNjOTE2YzZhYTQ3ZWM2Yzk1ZTgxOWQ2OGM5NWQ2NDJiNDYzZjcyNzYiLCJfYXV0aF91c2VyX2JhY2tlbmQiOiJkamFuZ28uY29udHJpYi5hdXRoLmJhY2tlbmRzLk1vZGVsQmFja2VuZCIsIl9hdXRoX3VzZXJfaWQiOiIxIn0=",
    "expire_date": "2016-05-30T21:50:18.680Z"
  }
},
{
  "model": "sessions.session",
  "pk": "8mdjm3knjfkzh8jr7glb9t4ks58kk3zf",
  "fields": {
    "session_data": "N2UyMGExYmQ2ODI5MGRjZmZmODZkN2Q1Mzg0MWNiZGM4MjIzMTA4Zjp7Il9hdXRoX3VzZXJfaGFzaCI6ImNjOTE2YzZhYTQ3ZWM2Yzk1ZTgxOWQ2OGM5NWQ2NDJiNDYzZjcyNzYiLCJfYXV0aF91c2VyX2JhY2tlbmQiOiJkamFuZ28uY29udHJpYi5hdXRoLmJhY2tlbmRzLk1vZGVsQmFja2VuZCIsIl9hdXRoX3VzZXJfaWQiOiIxIn0=",
    "expire_date": "2016-06-01T01:20:14.206Z"
  }
},
{
  "model": "sessions.session",
  "pk": "9ji5zgwhe2ryjwvqtzixgc81ijmk0aj1",
  "fields": {
    "session_data": "N2UyMGExYmQ2ODI5MGRjZmZmODZkN2Q1Mzg0MWNiZGM4MjIzMTA4Zjp7Il9hdXRoX3VzZXJfaGFzaCI6ImNjOTE2YzZhYTQ3ZWM2Yzk1ZTgxOWQ2OGM5NWQ2NDJiNDYzZjcyNzYiLCJfYXV0aF91c2VyX2JhY2tlbmQiOiJkamFuZ28uY29udHJpYi5hdXRoLmJhY2tlbmRzLk1vZGVsQmFja2VuZCIsIl9hdXRoX3VzZXJfaWQiOiIxIn0=",
    "expire_date": "2016-05-30T23:17:31.807Z"
  }
},
{
  "model": "sessions.session",
  "pk": "9lv98szbdbz760svm0w61o3o8jkamsbr",
  "fields": {
    "session_data": "N2UyMGExYmQ2ODI5MGRjZmZmODZkN2Q1Mzg0MWNiZGM4MjIzMTA4Zjp7Il9hdXRoX3VzZXJfaGFzaCI6ImNjOTE2YzZhYTQ3ZWM2Yzk1ZTgxOWQ2OGM5NWQ2NDJiNDYzZjcyNzYiLCJfYXV0aF91c2VyX2JhY2tlbmQiOiJkamFuZ28uY29udHJpYi5hdXRoLmJhY2tlbmRzLk1vZGVsQmFja2VuZCIsIl9hdXRoX3VzZXJfaWQiOiIxIn0=",
    "expire_date": "2016-05-31T18:27:19.296Z"
  }
},
{
  "model": "sessions.session",
  "pk": "9mc6g9vmzd7kw2g0ji14m64lp608r6l9",
  "fields": {
    "session_data": "N2UyMGExYmQ2ODI5MGRjZmZmODZkN2Q1Mzg0MWNiZGM4MjIzMTA4Zjp7Il9hdXRoX3VzZXJfaGFzaCI6ImNjOTE2YzZhYTQ3ZWM2Yzk1ZTgxOWQ2OGM5NWQ2NDJiNDYzZjcyNzYiLCJfYXV0aF91c2VyX2JhY2tlbmQiOiJkamFuZ28uY29udHJpYi5hdXRoLmJhY2tlbmRzLk1vZGVsQmFja2VuZCIsIl9hdXRoX3VzZXJfaWQiOiIxIn0=",
    "expire_date": "2016-05-26T21:38:22.696Z"
  }
},
{
  "model": "sessions.session",
  "pk": "9rbq2gboudlx6gzf03omwjghhhznm8in",
  "fields": {
    "session_data": "N2UyMGExYmQ2ODI5MGRjZmZmODZkN2Q1Mzg0MWNiZGM4MjIzMTA4Zjp7Il9hdXRoX3VzZXJfaGFzaCI6ImNjOTE2YzZhYTQ3ZWM2Yzk1ZTgxOWQ2OGM5NWQ2NDJiNDYzZjcyNzYiLCJfYXV0aF91c2VyX2JhY2tlbmQiOiJkamFuZ28uY29udHJpYi5hdXRoLmJhY2tlbmRzLk1vZGVsQmFja2VuZCIsIl9hdXRoX3VzZXJfaWQiOiIxIn0=",
    "expire_date": "2016-05-27T21:41:45.981Z"
  }
},
{
  "model": "sessions.session",
  "pk": "9xz1yu5vrl2yy331pyf47sbqj345w0cc",
  "fields": {
    "session_data": "N2UyMGExYmQ2ODI5MGRjZmZmODZkN2Q1Mzg0MWNiZGM4MjIzMTA4Zjp7Il9hdXRoX3VzZXJfaGFzaCI6ImNjOTE2YzZhYTQ3ZWM2Yzk1ZTgxOWQ2OGM5NWQ2NDJiNDYzZjcyNzYiLCJfYXV0aF91c2VyX2JhY2tlbmQiOiJkamFuZ28uY29udHJpYi5hdXRoLmJhY2tlbmRzLk1vZGVsQmFja2VuZCIsIl9hdXRoX3VzZXJfaWQiOiIxIn0=",
    "expire_date": "2016-05-30T21:49:23.543Z"
  }
},
{
  "model": "sessions.session",
  "pk": "9z5072nhuh7fcye96m1s1ov3ktlkoavk",
  "fields": {
    "session_data": "NjU4NGYwYzViYmNjYWQzODE0Y2U5NDBjMjQ1NDIxNTZiMDMyYzFhMTp7Il9hdXRoX3VzZXJfaGFzaCI6Ijc2NGY0OTJiODkzYTk1NDM0NjAwMDllMjdkMDRiZTA5ZWE3OWU5OWUiLCJfYXV0aF91c2VyX2JhY2tlbmQiOiJkamFuZ28uY29udHJpYi5hdXRoLmJhY2tlbmRzLk1vZGVsQmFja2VuZCIsIl9hdXRoX3VzZXJfaWQiOiIyIn0=",
    "expire_date": "2016-05-27T19:18:47.880Z"
  }
},
{
  "model": "sessions.session",
  "pk": "a12246avoo00prl25dzse1jbkf4pq49d",
  "fields": {
    "session_data": "N2UyMGExYmQ2ODI5MGRjZmZmODZkN2Q1Mzg0MWNiZGM4MjIzMTA4Zjp7Il9hdXRoX3VzZXJfaGFzaCI6ImNjOTE2YzZhYTQ3ZWM2Yzk1ZTgxOWQ2OGM5NWQ2NDJiNDYzZjcyNzYiLCJfYXV0aF91c2VyX2JhY2tlbmQiOiJkamFuZ28uY29udHJpYi5hdXRoLmJhY2tlbmRzLk1vZGVsQmFja2VuZCIsIl9hdXRoX3VzZXJfaWQiOiIxIn0=",
    "expire_date": "2016-05-30T20:29:39.775Z"
  }
},
{
  "model": "sessions.session",
  "pk": "ah4pk5tl62fun91jdvz5biarl0pwuyy8",
  "fields": {
    "session_data": "N2UyMGExYmQ2ODI5MGRjZmZmODZkN2Q1Mzg0MWNiZGM4MjIzMTA4Zjp7Il9hdXRoX3VzZXJfaGFzaCI6ImNjOTE2YzZhYTQ3ZWM2Yzk1ZTgxOWQ2OGM5NWQ2NDJiNDYzZjcyNzYiLCJfYXV0aF91c2VyX2JhY2tlbmQiOiJkamFuZ28uY29udHJpYi5hdXRoLmJhY2tlbmRzLk1vZGVsQmFja2VuZCIsIl9hdXRoX3VzZXJfaWQiOiIxIn0=",
    "expire_date": "2016-05-27T20:03:50.972Z"
  }
},
{
  "model": "sessions.session",
  "pk": "ahvfnt3yg3j2seee2oabko18np5kpl8b",
  "fields": {
    "session_data": "NjU4NGYwYzViYmNjYWQzODE0Y2U5NDBjMjQ1NDIxNTZiMDMyYzFhMTp7Il9hdXRoX3VzZXJfaGFzaCI6Ijc2NGY0OTJiODkzYTk1NDM0NjAwMDllMjdkMDRiZTA5ZWE3OWU5OWUiLCJfYXV0aF91c2VyX2JhY2tlbmQiOiJkamFuZ28uY29udHJpYi5hdXRoLmJhY2tlbmRzLk1vZGVsQmFja2VuZCIsIl9hdXRoX3VzZXJfaWQiOiIyIn0=",
    "expire_date": "2016-05-27T19:14:22.178Z"
  }
},
{
  "model": "sessions.session",
  "pk": "aibtsniw8k3hntjlm0s8a3unypployue",
  "fields": {
    "session_data": "N2UyMGExYmQ2ODI5MGRjZmZmODZkN2Q1Mzg0MWNiZGM4MjIzMTA4Zjp7Il9hdXRoX3VzZXJfaGFzaCI6ImNjOTE2YzZhYTQ3ZWM2Yzk1ZTgxOWQ2OGM5NWQ2NDJiNDYzZjcyNzYiLCJfYXV0aF91c2VyX2JhY2tlbmQiOiJkamFuZ28uY29udHJpYi5hdXRoLmJhY2tlbmRzLk1vZGVsQmFja2VuZCIsIl9hdXRoX3VzZXJfaWQiOiIxIn0=",
    "expire_date": "2016-05-26T21:38:03.903Z"
  }
},
{
  "model": "sessions.session",
  "pk": "am99bbr39fvce9fnv8ah1fgggjhrgzy7",
  "fields": {
    "session_data": "N2UyMGExYmQ2ODI5MGRjZmZmODZkN2Q1Mzg0MWNiZGM4MjIzMTA4Zjp7Il9hdXRoX3VzZXJfaGFzaCI6ImNjOTE2YzZhYTQ3ZWM2Yzk1ZTgxOWQ2OGM5NWQ2NDJiNDYzZjcyNzYiLCJfYXV0aF91c2VyX2JhY2tlbmQiOiJkamFuZ28uY29udHJpYi5hdXRoLmJhY2tlbmRzLk1vZGVsQmFja2VuZCIsIl9hdXRoX3VzZXJfaWQiOiIxIn0=",
    "expire_date": "2016-05-30T21:39:19.049Z"
  }
},
{
  "model": "sessions.session",
  "pk": "an5zje3dinrzpa55j3mwfqlwfmvolhfu",
  "fields": {
    "session_data": "N2UyMGExYmQ2ODI5MGRjZmZmODZkN2Q1Mzg0MWNiZGM4MjIzMTA4Zjp7Il9hdXRoX3VzZXJfaGFzaCI6ImNjOTE2YzZhYTQ3ZWM2Yzk1ZTgxOWQ2OGM5NWQ2NDJiNDYzZjcyNzYiLCJfYXV0aF91c2VyX2JhY2tlbmQiOiJkamFuZ28uY29udHJpYi5hdXRoLmJhY2tlbmRzLk1vZGVsQmFja2VuZCIsIl9hdXRoX3VzZXJfaWQiOiIxIn0=",
    "expire_date": "2016-05-30T23:14:31.303Z"
  }
},
{
  "model": "sessions.session",
  "pk": "ar82b82r8y87abfawo74az0id1pmlkqp",
  "fields": {
    "session_data": "N2UyMGExYmQ2ODI5MGRjZmZmODZkN2Q1Mzg0MWNiZGM4MjIzMTA4Zjp7Il9hdXRoX3VzZXJfaGFzaCI6ImNjOTE2YzZhYTQ3ZWM2Yzk1ZTgxOWQ2OGM5NWQ2NDJiNDYzZjcyNzYiLCJfYXV0aF91c2VyX2JhY2tlbmQiOiJkamFuZ28uY29udHJpYi5hdXRoLmJhY2tlbmRzLk1vZGVsQmFja2VuZCIsIl9hdXRoX3VzZXJfaWQiOiIxIn0=",
    "expire_date": "2016-06-05T22:18:05.465Z"
  }
},
{
  "model": "sessions.session",
  "pk": "ard5oxrgp9xcdxiv8nzo1wfabmlq9mj2",
  "fields": {
    "session_data": "NjU4NGYwYzViYmNjYWQzODE0Y2U5NDBjMjQ1NDIxNTZiMDMyYzFhMTp7Il9hdXRoX3VzZXJfaGFzaCI6Ijc2NGY0OTJiODkzYTk1NDM0NjAwMDllMjdkMDRiZTA5ZWE3OWU5OWUiLCJfYXV0aF91c2VyX2JhY2tlbmQiOiJkamFuZ28uY29udHJpYi5hdXRoLmJhY2tlbmRzLk1vZGVsQmFja2VuZCIsIl9hdXRoX3VzZXJfaWQiOiIyIn0=",
    "expire_date": "2016-05-27T19:01:39.718Z"
  }
},
{
  "model": "sessions.session",
  "pk": "ariz5dcozt4zw5d8767srd527v9wfgmk",
  "fields": {
    "session_data": "N2UyMGExYmQ2ODI5MGRjZmZmODZkN2Q1Mzg0MWNiZGM4MjIzMTA4Zjp7Il9hdXRoX3VzZXJfaGFzaCI6ImNjOTE2YzZhYTQ3ZWM2Yzk1ZTgxOWQ2OGM5NWQ2NDJiNDYzZjcyNzYiLCJfYXV0aF91c2VyX2JhY2tlbmQiOiJkamFuZ28uY29udHJpYi5hdXRoLmJhY2tlbmRzLk1vZGVsQmFja2VuZCIsIl9hdXRoX3VzZXJfaWQiOiIxIn0=",
    "expire_date": "2016-05-17T17:39:57.076Z"
  }
},
{
  "model": "sessions.session",
  "pk": "astcfwjz79n9bi82d0v2t50sbobowfiq",
  "fields": {
    "session_data": "N2UyMGExYmQ2ODI5MGRjZmZmODZkN2Q1Mzg0MWNiZGM4MjIzMTA4Zjp7Il9hdXRoX3VzZXJfaGFzaCI6ImNjOTE2YzZhYTQ3ZWM2Yzk1ZTgxOWQ2OGM5NWQ2NDJiNDYzZjcyNzYiLCJfYXV0aF91c2VyX2JhY2tlbmQiOiJkamFuZ28uY29udHJpYi5hdXRoLmJhY2tlbmRzLk1vZGVsQmFja2VuZCIsIl9hdXRoX3VzZXJfaWQiOiIxIn0=",
    "expire_date": "2016-05-27T20:25:34.124Z"
  }
},
{
  "model": "sessions.session",
  "pk": "augdazdh3tpdpdtvvg3t1hbvnx3m1fwt",
  "fields": {
    "session_data": "N2UyMGExYmQ2ODI5MGRjZmZmODZkN2Q1Mzg0MWNiZGM4MjIzMTA4Zjp7Il9hdXRoX3VzZXJfaGFzaCI6ImNjOTE2YzZhYTQ3ZWM2Yzk1ZTgxOWQ2OGM5NWQ2NDJiNDYzZjcyNzYiLCJfYXV0aF91c2VyX2JhY2tlbmQiOiJkamFuZ28uY29udHJpYi5hdXRoLmJhY2tlbmRzLk1vZGVsQmFja2VuZCIsIl9hdXRoX3VzZXJfaWQiOiIxIn0=",
    "expire_date": "2016-05-17T14:04:32.788Z"
  }
},
{
  "model": "sessions.session",
  "pk": "ay0jsuwz7ct2jcpg3vgb6k7yq4y0er9r",
  "fields": {
    "session_data": "NjU4NGYwYzViYmNjYWQzODE0Y2U5NDBjMjQ1NDIxNTZiMDMyYzFhMTp7Il9hdXRoX3VzZXJfaGFzaCI6Ijc2NGY0OTJiODkzYTk1NDM0NjAwMDllMjdkMDRiZTA5ZWE3OWU5OWUiLCJfYXV0aF91c2VyX2JhY2tlbmQiOiJkamFuZ28uY29udHJpYi5hdXRoLmJhY2tlbmRzLk1vZGVsQmFja2VuZCIsIl9hdXRoX3VzZXJfaWQiOiIyIn0=",
    "expire_date": "2016-05-27T19:33:11.500Z"
  }
},
{
  "model": "sessions.session",
  "pk": "ayl2zxdwmapf4y8d6ea622tnttwzqw6t",
  "fields": {
    "session_data": "N2UyMGExYmQ2ODI5MGRjZmZmODZkN2Q1Mzg0MWNiZGM4MjIzMTA4Zjp7Il9hdXRoX3VzZXJfaGFzaCI6ImNjOTE2YzZhYTQ3ZWM2Yzk1ZTgxOWQ2OGM5NWQ2NDJiNDYzZjcyNzYiLCJfYXV0aF91c2VyX2JhY2tlbmQiOiJkamFuZ28uY29udHJpYi5hdXRoLmJhY2tlbmRzLk1vZGVsQmFja2VuZCIsIl9hdXRoX3VzZXJfaWQiOiIxIn0=",
    "expire_date": "2016-05-30T19:55:11.572Z"
  }
},
{
  "model": "sessions.session",
  "pk": "azglxfygxwhdo9mma6sf969jusy6phtt",
  "fields": {
    "session_data": "N2UyMGExYmQ2ODI5MGRjZmZmODZkN2Q1Mzg0MWNiZGM4MjIzMTA4Zjp7Il9hdXRoX3VzZXJfaGFzaCI6ImNjOTE2YzZhYTQ3ZWM2Yzk1ZTgxOWQ2OGM5NWQ2NDJiNDYzZjcyNzYiLCJfYXV0aF91c2VyX2JhY2tlbmQiOiJkamFuZ28uY29udHJpYi5hdXRoLmJhY2tlbmRzLk1vZGVsQmFja2VuZCIsIl9hdXRoX3VzZXJfaWQiOiIxIn0=",
    "expire_date": "2016-05-27T21:03:26.202Z"
  }
},
{
  "model": "sessions.session",
  "pk": "b1glnuexx8z74li1etb1fzeywv4gznli",
  "fields": {
    "session_data": "N2UyMGExYmQ2ODI5MGRjZmZmODZkN2Q1Mzg0MWNiZGM4MjIzMTA4Zjp7Il9hdXRoX3VzZXJfaGFzaCI6ImNjOTE2YzZhYTQ3ZWM2Yzk1ZTgxOWQ2OGM5NWQ2NDJiNDYzZjcyNzYiLCJfYXV0aF91c2VyX2JhY2tlbmQiOiJkamFuZ28uY29udHJpYi5hdXRoLmJhY2tlbmRzLk1vZGVsQmFja2VuZCIsIl9hdXRoX3VzZXJfaWQiOiIxIn0=",
    "expire_date": "2016-05-26T21:40:06.043Z"
  }
},
{
  "model": "sessions.session",
  "pk": "b4uftl84ots551aqo0x3lt18xjd5bkhu",
  "fields": {
    "session_data": "N2UyMGExYmQ2ODI5MGRjZmZmODZkN2Q1Mzg0MWNiZGM4MjIzMTA4Zjp7Il9hdXRoX3VzZXJfaGFzaCI6ImNjOTE2YzZhYTQ3ZWM2Yzk1ZTgxOWQ2OGM5NWQ2NDJiNDYzZjcyNzYiLCJfYXV0aF91c2VyX2JhY2tlbmQiOiJkamFuZ28uY29udHJpYi5hdXRoLmJhY2tlbmRzLk1vZGVsQmFja2VuZCIsIl9hdXRoX3VzZXJfaWQiOiIxIn0=",
    "expire_date": "2016-05-27T18:14:49.214Z"
  }
},
{
  "model": "sessions.session",
  "pk": "b64wdavzo7wisttasx25hp06bgs5iw8g",
  "fields": {
    "session_data": "NjU4NGYwYzViYmNjYWQzODE0Y2U5NDBjMjQ1NDIxNTZiMDMyYzFhMTp7Il9hdXRoX3VzZXJfaGFzaCI6Ijc2NGY0OTJiODkzYTk1NDM0NjAwMDllMjdkMDRiZTA5ZWE3OWU5OWUiLCJfYXV0aF91c2VyX2JhY2tlbmQiOiJkamFuZ28uY29udHJpYi5hdXRoLmJhY2tlbmRzLk1vZGVsQmFja2VuZCIsIl9hdXRoX3VzZXJfaWQiOiIyIn0=",
    "expire_date": "2016-06-02T20:54:47.595Z"
  }
},
{
  "model": "sessions.session",
  "pk": "bacthbzdum5j65cn9txfh8lzqyqct4ii",
  "fields": {
    "session_data": "NjU4NGYwYzViYmNjYWQzODE0Y2U5NDBjMjQ1NDIxNTZiMDMyYzFhMTp7Il9hdXRoX3VzZXJfaGFzaCI6Ijc2NGY0OTJiODkzYTk1NDM0NjAwMDllMjdkMDRiZTA5ZWE3OWU5OWUiLCJfYXV0aF91c2VyX2JhY2tlbmQiOiJkamFuZ28uY29udHJpYi5hdXRoLmJhY2tlbmRzLk1vZGVsQmFja2VuZCIsIl9hdXRoX3VzZXJfaWQiOiIyIn0=",
    "expire_date": "2016-05-27T19:11:41.485Z"
  }
},
{
  "model": "sessions.session",
  "pk": "bi46l6oe4526cwg7aghq65hym09gmql8",
  "fields": {
    "session_data": "N2UyMGExYmQ2ODI5MGRjZmZmODZkN2Q1Mzg0MWNiZGM4MjIzMTA4Zjp7Il9hdXRoX3VzZXJfaGFzaCI6ImNjOTE2YzZhYTQ3ZWM2Yzk1ZTgxOWQ2OGM5NWQ2NDJiNDYzZjcyNzYiLCJfYXV0aF91c2VyX2JhY2tlbmQiOiJkamFuZ28uY29udHJpYi5hdXRoLmJhY2tlbmRzLk1vZGVsQmFja2VuZCIsIl9hdXRoX3VzZXJfaWQiOiIxIn0=",
    "expire_date": "2016-05-27T17:57:45.937Z"
  }
},
{
  "model": "sessions.session",
  "pk": "bkk7h5x2619cyp622xebidy9uup5p3u0",
  "fields": {
    "session_data": "N2UyMGExYmQ2ODI5MGRjZmZmODZkN2Q1Mzg0MWNiZGM4MjIzMTA4Zjp7Il9hdXRoX3VzZXJfaGFzaCI6ImNjOTE2YzZhYTQ3ZWM2Yzk1ZTgxOWQ2OGM5NWQ2NDJiNDYzZjcyNzYiLCJfYXV0aF91c2VyX2JhY2tlbmQiOiJkamFuZ28uY29udHJpYi5hdXRoLmJhY2tlbmRzLk1vZGVsQmFja2VuZCIsIl9hdXRoX3VzZXJfaWQiOiIxIn0=",
    "expire_date": "2016-05-27T21:37:23.592Z"
  }
},
{
  "model": "sessions.session",
  "pk": "bo786u6mce065mf9rr89u3f7ft5mckti",
  "fields": {
    "session_data": "N2UyMGExYmQ2ODI5MGRjZmZmODZkN2Q1Mzg0MWNiZGM4MjIzMTA4Zjp7Il9hdXRoX3VzZXJfaGFzaCI6ImNjOTE2YzZhYTQ3ZWM2Yzk1ZTgxOWQ2OGM5NWQ2NDJiNDYzZjcyNzYiLCJfYXV0aF91c2VyX2JhY2tlbmQiOiJkamFuZ28uY29udHJpYi5hdXRoLmJhY2tlbmRzLk1vZGVsQmFja2VuZCIsIl9hdXRoX3VzZXJfaWQiOiIxIn0=",
    "expire_date": "2016-05-30T22:21:07.110Z"
  }
},
{
  "model": "sessions.session",
  "pk": "bozrporskg3djson6m641spnfzq7kkx5",
  "fields": {
    "session_data": "N2UyMGExYmQ2ODI5MGRjZmZmODZkN2Q1Mzg0MWNiZGM4MjIzMTA4Zjp7Il9hdXRoX3VzZXJfaGFzaCI6ImNjOTE2YzZhYTQ3ZWM2Yzk1ZTgxOWQ2OGM5NWQ2NDJiNDYzZjcyNzYiLCJfYXV0aF91c2VyX2JhY2tlbmQiOiJkamFuZ28uY29udHJpYi5hdXRoLmJhY2tlbmRzLk1vZGVsQmFja2VuZCIsIl9hdXRoX3VzZXJfaWQiOiIxIn0=",
    "expire_date": "2016-05-27T20:20:04.555Z"
  }
},
{
  "model": "sessions.session",
  "pk": "bsy4gqy2eacmsakglo0mb5ul9msfychm",
  "fields": {
    "session_data": "N2UyMGExYmQ2ODI5MGRjZmZmODZkN2Q1Mzg0MWNiZGM4MjIzMTA4Zjp7Il9hdXRoX3VzZXJfaGFzaCI6ImNjOTE2YzZhYTQ3ZWM2Yzk1ZTgxOWQ2OGM5NWQ2NDJiNDYzZjcyNzYiLCJfYXV0aF91c2VyX2JhY2tlbmQiOiJkamFuZ28uY29udHJpYi5hdXRoLmJhY2tlbmRzLk1vZGVsQmFja2VuZCIsIl9hdXRoX3VzZXJfaWQiOiIxIn0=",
    "expire_date": "2016-05-17T15:43:53.092Z"
  }
},
{
  "model": "sessions.session",
  "pk": "bu1pym1xs78dwpdnhq6vevo42nfv9k9y",
  "fields": {
    "session_data": "N2UyMGExYmQ2ODI5MGRjZmZmODZkN2Q1Mzg0MWNiZGM4MjIzMTA4Zjp7Il9hdXRoX3VzZXJfaGFzaCI6ImNjOTE2YzZhYTQ3ZWM2Yzk1ZTgxOWQ2OGM5NWQ2NDJiNDYzZjcyNzYiLCJfYXV0aF91c2VyX2JhY2tlbmQiOiJkamFuZ28uY29udHJpYi5hdXRoLmJhY2tlbmRzLk1vZGVsQmFja2VuZCIsIl9hdXRoX3VzZXJfaWQiOiIxIn0=",
    "expire_date": "2016-05-17T15:44:49.509Z"
  }
},
{
  "model": "sessions.session",
  "pk": "bvpbkm8rhbf60hlh5i8a4vct2ceqmikz",
  "fields": {
    "session_data": "NjU4NGYwYzViYmNjYWQzODE0Y2U5NDBjMjQ1NDIxNTZiMDMyYzFhMTp7Il9hdXRoX3VzZXJfaGFzaCI6Ijc2NGY0OTJiODkzYTk1NDM0NjAwMDllMjdkMDRiZTA5ZWE3OWU5OWUiLCJfYXV0aF91c2VyX2JhY2tlbmQiOiJkamFuZ28uY29udHJpYi5hdXRoLmJhY2tlbmRzLk1vZGVsQmFja2VuZCIsIl9hdXRoX3VzZXJfaWQiOiIyIn0=",
    "expire_date": "2016-05-27T19:05:53.448Z"
  }
},
{
  "model": "sessions.session",
  "pk": "bxaf1u95puh69a48e6aoektupy19bj76",
  "fields": {
    "session_data": "N2UyMGExYmQ2ODI5MGRjZmZmODZkN2Q1Mzg0MWNiZGM4MjIzMTA4Zjp7Il9hdXRoX3VzZXJfaGFzaCI6ImNjOTE2YzZhYTQ3ZWM2Yzk1ZTgxOWQ2OGM5NWQ2NDJiNDYzZjcyNzYiLCJfYXV0aF91c2VyX2JhY2tlbmQiOiJkamFuZ28uY29udHJpYi5hdXRoLmJhY2tlbmRzLk1vZGVsQmFja2VuZCIsIl9hdXRoX3VzZXJfaWQiOiIxIn0=",
    "expire_date": "2016-05-17T16:42:32.567Z"
  }
},
{
  "model": "sessions.session",
  "pk": "bygyhv4gc404tatr0w9o1nj9klstka9l",
  "fields": {
    "session_data": "N2UyMGExYmQ2ODI5MGRjZmZmODZkN2Q1Mzg0MWNiZGM4MjIzMTA4Zjp7Il9hdXRoX3VzZXJfaGFzaCI6ImNjOTE2YzZhYTQ3ZWM2Yzk1ZTgxOWQ2OGM5NWQ2NDJiNDYzZjcyNzYiLCJfYXV0aF91c2VyX2JhY2tlbmQiOiJkamFuZ28uY29udHJpYi5hdXRoLmJhY2tlbmRzLk1vZGVsQmFja2VuZCIsIl9hdXRoX3VzZXJfaWQiOiIxIn0=",
    "expire_date": "2016-06-04T17:03:55.791Z"
  }
},
{
  "model": "sessions.session",
  "pk": "byxddudcpm8u66pmx6h4yzphlbm8lcig",
  "fields": {
    "session_data": "NjU4NGYwYzViYmNjYWQzODE0Y2U5NDBjMjQ1NDIxNTZiMDMyYzFhMTp7Il9hdXRoX3VzZXJfaGFzaCI6Ijc2NGY0OTJiODkzYTk1NDM0NjAwMDllMjdkMDRiZTA5ZWE3OWU5OWUiLCJfYXV0aF91c2VyX2JhY2tlbmQiOiJkamFuZ28uY29udHJpYi5hdXRoLmJhY2tlbmRzLk1vZGVsQmFja2VuZCIsIl9hdXRoX3VzZXJfaWQiOiIyIn0=",
    "expire_date": "2016-05-27T19:04:20.932Z"
  }
},
{
  "model": "sessions.session",
  "pk": "c2mqrpocq41h2o7b3ah2hsmpemm76sp3",
  "fields": {
    "session_data": "N2UyMGExYmQ2ODI5MGRjZmZmODZkN2Q1Mzg0MWNiZGM4MjIzMTA4Zjp7Il9hdXRoX3VzZXJfaGFzaCI6ImNjOTE2YzZhYTQ3ZWM2Yzk1ZTgxOWQ2OGM5NWQ2NDJiNDYzZjcyNzYiLCJfYXV0aF91c2VyX2JhY2tlbmQiOiJkamFuZ28uY29udHJpYi5hdXRoLmJhY2tlbmRzLk1vZGVsQmFja2VuZCIsIl9hdXRoX3VzZXJfaWQiOiIxIn0=",
    "expire_date": "2016-05-30T20:30:57.862Z"
  }
},
{
  "model": "sessions.session",
  "pk": "c2z9qc66r69gb9f4vhhklbsil0qgf85p",
  "fields": {
    "session_data": "N2UyMGExYmQ2ODI5MGRjZmZmODZkN2Q1Mzg0MWNiZGM4MjIzMTA4Zjp7Il9hdXRoX3VzZXJfaGFzaCI6ImNjOTE2YzZhYTQ3ZWM2Yzk1ZTgxOWQ2OGM5NWQ2NDJiNDYzZjcyNzYiLCJfYXV0aF91c2VyX2JhY2tlbmQiOiJkamFuZ28uY29udHJpYi5hdXRoLmJhY2tlbmRzLk1vZGVsQmFja2VuZCIsIl9hdXRoX3VzZXJfaWQiOiIxIn0=",
    "expire_date": "2016-05-27T18:51:48.908Z"
  }
},
{
  "model": "sessions.session",
  "pk": "c48968gg01ns9wlb0ehq49p4pj267heh",
  "fields": {
    "session_data": "N2UyMGExYmQ2ODI5MGRjZmZmODZkN2Q1Mzg0MWNiZGM4MjIzMTA4Zjp7Il9hdXRoX3VzZXJfaGFzaCI6ImNjOTE2YzZhYTQ3ZWM2Yzk1ZTgxOWQ2OGM5NWQ2NDJiNDYzZjcyNzYiLCJfYXV0aF91c2VyX2JhY2tlbmQiOiJkamFuZ28uY29udHJpYi5hdXRoLmJhY2tlbmRzLk1vZGVsQmFja2VuZCIsIl9hdXRoX3VzZXJfaWQiOiIxIn0=",
    "expire_date": "2016-05-17T16:03:55.179Z"
  }
},
{
  "model": "sessions.session",
  "pk": "c6isuj4b3mnf5t0uiuzczpkgya8q4s3q",
  "fields": {
    "session_data": "N2UyMGExYmQ2ODI5MGRjZmZmODZkN2Q1Mzg0MWNiZGM4MjIzMTA4Zjp7Il9hdXRoX3VzZXJfaGFzaCI6ImNjOTE2YzZhYTQ3ZWM2Yzk1ZTgxOWQ2OGM5NWQ2NDJiNDYzZjcyNzYiLCJfYXV0aF91c2VyX2JhY2tlbmQiOiJkamFuZ28uY29udHJpYi5hdXRoLmJhY2tlbmRzLk1vZGVsQmFja2VuZCIsIl9hdXRoX3VzZXJfaWQiOiIxIn0=",
    "expire_date": "2016-06-13T13:22:32.806Z"
  }
},
{
  "model": "sessions.session",
  "pk": "c6z3fx64abaqlpa3jm5gp75o7b6hxw7h",
  "fields": {
    "session_data": "N2UyMGExYmQ2ODI5MGRjZmZmODZkN2Q1Mzg0MWNiZGM4MjIzMTA4Zjp7Il9hdXRoX3VzZXJfaGFzaCI6ImNjOTE2YzZhYTQ3ZWM2Yzk1ZTgxOWQ2OGM5NWQ2NDJiNDYzZjcyNzYiLCJfYXV0aF91c2VyX2JhY2tlbmQiOiJkamFuZ28uY29udHJpYi5hdXRoLmJhY2tlbmRzLk1vZGVsQmFja2VuZCIsIl9hdXRoX3VzZXJfaWQiOiIxIn0=",
    "expire_date": "2016-05-30T23:20:30.376Z"
  }
},
{
  "model": "sessions.session",
  "pk": "c87r3luu2rvj7f6nce91n4kgpe9m6u78",
  "fields": {
    "session_data": "N2UyMGExYmQ2ODI5MGRjZmZmODZkN2Q1Mzg0MWNiZGM4MjIzMTA4Zjp7Il9hdXRoX3VzZXJfaGFzaCI6ImNjOTE2YzZhYTQ3ZWM2Yzk1ZTgxOWQ2OGM5NWQ2NDJiNDYzZjcyNzYiLCJfYXV0aF91c2VyX2JhY2tlbmQiOiJkamFuZ28uY29udHJpYi5hdXRoLmJhY2tlbmRzLk1vZGVsQmFja2VuZCIsIl9hdXRoX3VzZXJfaWQiOiIxIn0=",
    "expire_date": "2016-05-31T19:21:30.952Z"
  }
},
{
  "model": "sessions.session",
  "pk": "c8cmetsbkbd2h47u5dfj1o7ljzmxxe6i",
  "fields": {
    "session_data": "NjU4NGYwYzViYmNjYWQzODE0Y2U5NDBjMjQ1NDIxNTZiMDMyYzFhMTp7Il9hdXRoX3VzZXJfaGFzaCI6Ijc2NGY0OTJiODkzYTk1NDM0NjAwMDllMjdkMDRiZTA5ZWE3OWU5OWUiLCJfYXV0aF91c2VyX2JhY2tlbmQiOiJkamFuZ28uY29udHJpYi5hdXRoLmJhY2tlbmRzLk1vZGVsQmFja2VuZCIsIl9hdXRoX3VzZXJfaWQiOiIyIn0=",
    "expire_date": "2016-05-27T19:30:02.926Z"
  }
},
{
  "model": "sessions.session",
  "pk": "ciojs08pgjgp9t6cwcs1vt52q7twlxp0",
  "fields": {
    "session_data": "N2UyMGExYmQ2ODI5MGRjZmZmODZkN2Q1Mzg0MWNiZGM4MjIzMTA4Zjp7Il9hdXRoX3VzZXJfaGFzaCI6ImNjOTE2YzZhYTQ3ZWM2Yzk1ZTgxOWQ2OGM5NWQ2NDJiNDYzZjcyNzYiLCJfYXV0aF91c2VyX2JhY2tlbmQiOiJkamFuZ28uY29udHJpYi5hdXRoLmJhY2tlbmRzLk1vZGVsQmFja2VuZCIsIl9hdXRoX3VzZXJfaWQiOiIxIn0=",
    "expire_date": "2016-05-27T19:59:59.873Z"
  }
},
{
  "model": "sessions.session",
  "pk": "ciyol6nerh7vdiwo3u1yqea2z8pkm77s",
  "fields": {
    "session_data": "N2UyMGExYmQ2ODI5MGRjZmZmODZkN2Q1Mzg0MWNiZGM4MjIzMTA4Zjp7Il9hdXRoX3VzZXJfaGFzaCI6ImNjOTE2YzZhYTQ3ZWM2Yzk1ZTgxOWQ2OGM5NWQ2NDJiNDYzZjcyNzYiLCJfYXV0aF91c2VyX2JhY2tlbmQiOiJkamFuZ28uY29udHJpYi5hdXRoLmJhY2tlbmRzLk1vZGVsQmFja2VuZCIsIl9hdXRoX3VzZXJfaWQiOiIxIn0=",
    "expire_date": "2016-05-17T12:34:27.847Z"
  }
},
{
  "model": "sessions.session",
  "pk": "ckg808rzksfb6i56l4ccs5htp478i67g",
  "fields": {
    "session_data": "N2UyMGExYmQ2ODI5MGRjZmZmODZkN2Q1Mzg0MWNiZGM4MjIzMTA4Zjp7Il9hdXRoX3VzZXJfaGFzaCI6ImNjOTE2YzZhYTQ3ZWM2Yzk1ZTgxOWQ2OGM5NWQ2NDJiNDYzZjcyNzYiLCJfYXV0aF91c2VyX2JhY2tlbmQiOiJkamFuZ28uY29udHJpYi5hdXRoLmJhY2tlbmRzLk1vZGVsQmFja2VuZCIsIl9hdXRoX3VzZXJfaWQiOiIxIn0=",
    "expire_date": "2016-05-17T13:59:13.271Z"
  }
},
{
  "model": "sessions.session",
  "pk": "cmc1zpa0n1psfc1papnsgrq48xicoia0",
  "fields": {
    "session_data": "N2UyMGExYmQ2ODI5MGRjZmZmODZkN2Q1Mzg0MWNiZGM4MjIzMTA4Zjp7Il9hdXRoX3VzZXJfaGFzaCI6ImNjOTE2YzZhYTQ3ZWM2Yzk1ZTgxOWQ2OGM5NWQ2NDJiNDYzZjcyNzYiLCJfYXV0aF91c2VyX2JhY2tlbmQiOiJkamFuZ28uY29udHJpYi5hdXRoLmJhY2tlbmRzLk1vZGVsQmFja2VuZCIsIl9hdXRoX3VzZXJfaWQiOiIxIn0=",
    "expire_date": "2016-05-27T20:30:41.417Z"
  }
},
{
  "model": "sessions.session",
  "pk": "cvytqcbu3oqpc9vqqxw661qhqphlplli",
  "fields": {
    "session_data": "NjU4NGYwYzViYmNjYWQzODE0Y2U5NDBjMjQ1NDIxNTZiMDMyYzFhMTp7Il9hdXRoX3VzZXJfaGFzaCI6Ijc2NGY0OTJiODkzYTk1NDM0NjAwMDllMjdkMDRiZTA5ZWE3OWU5OWUiLCJfYXV0aF91c2VyX2JhY2tlbmQiOiJkamFuZ28uY29udHJpYi5hdXRoLmJhY2tlbmRzLk1vZGVsQmFja2VuZCIsIl9hdXRoX3VzZXJfaWQiOiIyIn0=",
    "expire_date": "2016-05-27T19:20:18.133Z"
  }
},
{
  "model": "sessions.session",
  "pk": "cw9pbdlhy7nbt6w5jwmzlns00jmq0s8o",
  "fields": {
    "session_data": "N2UyMGExYmQ2ODI5MGRjZmZmODZkN2Q1Mzg0MWNiZGM4MjIzMTA4Zjp7Il9hdXRoX3VzZXJfaGFzaCI6ImNjOTE2YzZhYTQ3ZWM2Yzk1ZTgxOWQ2OGM5NWQ2NDJiNDYzZjcyNzYiLCJfYXV0aF91c2VyX2JhY2tlbmQiOiJkamFuZ28uY29udHJpYi5hdXRoLmJhY2tlbmRzLk1vZGVsQmFja2VuZCIsIl9hdXRoX3VzZXJfaWQiOiIxIn0=",
    "expire_date": "2016-06-07T14:20:03.811Z"
  }
},
{
  "model": "sessions.session",
  "pk": "dc9yltokspzwtfgpvvlqe4zvc1rfehv6",
  "fields": {
    "session_data": "N2UyMGExYmQ2ODI5MGRjZmZmODZkN2Q1Mzg0MWNiZGM4MjIzMTA4Zjp7Il9hdXRoX3VzZXJfaGFzaCI6ImNjOTE2YzZhYTQ3ZWM2Yzk1ZTgxOWQ2OGM5NWQ2NDJiNDYzZjcyNzYiLCJfYXV0aF91c2VyX2JhY2tlbmQiOiJkamFuZ28uY29udHJpYi5hdXRoLmJhY2tlbmRzLk1vZGVsQmFja2VuZCIsIl9hdXRoX3VzZXJfaWQiOiIxIn0=",
    "expire_date": "2016-05-26T20:57:19.971Z"
  }
},
{
  "model": "sessions.session",
  "pk": "di8jnj4mwx6xihngsgq3cbhbdzzeaakd",
  "fields": {
    "session_data": "N2UyMGExYmQ2ODI5MGRjZmZmODZkN2Q1Mzg0MWNiZGM4MjIzMTA4Zjp7Il9hdXRoX3VzZXJfaGFzaCI6ImNjOTE2YzZhYTQ3ZWM2Yzk1ZTgxOWQ2OGM5NWQ2NDJiNDYzZjcyNzYiLCJfYXV0aF91c2VyX2JhY2tlbmQiOiJkamFuZ28uY29udHJpYi5hdXRoLmJhY2tlbmRzLk1vZGVsQmFja2VuZCIsIl9hdXRoX3VzZXJfaWQiOiIxIn0=",
    "expire_date": "2016-05-30T22:58:33.243Z"
  }
},
{
  "model": "sessions.session",
  "pk": "dij1gcha9ck98wmhaf7le0jyk1m5rr7j",
  "fields": {
    "session_data": "N2UyMGExYmQ2ODI5MGRjZmZmODZkN2Q1Mzg0MWNiZGM4MjIzMTA4Zjp7Il9hdXRoX3VzZXJfaGFzaCI6ImNjOTE2YzZhYTQ3ZWM2Yzk1ZTgxOWQ2OGM5NWQ2NDJiNDYzZjcyNzYiLCJfYXV0aF91c2VyX2JhY2tlbmQiOiJkamFuZ28uY29udHJpYi5hdXRoLmJhY2tlbmRzLk1vZGVsQmFja2VuZCIsIl9hdXRoX3VzZXJfaWQiOiIxIn0=",
    "expire_date": "2016-05-30T22:10:22.050Z"
  }
},
{
  "model": "sessions.session",
  "pk": "doc2yl28dnbyudn4zlkuc3qi1ycgovav",
  "fields": {
    "session_data": "N2UyMGExYmQ2ODI5MGRjZmZmODZkN2Q1Mzg0MWNiZGM4MjIzMTA4Zjp7Il9hdXRoX3VzZXJfaGFzaCI6ImNjOTE2YzZhYTQ3ZWM2Yzk1ZTgxOWQ2OGM5NWQ2NDJiNDYzZjcyNzYiLCJfYXV0aF91c2VyX2JhY2tlbmQiOiJkamFuZ28uY29udHJpYi5hdXRoLmJhY2tlbmRzLk1vZGVsQmFja2VuZCIsIl9hdXRoX3VzZXJfaWQiOiIxIn0=",
    "expire_date": "2016-05-27T21:19:59.701Z"
  }
},
{
  "model": "sessions.session",
  "pk": "ds2qm2z2ozm3vq876vqiyhvcc0squp3m",
  "fields": {
    "session_data": "N2UyMGExYmQ2ODI5MGRjZmZmODZkN2Q1Mzg0MWNiZGM4MjIzMTA4Zjp7Il9hdXRoX3VzZXJfaGFzaCI6ImNjOTE2YzZhYTQ3ZWM2Yzk1ZTgxOWQ2OGM5NWQ2NDJiNDYzZjcyNzYiLCJfYXV0aF91c2VyX2JhY2tlbmQiOiJkamFuZ28uY29udHJpYi5hdXRoLmJhY2tlbmRzLk1vZGVsQmFja2VuZCIsIl9hdXRoX3VzZXJfaWQiOiIxIn0=",
    "expire_date": "2016-05-31T19:21:58.987Z"
  }
},
{
  "model": "sessions.session",
  "pk": "du24exwn6wjt82aiuqaj16dzbpr2l9ji",
  "fields": {
    "session_data": "N2UyMGExYmQ2ODI5MGRjZmZmODZkN2Q1Mzg0MWNiZGM4MjIzMTA4Zjp7Il9hdXRoX3VzZXJfaGFzaCI6ImNjOTE2YzZhYTQ3ZWM2Yzk1ZTgxOWQ2OGM5NWQ2NDJiNDYzZjcyNzYiLCJfYXV0aF91c2VyX2JhY2tlbmQiOiJkamFuZ28uY29udHJpYi5hdXRoLmJhY2tlbmRzLk1vZGVsQmFja2VuZCIsIl9hdXRoX3VzZXJfaWQiOiIxIn0=",
    "expire_date": "2016-05-26T20:58:54.916Z"
  }
},
{
  "model": "sessions.session",
  "pk": "dwebfgk5co1zfmbbdtdstynvu8o0kzhq",
  "fields": {
    "session_data": "N2UyMGExYmQ2ODI5MGRjZmZmODZkN2Q1Mzg0MWNiZGM4MjIzMTA4Zjp7Il9hdXRoX3VzZXJfaGFzaCI6ImNjOTE2YzZhYTQ3ZWM2Yzk1ZTgxOWQ2OGM5NWQ2NDJiNDYzZjcyNzYiLCJfYXV0aF91c2VyX2JhY2tlbmQiOiJkamFuZ28uY29udHJpYi5hdXRoLmJhY2tlbmRzLk1vZGVsQmFja2VuZCIsIl9hdXRoX3VzZXJfaWQiOiIxIn0=",
    "expire_date": "2016-05-30T22:04:05.953Z"
  }
},
{
  "model": "sessions.session",
  "pk": "e13gb3xqy3h1638s5sg8ga73wo9z446j",
  "fields": {
    "session_data": "N2UyMGExYmQ2ODI5MGRjZmZmODZkN2Q1Mzg0MWNiZGM4MjIzMTA4Zjp7Il9hdXRoX3VzZXJfaGFzaCI6ImNjOTE2YzZhYTQ3ZWM2Yzk1ZTgxOWQ2OGM5NWQ2NDJiNDYzZjcyNzYiLCJfYXV0aF91c2VyX2JhY2tlbmQiOiJkamFuZ28uY29udHJpYi5hdXRoLmJhY2tlbmRzLk1vZGVsQmFja2VuZCIsIl9hdXRoX3VzZXJfaWQiOiIxIn0=",
    "expire_date": "2016-06-06T20:03:54.469Z"
  }
},
{
  "model": "sessions.session",
  "pk": "e21744c8pml2u5blrkh9lvu1e11tqnil",
  "fields": {
    "session_data": "N2UyMGExYmQ2ODI5MGRjZmZmODZkN2Q1Mzg0MWNiZGM4MjIzMTA4Zjp7Il9hdXRoX3VzZXJfaGFzaCI6ImNjOTE2YzZhYTQ3ZWM2Yzk1ZTgxOWQ2OGM5NWQ2NDJiNDYzZjcyNzYiLCJfYXV0aF91c2VyX2JhY2tlbmQiOiJkamFuZ28uY29udHJpYi5hdXRoLmJhY2tlbmRzLk1vZGVsQmFja2VuZCIsIl9hdXRoX3VzZXJfaWQiOiIxIn0=",
    "expire_date": "2016-05-30T21:54:49.302Z"
  }
},
{
  "model": "sessions.session",
  "pk": "e2re0zi8dfslhyj3i25wzlpkqfag6k56",
  "fields": {
    "session_data": "N2UyMGExYmQ2ODI5MGRjZmZmODZkN2Q1Mzg0MWNiZGM4MjIzMTA4Zjp7Il9hdXRoX3VzZXJfaGFzaCI6ImNjOTE2YzZhYTQ3ZWM2Yzk1ZTgxOWQ2OGM5NWQ2NDJiNDYzZjcyNzYiLCJfYXV0aF91c2VyX2JhY2tlbmQiOiJkamFuZ28uY29udHJpYi5hdXRoLmJhY2tlbmRzLk1vZGVsQmFja2VuZCIsIl9hdXRoX3VzZXJfaWQiOiIxIn0=",
    "expire_date": "2016-05-27T21:07:28.274Z"
  }
},
{
  "model": "sessions.session",
  "pk": "e5t739s00y4guuyghwj4q675qeroh5p1",
  "fields": {
    "session_data": "N2UyMGExYmQ2ODI5MGRjZmZmODZkN2Q1Mzg0MWNiZGM4MjIzMTA4Zjp7Il9hdXRoX3VzZXJfaGFzaCI6ImNjOTE2YzZhYTQ3ZWM2Yzk1ZTgxOWQ2OGM5NWQ2NDJiNDYzZjcyNzYiLCJfYXV0aF91c2VyX2JhY2tlbmQiOiJkamFuZ28uY29udHJpYi5hdXRoLmJhY2tlbmRzLk1vZGVsQmFja2VuZCIsIl9hdXRoX3VzZXJfaWQiOiIxIn0=",
    "expire_date": "2016-06-01T01:14:51.224Z"
  }
},
{
  "model": "sessions.session",
  "pk": "e9gh4sq5c9q81ua4ffn0jn4puzw0xj4g",
  "fields": {
    "session_data": "N2UyMGExYmQ2ODI5MGRjZmZmODZkN2Q1Mzg0MWNiZGM4MjIzMTA4Zjp7Il9hdXRoX3VzZXJfaGFzaCI6ImNjOTE2YzZhYTQ3ZWM2Yzk1ZTgxOWQ2OGM5NWQ2NDJiNDYzZjcyNzYiLCJfYXV0aF91c2VyX2JhY2tlbmQiOiJkamFuZ28uY29udHJpYi5hdXRoLmJhY2tlbmRzLk1vZGVsQmFja2VuZCIsIl9hdXRoX3VzZXJfaWQiOiIxIn0=",
    "expire_date": "2016-05-17T15:59:21.860Z"
  }
},
{
  "model": "sessions.session",
  "pk": "ebgytfqzmd087897cdm4olvmbkzauc0g",
  "fields": {
    "session_data": "N2UyMGExYmQ2ODI5MGRjZmZmODZkN2Q1Mzg0MWNiZGM4MjIzMTA4Zjp7Il9hdXRoX3VzZXJfaGFzaCI6ImNjOTE2YzZhYTQ3ZWM2Yzk1ZTgxOWQ2OGM5NWQ2NDJiNDYzZjcyNzYiLCJfYXV0aF91c2VyX2JhY2tlbmQiOiJkamFuZ28uY29udHJpYi5hdXRoLmJhY2tlbmRzLk1vZGVsQmFja2VuZCIsIl9hdXRoX3VzZXJfaWQiOiIxIn0=",
    "expire_date": "2016-05-31T23:43:45.893Z"
  }
},
{
  "model": "sessions.session",
  "pk": "ehgm0b3mcs3cyrkn8uep73xo1htw63lw",
  "fields": {
    "session_data": "N2UyMGExYmQ2ODI5MGRjZmZmODZkN2Q1Mzg0MWNiZGM4MjIzMTA4Zjp7Il9hdXRoX3VzZXJfaGFzaCI6ImNjOTE2YzZhYTQ3ZWM2Yzk1ZTgxOWQ2OGM5NWQ2NDJiNDYzZjcyNzYiLCJfYXV0aF91c2VyX2JhY2tlbmQiOiJkamFuZ28uY29udHJpYi5hdXRoLmJhY2tlbmRzLk1vZGVsQmFja2VuZCIsIl9hdXRoX3VzZXJfaWQiOiIxIn0=",
    "expire_date": "2016-05-17T18:44:32.441Z"
  }
},
{
  "model": "sessions.session",
  "pk": "ei4g5qdd6sk2sm8hy45xpsigxh072xo4",
  "fields": {
    "session_data": "N2UyMGExYmQ2ODI5MGRjZmZmODZkN2Q1Mzg0MWNiZGM4MjIzMTA4Zjp7Il9hdXRoX3VzZXJfaGFzaCI6ImNjOTE2YzZhYTQ3ZWM2Yzk1ZTgxOWQ2OGM5NWQ2NDJiNDYzZjcyNzYiLCJfYXV0aF91c2VyX2JhY2tlbmQiOiJkamFuZ28uY29udHJpYi5hdXRoLmJhY2tlbmRzLk1vZGVsQmFja2VuZCIsIl9hdXRoX3VzZXJfaWQiOiIxIn0=",
    "expire_date": "2016-05-30T20:46:08.237Z"
  }
},
{
  "model": "sessions.session",
  "pk": "esyzx7nh510d0ibjtmhnfi3dbnskjvak",
  "fields": {
    "session_data": "N2UyMGExYmQ2ODI5MGRjZmZmODZkN2Q1Mzg0MWNiZGM4MjIzMTA4Zjp7Il9hdXRoX3VzZXJfaGFzaCI6ImNjOTE2YzZhYTQ3ZWM2Yzk1ZTgxOWQ2OGM5NWQ2NDJiNDYzZjcyNzYiLCJfYXV0aF91c2VyX2JhY2tlbmQiOiJkamFuZ28uY29udHJpYi5hdXRoLmJhY2tlbmRzLk1vZGVsQmFja2VuZCIsIl9hdXRoX3VzZXJfaWQiOiIxIn0=",
    "expire_date": "2016-05-30T20:09:48.865Z"
  }
},
{
  "model": "sessions.session",
  "pk": "f1dcrjptsqrjl98dc394noqsxjopb8uz",
  "fields": {
    "session_data": "N2UyMGExYmQ2ODI5MGRjZmZmODZkN2Q1Mzg0MWNiZGM4MjIzMTA4Zjp7Il9hdXRoX3VzZXJfaGFzaCI6ImNjOTE2YzZhYTQ3ZWM2Yzk1ZTgxOWQ2OGM5NWQ2NDJiNDYzZjcyNzYiLCJfYXV0aF91c2VyX2JhY2tlbmQiOiJkamFuZ28uY29udHJpYi5hdXRoLmJhY2tlbmRzLk1vZGVsQmFja2VuZCIsIl9hdXRoX3VzZXJfaWQiOiIxIn0=",
    "expire_date": "2016-05-27T20:51:24.001Z"
  }
},
{
  "model": "sessions.session",
  "pk": "fcylmvlzh5gpxh9z6l9ccpmiffclvuue",
  "fields": {
    "session_data": "N2UyMGExYmQ2ODI5MGRjZmZmODZkN2Q1Mzg0MWNiZGM4MjIzMTA4Zjp7Il9hdXRoX3VzZXJfaGFzaCI6ImNjOTE2YzZhYTQ3ZWM2Yzk1ZTgxOWQ2OGM5NWQ2NDJiNDYzZjcyNzYiLCJfYXV0aF91c2VyX2JhY2tlbmQiOiJkamFuZ28uY29udHJpYi5hdXRoLmJhY2tlbmRzLk1vZGVsQmFja2VuZCIsIl9hdXRoX3VzZXJfaWQiOiIxIn0=",
    "expire_date": "2016-05-27T20:59:24.902Z"
  }
},
{
  "model": "sessions.session",
  "pk": "fejggpql85pvy0jv9xkksf082vj01obm",
  "fields": {
    "session_data": "N2UyMGExYmQ2ODI5MGRjZmZmODZkN2Q1Mzg0MWNiZGM4MjIzMTA4Zjp7Il9hdXRoX3VzZXJfaGFzaCI6ImNjOTE2YzZhYTQ3ZWM2Yzk1ZTgxOWQ2OGM5NWQ2NDJiNDYzZjcyNzYiLCJfYXV0aF91c2VyX2JhY2tlbmQiOiJkamFuZ28uY29udHJpYi5hdXRoLmJhY2tlbmRzLk1vZGVsQmFja2VuZCIsIl9hdXRoX3VzZXJfaWQiOiIxIn0=",
    "expire_date": "2016-05-30T22:40:31.265Z"
  }
},
{
  "model": "sessions.session",
  "pk": "fh491y5a4kcu8f6f1etak78cgz6v23mc",
  "fields": {
    "session_data": "N2UyMGExYmQ2ODI5MGRjZmZmODZkN2Q1Mzg0MWNiZGM4MjIzMTA4Zjp7Il9hdXRoX3VzZXJfaGFzaCI6ImNjOTE2YzZhYTQ3ZWM2Yzk1ZTgxOWQ2OGM5NWQ2NDJiNDYzZjcyNzYiLCJfYXV0aF91c2VyX2JhY2tlbmQiOiJkamFuZ28uY29udHJpYi5hdXRoLmJhY2tlbmRzLk1vZGVsQmFja2VuZCIsIl9hdXRoX3VzZXJfaWQiOiIxIn0=",
    "expire_date": "2016-05-27T19:47:40.260Z"
  }
},
{
  "model": "sessions.session",
  "pk": "fhz2igeb272lns30ybcsa3mt6rknlsil",
  "fields": {
    "session_data": "NjU4NGYwYzViYmNjYWQzODE0Y2U5NDBjMjQ1NDIxNTZiMDMyYzFhMTp7Il9hdXRoX3VzZXJfaGFzaCI6Ijc2NGY0OTJiODkzYTk1NDM0NjAwMDllMjdkMDRiZTA5ZWE3OWU5OWUiLCJfYXV0aF91c2VyX2JhY2tlbmQiOiJkamFuZ28uY29udHJpYi5hdXRoLmJhY2tlbmRzLk1vZGVsQmFja2VuZCIsIl9hdXRoX3VzZXJfaWQiOiIyIn0=",
    "expire_date": "2016-05-27T18:59:34.741Z"
  }
},
{
  "model": "sessions.session",
  "pk": "fjgkqiqgnsfmud3zsxvprki8yvsn74b3",
  "fields": {
    "session_data": "N2UyMGExYmQ2ODI5MGRjZmZmODZkN2Q1Mzg0MWNiZGM4MjIzMTA4Zjp7Il9hdXRoX3VzZXJfaGFzaCI6ImNjOTE2YzZhYTQ3ZWM2Yzk1ZTgxOWQ2OGM5NWQ2NDJiNDYzZjcyNzYiLCJfYXV0aF91c2VyX2JhY2tlbmQiOiJkamFuZ28uY29udHJpYi5hdXRoLmJhY2tlbmRzLk1vZGVsQmFja2VuZCIsIl9hdXRoX3VzZXJfaWQiOiIxIn0=",
    "expire_date": "2016-06-01T00:31:45.269Z"
  }
},
{
  "model": "sessions.session",
  "pk": "fk1bq78qliu47w2q26tlvfommf51uml7",
  "fields": {
    "session_data": "N2UyMGExYmQ2ODI5MGRjZmZmODZkN2Q1Mzg0MWNiZGM4MjIzMTA4Zjp7Il9hdXRoX3VzZXJfaGFzaCI6ImNjOTE2YzZhYTQ3ZWM2Yzk1ZTgxOWQ2OGM5NWQ2NDJiNDYzZjcyNzYiLCJfYXV0aF91c2VyX2JhY2tlbmQiOiJkamFuZ28uY29udHJpYi5hdXRoLmJhY2tlbmRzLk1vZGVsQmFja2VuZCIsIl9hdXRoX3VzZXJfaWQiOiIxIn0=",
    "expire_date": "2016-05-30T20:41:51.483Z"
  }
},
{
  "model": "sessions.session",
  "pk": "flen5pnbkqnk639pg99ztpwubor0wsph",
  "fields": {
    "session_data": "N2UyMGExYmQ2ODI5MGRjZmZmODZkN2Q1Mzg0MWNiZGM4MjIzMTA4Zjp7Il9hdXRoX3VzZXJfaGFzaCI6ImNjOTE2YzZhYTQ3ZWM2Yzk1ZTgxOWQ2OGM5NWQ2NDJiNDYzZjcyNzYiLCJfYXV0aF91c2VyX2JhY2tlbmQiOiJkamFuZ28uY29udHJpYi5hdXRoLmJhY2tlbmRzLk1vZGVsQmFja2VuZCIsIl9hdXRoX3VzZXJfaWQiOiIxIn0=",
    "expire_date": "2016-05-27T20:41:18.349Z"
  }
},
{
  "model": "sessions.session",
  "pk": "fp0ie08tcbf9hp89uv017k50tvwyqvi3",
  "fields": {
    "session_data": "N2UyMGExYmQ2ODI5MGRjZmZmODZkN2Q1Mzg0MWNiZGM4MjIzMTA4Zjp7Il9hdXRoX3VzZXJfaGFzaCI6ImNjOTE2YzZhYTQ3ZWM2Yzk1ZTgxOWQ2OGM5NWQ2NDJiNDYzZjcyNzYiLCJfYXV0aF91c2VyX2JhY2tlbmQiOiJkamFuZ28uY29udHJpYi5hdXRoLmJhY2tlbmRzLk1vZGVsQmFja2VuZCIsIl9hdXRoX3VzZXJfaWQiOiIxIn0=",
    "expire_date": "2016-05-31T22:29:04.959Z"
  }
},
{
  "model": "sessions.session",
  "pk": "frtgwo7dcnh04uns8ga4dx7nqddc98y8",
  "fields": {
    "session_data": "NjU4NGYwYzViYmNjYWQzODE0Y2U5NDBjMjQ1NDIxNTZiMDMyYzFhMTp7Il9hdXRoX3VzZXJfaGFzaCI6Ijc2NGY0OTJiODkzYTk1NDM0NjAwMDllMjdkMDRiZTA5ZWE3OWU5OWUiLCJfYXV0aF91c2VyX2JhY2tlbmQiOiJkamFuZ28uY29udHJpYi5hdXRoLmJhY2tlbmRzLk1vZGVsQmFja2VuZCIsIl9hdXRoX3VzZXJfaWQiOiIyIn0=",
    "expire_date": "2016-05-27T18:55:42.763Z"
  }
},
{
  "model": "sessions.session",
  "pk": "fu7n35n8wwpqd7oz1nzj7bopcrg8ldvk",
  "fields": {
    "session_data": "N2UyMGExYmQ2ODI5MGRjZmZmODZkN2Q1Mzg0MWNiZGM4MjIzMTA4Zjp7Il9hdXRoX3VzZXJfaGFzaCI6ImNjOTE2YzZhYTQ3ZWM2Yzk1ZTgxOWQ2OGM5NWQ2NDJiNDYzZjcyNzYiLCJfYXV0aF91c2VyX2JhY2tlbmQiOiJkamFuZ28uY29udHJpYi5hdXRoLmJhY2tlbmRzLk1vZGVsQmFja2VuZCIsIl9hdXRoX3VzZXJfaWQiOiIxIn0=",
    "expire_date": "2016-05-27T20:36:47.645Z"
  }
},
{
  "model": "sessions.session",
  "pk": "fuwhuoepvgnfu7cwnozx9b9zkzwlsdkp",
  "fields": {
    "session_data": "NjU4NGYwYzViYmNjYWQzODE0Y2U5NDBjMjQ1NDIxNTZiMDMyYzFhMTp7Il9hdXRoX3VzZXJfaGFzaCI6Ijc2NGY0OTJiODkzYTk1NDM0NjAwMDllMjdkMDRiZTA5ZWE3OWU5OWUiLCJfYXV0aF91c2VyX2JhY2tlbmQiOiJkamFuZ28uY29udHJpYi5hdXRoLmJhY2tlbmRzLk1vZGVsQmFja2VuZCIsIl9hdXRoX3VzZXJfaWQiOiIyIn0=",
    "expire_date": "2016-05-27T19:08:02.170Z"
  }
},
{
  "model": "sessions.session",
  "pk": "fxot63c1brvymeb1b6wzhoucdgz4msw2",
  "fields": {
    "session_data": "N2UyMGExYmQ2ODI5MGRjZmZmODZkN2Q1Mzg0MWNiZGM4MjIzMTA4Zjp7Il9hdXRoX3VzZXJfaGFzaCI6ImNjOTE2YzZhYTQ3ZWM2Yzk1ZTgxOWQ2OGM5NWQ2NDJiNDYzZjcyNzYiLCJfYXV0aF91c2VyX2JhY2tlbmQiOiJkamFuZ28uY29udHJpYi5hdXRoLmJhY2tlbmRzLk1vZGVsQmFja2VuZCIsIl9hdXRoX3VzZXJfaWQiOiIxIn0=",
    "expire_date": "2016-05-30T20:05:49.607Z"
  }
},
{
  "model": "sessions.session",
  "pk": "fzqnwxbqp7ysnh8dyz0f8uadimqyiht6",
  "fields": {
    "session_data": "N2UyMGExYmQ2ODI5MGRjZmZmODZkN2Q1Mzg0MWNiZGM4MjIzMTA4Zjp7Il9hdXRoX3VzZXJfaGFzaCI6ImNjOTE2YzZhYTQ3ZWM2Yzk1ZTgxOWQ2OGM5NWQ2NDJiNDYzZjcyNzYiLCJfYXV0aF91c2VyX2JhY2tlbmQiOiJkamFuZ28uY29udHJpYi5hdXRoLmJhY2tlbmRzLk1vZGVsQmFja2VuZCIsIl9hdXRoX3VzZXJfaWQiOiIxIn0=",
    "expire_date": "2016-05-30T22:33:52.505Z"
  }
},
{
  "model": "sessions.session",
  "pk": "g10l1p65nav76ray1mwlmdro16272mmb",
  "fields": {
    "session_data": "N2UyMGExYmQ2ODI5MGRjZmZmODZkN2Q1Mzg0MWNiZGM4MjIzMTA4Zjp7Il9hdXRoX3VzZXJfaGFzaCI6ImNjOTE2YzZhYTQ3ZWM2Yzk1ZTgxOWQ2OGM5NWQ2NDJiNDYzZjcyNzYiLCJfYXV0aF91c2VyX2JhY2tlbmQiOiJkamFuZ28uY29udHJpYi5hdXRoLmJhY2tlbmRzLk1vZGVsQmFja2VuZCIsIl9hdXRoX3VzZXJfaWQiOiIxIn0=",
    "expire_date": "2016-05-27T19:45:48.254Z"
  }
},
{
  "model": "sessions.session",
  "pk": "g1oi0hoiyfihncqcqsq8nkah5gva9lg4",
  "fields": {
    "session_data": "N2UyMGExYmQ2ODI5MGRjZmZmODZkN2Q1Mzg0MWNiZGM4MjIzMTA4Zjp7Il9hdXRoX3VzZXJfaGFzaCI6ImNjOTE2YzZhYTQ3ZWM2Yzk1ZTgxOWQ2OGM5NWQ2NDJiNDYzZjcyNzYiLCJfYXV0aF91c2VyX2JhY2tlbmQiOiJkamFuZ28uY29udHJpYi5hdXRoLmJhY2tlbmRzLk1vZGVsQmFja2VuZCIsIl9hdXRoX3VzZXJfaWQiOiIxIn0=",
    "expire_date": "2016-05-27T20:49:24.563Z"
  }
},
{
  "model": "sessions.session",
  "pk": "g64g4fok0pl5ymq29h5bxdfdq221orx7",
  "fields": {
    "session_data": "N2UyMGExYmQ2ODI5MGRjZmZmODZkN2Q1Mzg0MWNiZGM4MjIzMTA4Zjp7Il9hdXRoX3VzZXJfaGFzaCI6ImNjOTE2YzZhYTQ3ZWM2Yzk1ZTgxOWQ2OGM5NWQ2NDJiNDYzZjcyNzYiLCJfYXV0aF91c2VyX2JhY2tlbmQiOiJkamFuZ28uY29udHJpYi5hdXRoLmJhY2tlbmRzLk1vZGVsQmFja2VuZCIsIl9hdXRoX3VzZXJfaWQiOiIxIn0=",
    "expire_date": "2016-05-27T17:55:12.495Z"
  }
},
{
  "model": "sessions.session",
  "pk": "g6we15y270zngcxbmzfogsoocvpgh99w",
  "fields": {
    "session_data": "N2UyMGExYmQ2ODI5MGRjZmZmODZkN2Q1Mzg0MWNiZGM4MjIzMTA4Zjp7Il9hdXRoX3VzZXJfaGFzaCI6ImNjOTE2YzZhYTQ3ZWM2Yzk1ZTgxOWQ2OGM5NWQ2NDJiNDYzZjcyNzYiLCJfYXV0aF91c2VyX2JhY2tlbmQiOiJkamFuZ28uY29udHJpYi5hdXRoLmJhY2tlbmRzLk1vZGVsQmFja2VuZCIsIl9hdXRoX3VzZXJfaWQiOiIxIn0=",
    "expire_date": "2016-05-27T20:50:03.171Z"
  }
},
{
  "model": "sessions.session",
  "pk": "gekck1suc1t16od76rwljv6xlzo1kjtg",
  "fields": {
    "session_data": "N2UyMGExYmQ2ODI5MGRjZmZmODZkN2Q1Mzg0MWNiZGM4MjIzMTA4Zjp7Il9hdXRoX3VzZXJfaGFzaCI6ImNjOTE2YzZhYTQ3ZWM2Yzk1ZTgxOWQ2OGM5NWQ2NDJiNDYzZjcyNzYiLCJfYXV0aF91c2VyX2JhY2tlbmQiOiJkamFuZ28uY29udHJpYi5hdXRoLmJhY2tlbmRzLk1vZGVsQmFja2VuZCIsIl9hdXRoX3VzZXJfaWQiOiIxIn0=",
    "expire_date": "2016-05-30T22:34:56.383Z"
  }
},
{
  "model": "sessions.session",
  "pk": "gu6r2bquc7rm0b0lb4na44gnv2xfwtht",
  "fields": {
    "session_data": "N2UyMGExYmQ2ODI5MGRjZmZmODZkN2Q1Mzg0MWNiZGM4MjIzMTA4Zjp7Il9hdXRoX3VzZXJfaGFzaCI6ImNjOTE2YzZhYTQ3ZWM2Yzk1ZTgxOWQ2OGM5NWQ2NDJiNDYzZjcyNzYiLCJfYXV0aF91c2VyX2JhY2tlbmQiOiJkamFuZ28uY29udHJpYi5hdXRoLmJhY2tlbmRzLk1vZGVsQmFja2VuZCIsIl9hdXRoX3VzZXJfaWQiOiIxIn0=",
    "expire_date": "2016-05-17T14:16:31.145Z"
  }
},
{
  "model": "sessions.session",
  "pk": "gw0ex8y6brlioeaj0djcjo2uk7ipcrpt",
  "fields": {
    "session_data": "N2UyMGExYmQ2ODI5MGRjZmZmODZkN2Q1Mzg0MWNiZGM4MjIzMTA4Zjp7Il9hdXRoX3VzZXJfaGFzaCI6ImNjOTE2YzZhYTQ3ZWM2Yzk1ZTgxOWQ2OGM5NWQ2NDJiNDYzZjcyNzYiLCJfYXV0aF91c2VyX2JhY2tlbmQiOiJkamFuZ28uY29udHJpYi5hdXRoLmJhY2tlbmRzLk1vZGVsQmFja2VuZCIsIl9hdXRoX3VzZXJfaWQiOiIxIn0=",
    "expire_date": "2016-05-27T20:34:06.440Z"
  }
},
{
  "model": "sessions.session",
  "pk": "gyau3m7ilkfmq9ky7bappa3oh6ubdifx",
  "fields": {
    "session_data": "N2UyMGExYmQ2ODI5MGRjZmZmODZkN2Q1Mzg0MWNiZGM4MjIzMTA4Zjp7Il9hdXRoX3VzZXJfaGFzaCI6ImNjOTE2YzZhYTQ3ZWM2Yzk1ZTgxOWQ2OGM5NWQ2NDJiNDYzZjcyNzYiLCJfYXV0aF91c2VyX2JhY2tlbmQiOiJkamFuZ28uY29udHJpYi5hdXRoLmJhY2tlbmRzLk1vZGVsQmFja2VuZCIsIl9hdXRoX3VzZXJfaWQiOiIxIn0=",
    "expire_date": "2016-05-30T20:07:56.163Z"
  }
},
{
  "model": "sessions.session",
  "pk": "gzetxrdqictkmgpdjhhopzx5dddifz2y",
  "fields": {
    "session_data": "N2UyMGExYmQ2ODI5MGRjZmZmODZkN2Q1Mzg0MWNiZGM4MjIzMTA4Zjp7Il9hdXRoX3VzZXJfaGFzaCI6ImNjOTE2YzZhYTQ3ZWM2Yzk1ZTgxOWQ2OGM5NWQ2NDJiNDYzZjcyNzYiLCJfYXV0aF91c2VyX2JhY2tlbmQiOiJkamFuZ28uY29udHJpYi5hdXRoLmJhY2tlbmRzLk1vZGVsQmFja2VuZCIsIl9hdXRoX3VzZXJfaWQiOiIxIn0=",
    "expire_date": "2016-05-27T20:04:43.049Z"
  }
},
{
  "model": "sessions.session",
  "pk": "h23o0t33sm1xz3533zd2hd5qtxqnf6qb",
  "fields": {
    "session_data": "N2UyMGExYmQ2ODI5MGRjZmZmODZkN2Q1Mzg0MWNiZGM4MjIzMTA4Zjp7Il9hdXRoX3VzZXJfaGFzaCI6ImNjOTE2YzZhYTQ3ZWM2Yzk1ZTgxOWQ2OGM5NWQ2NDJiNDYzZjcyNzYiLCJfYXV0aF91c2VyX2JhY2tlbmQiOiJkamFuZ28uY29udHJpYi5hdXRoLmJhY2tlbmRzLk1vZGVsQmFja2VuZCIsIl9hdXRoX3VzZXJfaWQiOiIxIn0=",
    "expire_date": "2016-05-31T20:18:35.371Z"
  }
},
{
  "model": "sessions.session",
  "pk": "h62pimc0e2kwvem3r8aap7cyfmj8rchw",
  "fields": {
    "session_data": "N2UyMGExYmQ2ODI5MGRjZmZmODZkN2Q1Mzg0MWNiZGM4MjIzMTA4Zjp7Il9hdXRoX3VzZXJfaGFzaCI6ImNjOTE2YzZhYTQ3ZWM2Yzk1ZTgxOWQ2OGM5NWQ2NDJiNDYzZjcyNzYiLCJfYXV0aF91c2VyX2JhY2tlbmQiOiJkamFuZ28uY29udHJpYi5hdXRoLmJhY2tlbmRzLk1vZGVsQmFja2VuZCIsIl9hdXRoX3VzZXJfaWQiOiIxIn0=",
    "expire_date": "2016-06-14T15:52:02.979Z"
  }
},
{
  "model": "sessions.session",
  "pk": "h7p6433q2bq2lb684fnwr653ojpd8b6n",
  "fields": {
    "session_data": "NjU4NGYwYzViYmNjYWQzODE0Y2U5NDBjMjQ1NDIxNTZiMDMyYzFhMTp7Il9hdXRoX3VzZXJfaGFzaCI6Ijc2NGY0OTJiODkzYTk1NDM0NjAwMDllMjdkMDRiZTA5ZWE3OWU5OWUiLCJfYXV0aF91c2VyX2JhY2tlbmQiOiJkamFuZ28uY29udHJpYi5hdXRoLmJhY2tlbmRzLk1vZGVsQmFja2VuZCIsIl9hdXRoX3VzZXJfaWQiOiIyIn0=",
    "expire_date": "2016-05-27T19:13:37.139Z"
  }
},
{
  "model": "sessions.session",
  "pk": "h8pgsqbl176wjvq8gjh90p6ij85dvlrj",
  "fields": {
    "session_data": "N2UyMGExYmQ2ODI5MGRjZmZmODZkN2Q1Mzg0MWNiZGM4MjIzMTA4Zjp7Il9hdXRoX3VzZXJfaGFzaCI6ImNjOTE2YzZhYTQ3ZWM2Yzk1ZTgxOWQ2OGM5NWQ2NDJiNDYzZjcyNzYiLCJfYXV0aF91c2VyX2JhY2tlbmQiOiJkamFuZ28uY29udHJpYi5hdXRoLmJhY2tlbmRzLk1vZGVsQmFja2VuZCIsIl9hdXRoX3VzZXJfaWQiOiIxIn0=",
    "expire_date": "2016-05-30T23:01:37.537Z"
  }
},
{
  "model": "sessions.session",
  "pk": "h90rbsxsxiqmnkln5cdqdokn674ex3bv",
  "fields": {
    "session_data": "NjU4NGYwYzViYmNjYWQzODE0Y2U5NDBjMjQ1NDIxNTZiMDMyYzFhMTp7Il9hdXRoX3VzZXJfaGFzaCI6Ijc2NGY0OTJiODkzYTk1NDM0NjAwMDllMjdkMDRiZTA5ZWE3OWU5OWUiLCJfYXV0aF91c2VyX2JhY2tlbmQiOiJkamFuZ28uY29udHJpYi5hdXRoLmJhY2tlbmRzLk1vZGVsQmFja2VuZCIsIl9hdXRoX3VzZXJfaWQiOiIyIn0=",
    "expire_date": "2016-05-27T18:14:40.009Z"
  }
},
{
  "model": "sessions.session",
  "pk": "hdxbia5mmj0itiw5w0w6jn60qp7ngu0j",
  "fields": {
    "session_data": "NjU4NGYwYzViYmNjYWQzODE0Y2U5NDBjMjQ1NDIxNTZiMDMyYzFhMTp7Il9hdXRoX3VzZXJfaGFzaCI6Ijc2NGY0OTJiODkzYTk1NDM0NjAwMDllMjdkMDRiZTA5ZWE3OWU5OWUiLCJfYXV0aF91c2VyX2JhY2tlbmQiOiJkamFuZ28uY29udHJpYi5hdXRoLmJhY2tlbmRzLk1vZGVsQmFja2VuZCIsIl9hdXRoX3VzZXJfaWQiOiIyIn0=",
    "expire_date": "2016-05-27T20:11:47.549Z"
  }
},
{
  "model": "sessions.session",
  "pk": "hh3bs3syinpvq2r6gpc4uma1ix4lsxop",
  "fields": {
    "session_data": "N2UyMGExYmQ2ODI5MGRjZmZmODZkN2Q1Mzg0MWNiZGM4MjIzMTA4Zjp7Il9hdXRoX3VzZXJfaGFzaCI6ImNjOTE2YzZhYTQ3ZWM2Yzk1ZTgxOWQ2OGM5NWQ2NDJiNDYzZjcyNzYiLCJfYXV0aF91c2VyX2JhY2tlbmQiOiJkamFuZ28uY29udHJpYi5hdXRoLmJhY2tlbmRzLk1vZGVsQmFja2VuZCIsIl9hdXRoX3VzZXJfaWQiOiIxIn0=",
    "expire_date": "2016-05-26T20:59:37.673Z"
  }
},
{
  "model": "sessions.session",
  "pk": "hh3nop4fidmsor24dzkx9x71ikw0x2oe",
  "fields": {
    "session_data": "N2UyMGExYmQ2ODI5MGRjZmZmODZkN2Q1Mzg0MWNiZGM4MjIzMTA4Zjp7Il9hdXRoX3VzZXJfaGFzaCI6ImNjOTE2YzZhYTQ3ZWM2Yzk1ZTgxOWQ2OGM5NWQ2NDJiNDYzZjcyNzYiLCJfYXV0aF91c2VyX2JhY2tlbmQiOiJkamFuZ28uY29udHJpYi5hdXRoLmJhY2tlbmRzLk1vZGVsQmFja2VuZCIsIl9hdXRoX3VzZXJfaWQiOiIxIn0=",
    "expire_date": "2016-05-30T22:46:37.922Z"
  }
},
{
  "model": "sessions.session",
  "pk": "hip7zvije6q68tp1l10ttat3xd77w9go",
  "fields": {
    "session_data": "N2UyMGExYmQ2ODI5MGRjZmZmODZkN2Q1Mzg0MWNiZGM4MjIzMTA4Zjp7Il9hdXRoX3VzZXJfaGFzaCI6ImNjOTE2YzZhYTQ3ZWM2Yzk1ZTgxOWQ2OGM5NWQ2NDJiNDYzZjcyNzYiLCJfYXV0aF91c2VyX2JhY2tlbmQiOiJkamFuZ28uY29udHJpYi5hdXRoLmJhY2tlbmRzLk1vZGVsQmFja2VuZCIsIl9hdXRoX3VzZXJfaWQiOiIxIn0=",
    "expire_date": "2016-05-30T19:55:24.659Z"
  }
},
{
  "model": "sessions.session",
  "pk": "hn5h5g9u19cyedgg9231c5nsu3353dd1",
  "fields": {
    "session_data": "N2UyMGExYmQ2ODI5MGRjZmZmODZkN2Q1Mzg0MWNiZGM4MjIzMTA4Zjp7Il9hdXRoX3VzZXJfaGFzaCI6ImNjOTE2YzZhYTQ3ZWM2Yzk1ZTgxOWQ2OGM5NWQ2NDJiNDYzZjcyNzYiLCJfYXV0aF91c2VyX2JhY2tlbmQiOiJkamFuZ28uY29udHJpYi5hdXRoLmJhY2tlbmRzLk1vZGVsQmFja2VuZCIsIl9hdXRoX3VzZXJfaWQiOiIxIn0=",
    "expire_date": "2016-05-30T19:28:41.402Z"
  }
},
{
  "model": "sessions.session",
  "pk": "ho66kib22753b59f4cnsu73mhed3z49g",
  "fields": {
    "session_data": "N2UyMGExYmQ2ODI5MGRjZmZmODZkN2Q1Mzg0MWNiZGM4MjIzMTA4Zjp7Il9hdXRoX3VzZXJfaGFzaCI6ImNjOTE2YzZhYTQ3ZWM2Yzk1ZTgxOWQ2OGM5NWQ2NDJiNDYzZjcyNzYiLCJfYXV0aF91c2VyX2JhY2tlbmQiOiJkamFuZ28uY29udHJpYi5hdXRoLmJhY2tlbmRzLk1vZGVsQmFja2VuZCIsIl9hdXRoX3VzZXJfaWQiOiIxIn0=",
    "expire_date": "2016-05-17T19:13:06.128Z"
  }
},
{
  "model": "sessions.session",
  "pk": "hogyrtj594jj7hb5bhnb7d5osooqqaa6",
  "fields": {
    "session_data": "N2UyMGExYmQ2ODI5MGRjZmZmODZkN2Q1Mzg0MWNiZGM4MjIzMTA4Zjp7Il9hdXRoX3VzZXJfaGFzaCI6ImNjOTE2YzZhYTQ3ZWM2Yzk1ZTgxOWQ2OGM5NWQ2NDJiNDYzZjcyNzYiLCJfYXV0aF91c2VyX2JhY2tlbmQiOiJkamFuZ28uY29udHJpYi5hdXRoLmJhY2tlbmRzLk1vZGVsQmFja2VuZCIsIl9hdXRoX3VzZXJfaWQiOiIxIn0=",
    "expire_date": "2016-05-17T14:09:21.245Z"
  }
},
{
  "model": "sessions.session",
  "pk": "hoyfjh5wv93dcz7gnhtuzw3cfvuqegdv",
  "fields": {
    "session_data": "N2UyMGExYmQ2ODI5MGRjZmZmODZkN2Q1Mzg0MWNiZGM4MjIzMTA4Zjp7Il9hdXRoX3VzZXJfaGFzaCI6ImNjOTE2YzZhYTQ3ZWM2Yzk1ZTgxOWQ2OGM5NWQ2NDJiNDYzZjcyNzYiLCJfYXV0aF91c2VyX2JhY2tlbmQiOiJkamFuZ28uY29udHJpYi5hdXRoLmJhY2tlbmRzLk1vZGVsQmFja2VuZCIsIl9hdXRoX3VzZXJfaWQiOiIxIn0=",
    "expire_date": "2016-05-17T14:16:36.591Z"
  }
},
{
  "model": "sessions.session",
  "pk": "htz6u3718ho2t33efs5q7atzn09b6m7k",
  "fields": {
    "session_data": "N2UyMGExYmQ2ODI5MGRjZmZmODZkN2Q1Mzg0MWNiZGM4MjIzMTA4Zjp7Il9hdXRoX3VzZXJfaGFzaCI6ImNjOTE2YzZhYTQ3ZWM2Yzk1ZTgxOWQ2OGM5NWQ2NDJiNDYzZjcyNzYiLCJfYXV0aF91c2VyX2JhY2tlbmQiOiJkamFuZ28uY29udHJpYi5hdXRoLmJhY2tlbmRzLk1vZGVsQmFja2VuZCIsIl9hdXRoX3VzZXJfaWQiOiIxIn0=",
    "expire_date": "2016-05-27T18:06:14.843Z"
  }
},
{
  "model": "sessions.session",
  "pk": "htze1oot2k1arj3ihl5j6r82fh511l5b",
  "fields": {
    "session_data": "N2UyMGExYmQ2ODI5MGRjZmZmODZkN2Q1Mzg0MWNiZGM4MjIzMTA4Zjp7Il9hdXRoX3VzZXJfaGFzaCI6ImNjOTE2YzZhYTQ3ZWM2Yzk1ZTgxOWQ2OGM5NWQ2NDJiNDYzZjcyNzYiLCJfYXV0aF91c2VyX2JhY2tlbmQiOiJkamFuZ28uY29udHJpYi5hdXRoLmJhY2tlbmRzLk1vZGVsQmFja2VuZCIsIl9hdXRoX3VzZXJfaWQiOiIxIn0=",
    "expire_date": "2016-06-05T22:18:28.142Z"
  }
},
{
  "model": "sessions.session",
  "pk": "hz4mnj1ja501hlm640vhjyt24eua4ume",
  "fields": {
    "session_data": "N2UyMGExYmQ2ODI5MGRjZmZmODZkN2Q1Mzg0MWNiZGM4MjIzMTA4Zjp7Il9hdXRoX3VzZXJfaGFzaCI6ImNjOTE2YzZhYTQ3ZWM2Yzk1ZTgxOWQ2OGM5NWQ2NDJiNDYzZjcyNzYiLCJfYXV0aF91c2VyX2JhY2tlbmQiOiJkamFuZ28uY29udHJpYi5hdXRoLmJhY2tlbmRzLk1vZGVsQmFja2VuZCIsIl9hdXRoX3VzZXJfaWQiOiIxIn0=",
    "expire_date": "2016-05-27T18:55:29.292Z"
  }
},
{
  "model": "sessions.session",
  "pk": "hzpp05yy5mtqy33egq1wwhlpxq1i63xa",
  "fields": {
    "session_data": "N2UyMGExYmQ2ODI5MGRjZmZmODZkN2Q1Mzg0MWNiZGM4MjIzMTA4Zjp7Il9hdXRoX3VzZXJfaGFzaCI6ImNjOTE2YzZhYTQ3ZWM2Yzk1ZTgxOWQ2OGM5NWQ2NDJiNDYzZjcyNzYiLCJfYXV0aF91c2VyX2JhY2tlbmQiOiJkamFuZ28uY29udHJpYi5hdXRoLmJhY2tlbmRzLk1vZGVsQmFja2VuZCIsIl9hdXRoX3VzZXJfaWQiOiIxIn0=",
    "expire_date": "2016-05-17T16:40:53.280Z"
  }
},
{
  "model": "sessions.session",
  "pk": "i06x96jt8q6io3tt9oz9lj1axnaexst4",
  "fields": {
    "session_data": "N2UyMGExYmQ2ODI5MGRjZmZmODZkN2Q1Mzg0MWNiZGM4MjIzMTA4Zjp7Il9hdXRoX3VzZXJfaGFzaCI6ImNjOTE2YzZhYTQ3ZWM2Yzk1ZTgxOWQ2OGM5NWQ2NDJiNDYzZjcyNzYiLCJfYXV0aF91c2VyX2JhY2tlbmQiOiJkamFuZ28uY29udHJpYi5hdXRoLmJhY2tlbmRzLk1vZGVsQmFja2VuZCIsIl9hdXRoX3VzZXJfaWQiOiIxIn0=",
    "expire_date": "2016-05-27T21:01:55.425Z"
  }
},
{
  "model": "sessions.session",
  "pk": "i2ubqj9tszkgzwgybd0s1prr9lth0b1e",
  "fields": {
    "session_data": "N2UyMGExYmQ2ODI5MGRjZmZmODZkN2Q1Mzg0MWNiZGM4MjIzMTA4Zjp7Il9hdXRoX3VzZXJfaGFzaCI6ImNjOTE2YzZhYTQ3ZWM2Yzk1ZTgxOWQ2OGM5NWQ2NDJiNDYzZjcyNzYiLCJfYXV0aF91c2VyX2JhY2tlbmQiOiJkamFuZ28uY29udHJpYi5hdXRoLmJhY2tlbmRzLk1vZGVsQmFja2VuZCIsIl9hdXRoX3VzZXJfaWQiOiIxIn0=",
    "expire_date": "2016-05-30T22:15:14.545Z"
  }
},
{
  "model": "sessions.session",
  "pk": "i2wbko99ppkqqcijf6lbczlmfejtj191",
  "fields": {
    "session_data": "N2UyMGExYmQ2ODI5MGRjZmZmODZkN2Q1Mzg0MWNiZGM4MjIzMTA4Zjp7Il9hdXRoX3VzZXJfaGFzaCI6ImNjOTE2YzZhYTQ3ZWM2Yzk1ZTgxOWQ2OGM5NWQ2NDJiNDYzZjcyNzYiLCJfYXV0aF91c2VyX2JhY2tlbmQiOiJkamFuZ28uY29udHJpYi5hdXRoLmJhY2tlbmRzLk1vZGVsQmFja2VuZCIsIl9hdXRoX3VzZXJfaWQiOiIxIn0=",
    "expire_date": "2016-06-05T22:20:05.226Z"
  }
},
{
  "model": "sessions.session",
  "pk": "i390zo10ec4dxnv3g49pen8xoso9odxy",
  "fields": {
    "session_data": "N2UyMGExYmQ2ODI5MGRjZmZmODZkN2Q1Mzg0MWNiZGM4MjIzMTA4Zjp7Il9hdXRoX3VzZXJfaGFzaCI6ImNjOTE2YzZhYTQ3ZWM2Yzk1ZTgxOWQ2OGM5NWQ2NDJiNDYzZjcyNzYiLCJfYXV0aF91c2VyX2JhY2tlbmQiOiJkamFuZ28uY29udHJpYi5hdXRoLmJhY2tlbmRzLk1vZGVsQmFja2VuZCIsIl9hdXRoX3VzZXJfaWQiOiIxIn0=",
    "expire_date": "2016-05-27T20:36:34.714Z"
  }
},
{
  "model": "sessions.session",
  "pk": "i4pkk5yggsa638zn01pid56tb031uh9r",
  "fields": {
    "session_data": "N2UyMGExYmQ2ODI5MGRjZmZmODZkN2Q1Mzg0MWNiZGM4MjIzMTA4Zjp7Il9hdXRoX3VzZXJfaGFzaCI6ImNjOTE2YzZhYTQ3ZWM2Yzk1ZTgxOWQ2OGM5NWQ2NDJiNDYzZjcyNzYiLCJfYXV0aF91c2VyX2JhY2tlbmQiOiJkamFuZ28uY29udHJpYi5hdXRoLmJhY2tlbmRzLk1vZGVsQmFja2VuZCIsIl9hdXRoX3VzZXJfaWQiOiIxIn0=",
    "expire_date": "2016-05-27T19:50:56.524Z"
  }
},
{
  "model": "sessions.session",
  "pk": "i4rdra65gn2qz2wt6z291xdf5t0cdtsg",
  "fields": {
    "session_data": "N2UyMGExYmQ2ODI5MGRjZmZmODZkN2Q1Mzg0MWNiZGM4MjIzMTA4Zjp7Il9hdXRoX3VzZXJfaGFzaCI6ImNjOTE2YzZhYTQ3ZWM2Yzk1ZTgxOWQ2OGM5NWQ2NDJiNDYzZjcyNzYiLCJfYXV0aF91c2VyX2JhY2tlbmQiOiJkamFuZ28uY29udHJpYi5hdXRoLmJhY2tlbmRzLk1vZGVsQmFja2VuZCIsIl9hdXRoX3VzZXJfaWQiOiIxIn0=",
    "expire_date": "2016-06-04T23:24:00.593Z"
  }
},
{
  "model": "sessions.session",
  "pk": "i536vcv596icsqk2ptirvf47zrn344w9",
  "fields": {
    "session_data": "NjU4NGYwYzViYmNjYWQzODE0Y2U5NDBjMjQ1NDIxNTZiMDMyYzFhMTp7Il9hdXRoX3VzZXJfaGFzaCI6Ijc2NGY0OTJiODkzYTk1NDM0NjAwMDllMjdkMDRiZTA5ZWE3OWU5OWUiLCJfYXV0aF91c2VyX2JhY2tlbmQiOiJkamFuZ28uY29udHJpYi5hdXRoLmJhY2tlbmRzLk1vZGVsQmFja2VuZCIsIl9hdXRoX3VzZXJfaWQiOiIyIn0=",
    "expire_date": "2016-05-27T19:39:56.857Z"
  }
},
{
  "model": "sessions.session",
  "pk": "i6zzsbtmaxg06llpphlt73uefvxjzhjl",
  "fields": {
    "session_data": "N2UyMGExYmQ2ODI5MGRjZmZmODZkN2Q1Mzg0MWNiZGM4MjIzMTA4Zjp7Il9hdXRoX3VzZXJfaGFzaCI6ImNjOTE2YzZhYTQ3ZWM2Yzk1ZTgxOWQ2OGM5NWQ2NDJiNDYzZjcyNzYiLCJfYXV0aF91c2VyX2JhY2tlbmQiOiJkamFuZ28uY29udHJpYi5hdXRoLmJhY2tlbmRzLk1vZGVsQmFja2VuZCIsIl9hdXRoX3VzZXJfaWQiOiIxIn0=",
    "expire_date": "2016-05-30T21:46:26.897Z"
  }
},
{
  "model": "sessions.session",
  "pk": "ia957epjhwe388zwq1zmc6jg959dk6ha",
  "fields": {
    "session_data": "NjU4NGYwYzViYmNjYWQzODE0Y2U5NDBjMjQ1NDIxNTZiMDMyYzFhMTp7Il9hdXRoX3VzZXJfaGFzaCI6Ijc2NGY0OTJiODkzYTk1NDM0NjAwMDllMjdkMDRiZTA5ZWE3OWU5OWUiLCJfYXV0aF91c2VyX2JhY2tlbmQiOiJkamFuZ28uY29udHJpYi5hdXRoLmJhY2tlbmRzLk1vZGVsQmFja2VuZCIsIl9hdXRoX3VzZXJfaWQiOiIyIn0=",
    "expire_date": "2016-05-27T18:58:46.716Z"
  }
},
{
  "model": "sessions.session",
  "pk": "ilpki3o9nkxc2864xqt6xg25fqznlley",
  "fields": {
    "session_data": "N2UyMGExYmQ2ODI5MGRjZmZmODZkN2Q1Mzg0MWNiZGM4MjIzMTA4Zjp7Il9hdXRoX3VzZXJfaGFzaCI6ImNjOTE2YzZhYTQ3ZWM2Yzk1ZTgxOWQ2OGM5NWQ2NDJiNDYzZjcyNzYiLCJfYXV0aF91c2VyX2JhY2tlbmQiOiJkamFuZ28uY29udHJpYi5hdXRoLmJhY2tlbmRzLk1vZGVsQmFja2VuZCIsIl9hdXRoX3VzZXJfaWQiOiIxIn0=",
    "expire_date": "2016-05-27T18:07:51.178Z"
  }
},
{
  "model": "sessions.session",
  "pk": "iwkuwcmrzmu8si8f4uzpo07smyrukelt",
  "fields": {
    "session_data": "N2UyMGExYmQ2ODI5MGRjZmZmODZkN2Q1Mzg0MWNiZGM4MjIzMTA4Zjp7Il9hdXRoX3VzZXJfaGFzaCI6ImNjOTE2YzZhYTQ3ZWM2Yzk1ZTgxOWQ2OGM5NWQ2NDJiNDYzZjcyNzYiLCJfYXV0aF91c2VyX2JhY2tlbmQiOiJkamFuZ28uY29udHJpYi5hdXRoLmJhY2tlbmRzLk1vZGVsQmFja2VuZCIsIl9hdXRoX3VzZXJfaWQiOiIxIn0=",
    "expire_date": "2016-05-17T15:51:44.013Z"
  }
},
{
  "model": "sessions.session",
  "pk": "iwlel5hc8rh1elmpy6smsty0k6bklsbh",
  "fields": {
    "session_data": "N2UyMGExYmQ2ODI5MGRjZmZmODZkN2Q1Mzg0MWNiZGM4MjIzMTA4Zjp7Il9hdXRoX3VzZXJfaGFzaCI6ImNjOTE2YzZhYTQ3ZWM2Yzk1ZTgxOWQ2OGM5NWQ2NDJiNDYzZjcyNzYiLCJfYXV0aF91c2VyX2JhY2tlbmQiOiJkamFuZ28uY29udHJpYi5hdXRoLmJhY2tlbmRzLk1vZGVsQmFja2VuZCIsIl9hdXRoX3VzZXJfaWQiOiIxIn0=",
    "expire_date": "2016-05-30T19:29:59.178Z"
  }
},
{
  "model": "sessions.session",
  "pk": "iwwl9sx1t5wrmzkkdv3fkomd66l1gblv",
  "fields": {
    "session_data": "N2UyMGExYmQ2ODI5MGRjZmZmODZkN2Q1Mzg0MWNiZGM4MjIzMTA4Zjp7Il9hdXRoX3VzZXJfaGFzaCI6ImNjOTE2YzZhYTQ3ZWM2Yzk1ZTgxOWQ2OGM5NWQ2NDJiNDYzZjcyNzYiLCJfYXV0aF91c2VyX2JhY2tlbmQiOiJkamFuZ28uY29udHJpYi5hdXRoLmJhY2tlbmRzLk1vZGVsQmFja2VuZCIsIl9hdXRoX3VzZXJfaWQiOiIxIn0=",
    "expire_date": "2016-05-31T23:20:26.750Z"
  }
},
{
  "model": "sessions.session",
  "pk": "j24e3hzdvgfqrhmd8gmb3xk4qjliu5kv",
  "fields": {
    "session_data": "N2UyMGExYmQ2ODI5MGRjZmZmODZkN2Q1Mzg0MWNiZGM4MjIzMTA4Zjp7Il9hdXRoX3VzZXJfaGFzaCI6ImNjOTE2YzZhYTQ3ZWM2Yzk1ZTgxOWQ2OGM5NWQ2NDJiNDYzZjcyNzYiLCJfYXV0aF91c2VyX2JhY2tlbmQiOiJkamFuZ28uY29udHJpYi5hdXRoLmJhY2tlbmRzLk1vZGVsQmFja2VuZCIsIl9hdXRoX3VzZXJfaWQiOiIxIn0=",
    "expire_date": "2016-05-27T20:58:26.532Z"
  }
},
{
  "model": "sessions.session",
  "pk": "j3ymh9hlbeya0p1m9nu4w1vl7a29m6nl",
  "fields": {
    "session_data": "N2UyMGExYmQ2ODI5MGRjZmZmODZkN2Q1Mzg0MWNiZGM4MjIzMTA4Zjp7Il9hdXRoX3VzZXJfaGFzaCI6ImNjOTE2YzZhYTQ3ZWM2Yzk1ZTgxOWQ2OGM5NWQ2NDJiNDYzZjcyNzYiLCJfYXV0aF91c2VyX2JhY2tlbmQiOiJkamFuZ28uY29udHJpYi5hdXRoLmJhY2tlbmRzLk1vZGVsQmFja2VuZCIsIl9hdXRoX3VzZXJfaWQiOiIxIn0=",
    "expire_date": "2016-05-30T22:57:51.569Z"
  }
},
{
  "model": "sessions.session",
  "pk": "j5zw1c6tm1gi0ix3dy2hflach2j0f1iy",
  "fields": {
    "session_data": "N2UyMGExYmQ2ODI5MGRjZmZmODZkN2Q1Mzg0MWNiZGM4MjIzMTA4Zjp7Il9hdXRoX3VzZXJfaGFzaCI6ImNjOTE2YzZhYTQ3ZWM2Yzk1ZTgxOWQ2OGM5NWQ2NDJiNDYzZjcyNzYiLCJfYXV0aF91c2VyX2JhY2tlbmQiOiJkamFuZ28uY29udHJpYi5hdXRoLmJhY2tlbmRzLk1vZGVsQmFja2VuZCIsIl9hdXRoX3VzZXJfaWQiOiIxIn0=",
    "expire_date": "2016-05-30T22:51:05.670Z"
  }
},
{
  "model": "sessions.session",
  "pk": "jeurfvyy5ocingy2w92x4jeal5sklrur",
  "fields": {
    "session_data": "N2UyMGExYmQ2ODI5MGRjZmZmODZkN2Q1Mzg0MWNiZGM4MjIzMTA4Zjp7Il9hdXRoX3VzZXJfaGFzaCI6ImNjOTE2YzZhYTQ3ZWM2Yzk1ZTgxOWQ2OGM5NWQ2NDJiNDYzZjcyNzYiLCJfYXV0aF91c2VyX2JhY2tlbmQiOiJkamFuZ28uY29udHJpYi5hdXRoLmJhY2tlbmRzLk1vZGVsQmFja2VuZCIsIl9hdXRoX3VzZXJfaWQiOiIxIn0=",
    "expire_date": "2016-05-31T22:20:23.372Z"
  }
},
{
  "model": "sessions.session",
  "pk": "jiy57u5eh02mb6hh0ucxdw1iu86byuec",
  "fields": {
    "session_data": "N2UyMGExYmQ2ODI5MGRjZmZmODZkN2Q1Mzg0MWNiZGM4MjIzMTA4Zjp7Il9hdXRoX3VzZXJfaGFzaCI6ImNjOTE2YzZhYTQ3ZWM2Yzk1ZTgxOWQ2OGM5NWQ2NDJiNDYzZjcyNzYiLCJfYXV0aF91c2VyX2JhY2tlbmQiOiJkamFuZ28uY29udHJpYi5hdXRoLmJhY2tlbmRzLk1vZGVsQmFja2VuZCIsIl9hdXRoX3VzZXJfaWQiOiIxIn0=",
    "expire_date": "2016-05-30T22:02:28.536Z"
  }
},
{
  "model": "sessions.session",
  "pk": "jo8rxnmnbjkn65mgne0a1wcewmyjwddv",
  "fields": {
    "session_data": "N2UyMGExYmQ2ODI5MGRjZmZmODZkN2Q1Mzg0MWNiZGM4MjIzMTA4Zjp7Il9hdXRoX3VzZXJfaGFzaCI6ImNjOTE2YzZhYTQ3ZWM2Yzk1ZTgxOWQ2OGM5NWQ2NDJiNDYzZjcyNzYiLCJfYXV0aF91c2VyX2JhY2tlbmQiOiJkamFuZ28uY29udHJpYi5hdXRoLmJhY2tlbmRzLk1vZGVsQmFja2VuZCIsIl9hdXRoX3VzZXJfaWQiOiIxIn0=",
    "expire_date": "2016-05-27T19:57:24.170Z"
  }
},
{
  "model": "sessions.session",
  "pk": "js36tjql8s9mgdixusdumo2yqaij3cv8",
  "fields": {
    "session_data": "N2UyMGExYmQ2ODI5MGRjZmZmODZkN2Q1Mzg0MWNiZGM4MjIzMTA4Zjp7Il9hdXRoX3VzZXJfaGFzaCI6ImNjOTE2YzZhYTQ3ZWM2Yzk1ZTgxOWQ2OGM5NWQ2NDJiNDYzZjcyNzYiLCJfYXV0aF91c2VyX2JhY2tlbmQiOiJkamFuZ28uY29udHJpYi5hdXRoLmJhY2tlbmRzLk1vZGVsQmFja2VuZCIsIl9hdXRoX3VzZXJfaWQiOiIxIn0=",
    "expire_date": "2016-05-30T22:01:14.633Z"
  }
},
{
  "model": "sessions.session",
  "pk": "jtxffr1jn6x3h704botfk49nw3qwzqqy",
  "fields": {
    "session_data": "N2UyMGExYmQ2ODI5MGRjZmZmODZkN2Q1Mzg0MWNiZGM4MjIzMTA4Zjp7Il9hdXRoX3VzZXJfaGFzaCI6ImNjOTE2YzZhYTQ3ZWM2Yzk1ZTgxOWQ2OGM5NWQ2NDJiNDYzZjcyNzYiLCJfYXV0aF91c2VyX2JhY2tlbmQiOiJkamFuZ28uY29udHJpYi5hdXRoLmJhY2tlbmRzLk1vZGVsQmFja2VuZCIsIl9hdXRoX3VzZXJfaWQiOiIxIn0=",
    "expire_date": "2016-05-31T19:45:27.626Z"
  }
},
{
  "model": "sessions.session",
  "pk": "jurlpkstt40i7woewamjwhioz9sapb1m",
  "fields": {
    "session_data": "N2UyMGExYmQ2ODI5MGRjZmZmODZkN2Q1Mzg0MWNiZGM4MjIzMTA4Zjp7Il9hdXRoX3VzZXJfaGFzaCI6ImNjOTE2YzZhYTQ3ZWM2Yzk1ZTgxOWQ2OGM5NWQ2NDJiNDYzZjcyNzYiLCJfYXV0aF91c2VyX2JhY2tlbmQiOiJkamFuZ28uY29udHJpYi5hdXRoLmJhY2tlbmRzLk1vZGVsQmFja2VuZCIsIl9hdXRoX3VzZXJfaWQiOiIxIn0=",
    "expire_date": "2016-05-27T20:07:16.187Z"
  }
},
{
  "model": "sessions.session",
  "pk": "jw8p083xdi42lmhn79st4wj2u9wgv7nz",
  "fields": {
    "session_data": "N2UyMGExYmQ2ODI5MGRjZmZmODZkN2Q1Mzg0MWNiZGM4MjIzMTA4Zjp7Il9hdXRoX3VzZXJfaGFzaCI6ImNjOTE2YzZhYTQ3ZWM2Yzk1ZTgxOWQ2OGM5NWQ2NDJiNDYzZjcyNzYiLCJfYXV0aF91c2VyX2JhY2tlbmQiOiJkamFuZ28uY29udHJpYi5hdXRoLmJhY2tlbmRzLk1vZGVsQmFja2VuZCIsIl9hdXRoX3VzZXJfaWQiOiIxIn0=",
    "expire_date": "2016-05-30T22:17:43.190Z"
  }
},
{
  "model": "sessions.session",
  "pk": "ka4raywy800sgk5u9j32a1188l42hhk2",
  "fields": {
    "session_data": "N2UyMGExYmQ2ODI5MGRjZmZmODZkN2Q1Mzg0MWNiZGM4MjIzMTA4Zjp7Il9hdXRoX3VzZXJfaGFzaCI6ImNjOTE2YzZhYTQ3ZWM2Yzk1ZTgxOWQ2OGM5NWQ2NDJiNDYzZjcyNzYiLCJfYXV0aF91c2VyX2JhY2tlbmQiOiJkamFuZ28uY29udHJpYi5hdXRoLmJhY2tlbmRzLk1vZGVsQmFja2VuZCIsIl9hdXRoX3VzZXJfaWQiOiIxIn0=",
    "expire_date": "2016-05-30T21:43:53.094Z"
  }
},
{
  "model": "sessions.session",
  "pk": "kfnyx9amso8z2lkh3szsx2noiv219698",
  "fields": {
    "session_data": "N2UyMGExYmQ2ODI5MGRjZmZmODZkN2Q1Mzg0MWNiZGM4MjIzMTA4Zjp7Il9hdXRoX3VzZXJfaGFzaCI6ImNjOTE2YzZhYTQ3ZWM2Yzk1ZTgxOWQ2OGM5NWQ2NDJiNDYzZjcyNzYiLCJfYXV0aF91c2VyX2JhY2tlbmQiOiJkamFuZ28uY29udHJpYi5hdXRoLmJhY2tlbmRzLk1vZGVsQmFja2VuZCIsIl9hdXRoX3VzZXJfaWQiOiIxIn0=",
    "expire_date": "2016-05-27T20:51:48.351Z"
  }
},
{
  "model": "sessions.session",
  "pk": "kfx6dtrndux6v2v4bb0jn096fi50ycbp",
  "fields": {
    "session_data": "N2UyMGExYmQ2ODI5MGRjZmZmODZkN2Q1Mzg0MWNiZGM4MjIzMTA4Zjp7Il9hdXRoX3VzZXJfaGFzaCI6ImNjOTE2YzZhYTQ3ZWM2Yzk1ZTgxOWQ2OGM5NWQ2NDJiNDYzZjcyNzYiLCJfYXV0aF91c2VyX2JhY2tlbmQiOiJkamFuZ28uY29udHJpYi5hdXRoLmJhY2tlbmRzLk1vZGVsQmFja2VuZCIsIl9hdXRoX3VzZXJfaWQiOiIxIn0=",
    "expire_date": "2016-05-30T21:48:12.242Z"
  }
},
{
  "model": "sessions.session",
  "pk": "kju6y18gqua42fkenlibj6284wq2ghln",
  "fields": {
    "session_data": "N2UyMGExYmQ2ODI5MGRjZmZmODZkN2Q1Mzg0MWNiZGM4MjIzMTA4Zjp7Il9hdXRoX3VzZXJfaGFzaCI6ImNjOTE2YzZhYTQ3ZWM2Yzk1ZTgxOWQ2OGM5NWQ2NDJiNDYzZjcyNzYiLCJfYXV0aF91c2VyX2JhY2tlbmQiOiJkamFuZ28uY29udHJpYi5hdXRoLmJhY2tlbmRzLk1vZGVsQmFja2VuZCIsIl9hdXRoX3VzZXJfaWQiOiIxIn0=",
    "expire_date": "2016-05-17T17:06:21.764Z"
  }
},
{
  "model": "sessions.session",
  "pk": "kp7g8cj8kd97hoovlzzy5e02hn1ieuo3",
  "fields": {
    "session_data": "N2UyMGExYmQ2ODI5MGRjZmZmODZkN2Q1Mzg0MWNiZGM4MjIzMTA4Zjp7Il9hdXRoX3VzZXJfaGFzaCI6ImNjOTE2YzZhYTQ3ZWM2Yzk1ZTgxOWQ2OGM5NWQ2NDJiNDYzZjcyNzYiLCJfYXV0aF91c2VyX2JhY2tlbmQiOiJkamFuZ28uY29udHJpYi5hdXRoLmJhY2tlbmRzLk1vZGVsQmFja2VuZCIsIl9hdXRoX3VzZXJfaWQiOiIxIn0=",
    "expire_date": "2016-05-26T20:57:42.124Z"
  }
},
{
  "model": "sessions.session",
  "pk": "kpvphamsi0qjm7ab9c77fg9obissvgyp",
  "fields": {
    "session_data": "N2UyMGExYmQ2ODI5MGRjZmZmODZkN2Q1Mzg0MWNiZGM4MjIzMTA4Zjp7Il9hdXRoX3VzZXJfaGFzaCI6ImNjOTE2YzZhYTQ3ZWM2Yzk1ZTgxOWQ2OGM5NWQ2NDJiNDYzZjcyNzYiLCJfYXV0aF91c2VyX2JhY2tlbmQiOiJkamFuZ28uY29udHJpYi5hdXRoLmJhY2tlbmRzLk1vZGVsQmFja2VuZCIsIl9hdXRoX3VzZXJfaWQiOiIxIn0=",
    "expire_date": "2016-06-01T00:07:39.985Z"
  }
},
{
  "model": "sessions.session",
  "pk": "kum83ow2a3rxq2pp0wpe6btwydwclmgz",
  "fields": {
    "session_data": "N2UyMGExYmQ2ODI5MGRjZmZmODZkN2Q1Mzg0MWNiZGM4MjIzMTA4Zjp7Il9hdXRoX3VzZXJfaGFzaCI6ImNjOTE2YzZhYTQ3ZWM2Yzk1ZTgxOWQ2OGM5NWQ2NDJiNDYzZjcyNzYiLCJfYXV0aF91c2VyX2JhY2tlbmQiOiJkamFuZ28uY29udHJpYi5hdXRoLmJhY2tlbmRzLk1vZGVsQmFja2VuZCIsIl9hdXRoX3VzZXJfaWQiOiIxIn0=",
    "expire_date": "2016-05-30T19:53:52.336Z"
  }
},
{
  "model": "sessions.session",
  "pk": "kv6md665c9ru7dwm10wytibnu8b6y0bh",
  "fields": {
    "session_data": "N2UyMGExYmQ2ODI5MGRjZmZmODZkN2Q1Mzg0MWNiZGM4MjIzMTA4Zjp7Il9hdXRoX3VzZXJfaGFzaCI6ImNjOTE2YzZhYTQ3ZWM2Yzk1ZTgxOWQ2OGM5NWQ2NDJiNDYzZjcyNzYiLCJfYXV0aF91c2VyX2JhY2tlbmQiOiJkamFuZ28uY29udHJpYi5hdXRoLmJhY2tlbmRzLk1vZGVsQmFja2VuZCIsIl9hdXRoX3VzZXJfaWQiOiIxIn0=",
    "expire_date": "2016-05-17T17:53:47.326Z"
  }
},
{
  "model": "sessions.session",
  "pk": "kws7fczov5y0dr53ponfdja6xp5vglpn",
  "fields": {
    "session_data": "N2UyMGExYmQ2ODI5MGRjZmZmODZkN2Q1Mzg0MWNiZGM4MjIzMTA4Zjp7Il9hdXRoX3VzZXJfaGFzaCI6ImNjOTE2YzZhYTQ3ZWM2Yzk1ZTgxOWQ2OGM5NWQ2NDJiNDYzZjcyNzYiLCJfYXV0aF91c2VyX2JhY2tlbmQiOiJkamFuZ28uY29udHJpYi5hdXRoLmJhY2tlbmRzLk1vZGVsQmFja2VuZCIsIl9hdXRoX3VzZXJfaWQiOiIxIn0=",
    "expire_date": "2016-05-17T15:44:36.169Z"
  }
},
{
  "model": "sessions.session",
  "pk": "kzutbvgjqi1uuk1kpykpmyot6s6kyvyb",
  "fields": {
    "session_data": "NjU4NGYwYzViYmNjYWQzODE0Y2U5NDBjMjQ1NDIxNTZiMDMyYzFhMTp7Il9hdXRoX3VzZXJfaGFzaCI6Ijc2NGY0OTJiODkzYTk1NDM0NjAwMDllMjdkMDRiZTA5ZWE3OWU5OWUiLCJfYXV0aF91c2VyX2JhY2tlbmQiOiJkamFuZ28uY29udHJpYi5hdXRoLmJhY2tlbmRzLk1vZGVsQmFja2VuZCIsIl9hdXRoX3VzZXJfaWQiOiIyIn0=",
    "expire_date": "2016-05-27T19:12:50.827Z"
  }
},
{
  "model": "sessions.session",
  "pk": "l1d8i1fjp0h5c9hrpn9g7hl2iykn67gd",
  "fields": {
    "session_data": "N2UyMGExYmQ2ODI5MGRjZmZmODZkN2Q1Mzg0MWNiZGM4MjIzMTA4Zjp7Il9hdXRoX3VzZXJfaGFzaCI6ImNjOTE2YzZhYTQ3ZWM2Yzk1ZTgxOWQ2OGM5NWQ2NDJiNDYzZjcyNzYiLCJfYXV0aF91c2VyX2JhY2tlbmQiOiJkamFuZ28uY29udHJpYi5hdXRoLmJhY2tlbmRzLk1vZGVsQmFja2VuZCIsIl9hdXRoX3VzZXJfaWQiOiIxIn0=",
    "expire_date": "2016-05-30T20:36:05.647Z"
  }
},
{
  "model": "sessions.session",
  "pk": "l50t571559u9g9ztek00qt2yhojhrlkp",
  "fields": {
    "session_data": "NjU4NGYwYzViYmNjYWQzODE0Y2U5NDBjMjQ1NDIxNTZiMDMyYzFhMTp7Il9hdXRoX3VzZXJfaGFzaCI6Ijc2NGY0OTJiODkzYTk1NDM0NjAwMDllMjdkMDRiZTA5ZWE3OWU5OWUiLCJfYXV0aF91c2VyX2JhY2tlbmQiOiJkamFuZ28uY29udHJpYi5hdXRoLmJhY2tlbmRzLk1vZGVsQmFja2VuZCIsIl9hdXRoX3VzZXJfaWQiOiIyIn0=",
    "expire_date": "2016-05-27T19:42:47.455Z"
  }
},
{
  "model": "sessions.session",
  "pk": "lard85h1bj284t6qrps4fp8km77h8biz",
  "fields": {
    "session_data": "NjU4NGYwYzViYmNjYWQzODE0Y2U5NDBjMjQ1NDIxNTZiMDMyYzFhMTp7Il9hdXRoX3VzZXJfaGFzaCI6Ijc2NGY0OTJiODkzYTk1NDM0NjAwMDllMjdkMDRiZTA5ZWE3OWU5OWUiLCJfYXV0aF91c2VyX2JhY2tlbmQiOiJkamFuZ28uY29udHJpYi5hdXRoLmJhY2tlbmRzLk1vZGVsQmFja2VuZCIsIl9hdXRoX3VzZXJfaWQiOiIyIn0=",
    "expire_date": "2016-05-27T19:31:27.904Z"
  }
},
{
  "model": "sessions.session",
  "pk": "ldcu7jei9ywkbjzz0n9bzc2x1giu0sph",
  "fields": {
    "session_data": "N2UyMGExYmQ2ODI5MGRjZmZmODZkN2Q1Mzg0MWNiZGM4MjIzMTA4Zjp7Il9hdXRoX3VzZXJfaGFzaCI6ImNjOTE2YzZhYTQ3ZWM2Yzk1ZTgxOWQ2OGM5NWQ2NDJiNDYzZjcyNzYiLCJfYXV0aF91c2VyX2JhY2tlbmQiOiJkamFuZ28uY29udHJpYi5hdXRoLmJhY2tlbmRzLk1vZGVsQmFja2VuZCIsIl9hdXRoX3VzZXJfaWQiOiIxIn0=",
    "expire_date": "2016-05-17T18:44:02.889Z"
  }
},
{
  "model": "sessions.session",
  "pk": "lmmenz5c4w8yrlye46k91f6zw3cgdoui",
  "fields": {
    "session_data": "N2UyMGExYmQ2ODI5MGRjZmZmODZkN2Q1Mzg0MWNiZGM4MjIzMTA4Zjp7Il9hdXRoX3VzZXJfaGFzaCI6ImNjOTE2YzZhYTQ3ZWM2Yzk1ZTgxOWQ2OGM5NWQ2NDJiNDYzZjcyNzYiLCJfYXV0aF91c2VyX2JhY2tlbmQiOiJkamFuZ28uY29udHJpYi5hdXRoLmJhY2tlbmRzLk1vZGVsQmFja2VuZCIsIl9hdXRoX3VzZXJfaWQiOiIxIn0=",
    "expire_date": "2016-05-17T14:21:36.487Z"
  }
},
{
  "model": "sessions.session",
  "pk": "lrhi8gfdvd631p2klrgfjkfs2qxlui21",
  "fields": {
    "session_data": "N2UyMGExYmQ2ODI5MGRjZmZmODZkN2Q1Mzg0MWNiZGM4MjIzMTA4Zjp7Il9hdXRoX3VzZXJfaGFzaCI6ImNjOTE2YzZhYTQ3ZWM2Yzk1ZTgxOWQ2OGM5NWQ2NDJiNDYzZjcyNzYiLCJfYXV0aF91c2VyX2JhY2tlbmQiOiJkamFuZ28uY29udHJpYi5hdXRoLmJhY2tlbmRzLk1vZGVsQmFja2VuZCIsIl9hdXRoX3VzZXJfaWQiOiIxIn0=",
    "expire_date": "2016-05-27T18:11:30.432Z"
  }
},
{
  "model": "sessions.session",
  "pk": "lw0f1ai0ohj7zgs9h7pmvcyvvjw29l6p",
  "fields": {
    "session_data": "N2UyMGExYmQ2ODI5MGRjZmZmODZkN2Q1Mzg0MWNiZGM4MjIzMTA4Zjp7Il9hdXRoX3VzZXJfaGFzaCI6ImNjOTE2YzZhYTQ3ZWM2Yzk1ZTgxOWQ2OGM5NWQ2NDJiNDYzZjcyNzYiLCJfYXV0aF91c2VyX2JhY2tlbmQiOiJkamFuZ28uY29udHJpYi5hdXRoLmJhY2tlbmRzLk1vZGVsQmFja2VuZCIsIl9hdXRoX3VzZXJfaWQiOiIxIn0=",
    "expire_date": "2016-05-27T19:45:29.613Z"
  }
},
{
  "model": "sessions.session",
  "pk": "lw1j1d22u5trzsw3is7krxkwto2myym7",
  "fields": {
    "session_data": "NjU4NGYwYzViYmNjYWQzODE0Y2U5NDBjMjQ1NDIxNTZiMDMyYzFhMTp7Il9hdXRoX3VzZXJfaGFzaCI6Ijc2NGY0OTJiODkzYTk1NDM0NjAwMDllMjdkMDRiZTA5ZWE3OWU5OWUiLCJfYXV0aF91c2VyX2JhY2tlbmQiOiJkamFuZ28uY29udHJpYi5hdXRoLmJhY2tlbmRzLk1vZGVsQmFja2VuZCIsIl9hdXRoX3VzZXJfaWQiOiIyIn0=",
    "expire_date": "2016-05-27T19:10:47.671Z"
  }
},
{
  "model": "sessions.session",
  "pk": "lyim0637gd85lmijttegh03ti0bu2k0e",
  "fields": {
    "session_data": "N2UyMGExYmQ2ODI5MGRjZmZmODZkN2Q1Mzg0MWNiZGM4MjIzMTA4Zjp7Il9hdXRoX3VzZXJfaGFzaCI6ImNjOTE2YzZhYTQ3ZWM2Yzk1ZTgxOWQ2OGM5NWQ2NDJiNDYzZjcyNzYiLCJfYXV0aF91c2VyX2JhY2tlbmQiOiJkamFuZ28uY29udHJpYi5hdXRoLmJhY2tlbmRzLk1vZGVsQmFja2VuZCIsIl9hdXRoX3VzZXJfaWQiOiIxIn0=",
    "expire_date": "2016-05-27T18:09:21.827Z"
  }
},
{
  "model": "sessions.session",
  "pk": "lznhdut5nd65uz05ge3v3dtyaq754vd5",
  "fields": {
    "session_data": "N2UyMGExYmQ2ODI5MGRjZmZmODZkN2Q1Mzg0MWNiZGM4MjIzMTA4Zjp7Il9hdXRoX3VzZXJfaGFzaCI6ImNjOTE2YzZhYTQ3ZWM2Yzk1ZTgxOWQ2OGM5NWQ2NDJiNDYzZjcyNzYiLCJfYXV0aF91c2VyX2JhY2tlbmQiOiJkamFuZ28uY29udHJpYi5hdXRoLmJhY2tlbmRzLk1vZGVsQmFja2VuZCIsIl9hdXRoX3VzZXJfaWQiOiIxIn0=",
    "expire_date": "2016-05-17T15:44:57.422Z"
  }
},
{
  "model": "sessions.session",
  "pk": "lzzn1ulqt4bn38gtlan2lr4c74zgzi9j",
  "fields": {
    "session_data": "N2UyMGExYmQ2ODI5MGRjZmZmODZkN2Q1Mzg0MWNiZGM4MjIzMTA4Zjp7Il9hdXRoX3VzZXJfaGFzaCI6ImNjOTE2YzZhYTQ3ZWM2Yzk1ZTgxOWQ2OGM5NWQ2NDJiNDYzZjcyNzYiLCJfYXV0aF91c2VyX2JhY2tlbmQiOiJkamFuZ28uY29udHJpYi5hdXRoLmJhY2tlbmRzLk1vZGVsQmFja2VuZCIsIl9hdXRoX3VzZXJfaWQiOiIxIn0=",
    "expire_date": "2016-05-17T14:14:00.286Z"
  }
},
{
  "model": "sessions.session",
  "pk": "m0x2qi88fmyuxzgv8kzkamqs4vjd00x2",
  "fields": {
    "session_data": "N2UyMGExYmQ2ODI5MGRjZmZmODZkN2Q1Mzg0MWNiZGM4MjIzMTA4Zjp7Il9hdXRoX3VzZXJfaGFzaCI6ImNjOTE2YzZhYTQ3ZWM2Yzk1ZTgxOWQ2OGM5NWQ2NDJiNDYzZjcyNzYiLCJfYXV0aF91c2VyX2JhY2tlbmQiOiJkamFuZ28uY29udHJpYi5hdXRoLmJhY2tlbmRzLk1vZGVsQmFja2VuZCIsIl9hdXRoX3VzZXJfaWQiOiIxIn0=",
    "expire_date": "2016-05-27T21:05:46.743Z"
  }
},
{
  "model": "sessions.session",
  "pk": "m76qoeflg4owgqzyff7n1uhm9ylog5xt",
  "fields": {
    "session_data": "N2UyMGExYmQ2ODI5MGRjZmZmODZkN2Q1Mzg0MWNiZGM4MjIzMTA4Zjp7Il9hdXRoX3VzZXJfaGFzaCI6ImNjOTE2YzZhYTQ3ZWM2Yzk1ZTgxOWQ2OGM5NWQ2NDJiNDYzZjcyNzYiLCJfYXV0aF91c2VyX2JhY2tlbmQiOiJkamFuZ28uY29udHJpYi5hdXRoLmJhY2tlbmRzLk1vZGVsQmFja2VuZCIsIl9hdXRoX3VzZXJfaWQiOiIxIn0=",
    "expire_date": "2016-05-17T17:55:10.829Z"
  }
},
{
  "model": "sessions.session",
  "pk": "m8bsu81ddhp3iyoo1zkrmdkn8gdwpl8l",
  "fields": {
    "session_data": "N2UyMGExYmQ2ODI5MGRjZmZmODZkN2Q1Mzg0MWNiZGM4MjIzMTA4Zjp7Il9hdXRoX3VzZXJfaGFzaCI6ImNjOTE2YzZhYTQ3ZWM2Yzk1ZTgxOWQ2OGM5NWQ2NDJiNDYzZjcyNzYiLCJfYXV0aF91c2VyX2JhY2tlbmQiOiJkamFuZ28uY29udHJpYi5hdXRoLmJhY2tlbmRzLk1vZGVsQmFja2VuZCIsIl9hdXRoX3VzZXJfaWQiOiIxIn0=",
    "expire_date": "2016-05-31T18:45:12.339Z"
  }
},
{
  "model": "sessions.session",
  "pk": "m9i2sd324cfveel8rljw2r4mjgpbz0c3",
  "fields": {
    "session_data": "N2UyMGExYmQ2ODI5MGRjZmZmODZkN2Q1Mzg0MWNiZGM4MjIzMTA4Zjp7Il9hdXRoX3VzZXJfaGFzaCI6ImNjOTE2YzZhYTQ3ZWM2Yzk1ZTgxOWQ2OGM5NWQ2NDJiNDYzZjcyNzYiLCJfYXV0aF91c2VyX2JhY2tlbmQiOiJkamFuZ28uY29udHJpYi5hdXRoLmJhY2tlbmRzLk1vZGVsQmFja2VuZCIsIl9hdXRoX3VzZXJfaWQiOiIxIn0=",
    "expire_date": "2016-05-27T20:59:55.044Z"
  }
},
{
  "model": "sessions.session",
  "pk": "m9ligz3gcxz6jf8una4p6bm2030o32i1",
  "fields": {
    "session_data": "NjU4NGYwYzViYmNjYWQzODE0Y2U5NDBjMjQ1NDIxNTZiMDMyYzFhMTp7Il9hdXRoX3VzZXJfaGFzaCI6Ijc2NGY0OTJiODkzYTk1NDM0NjAwMDllMjdkMDRiZTA5ZWE3OWU5OWUiLCJfYXV0aF91c2VyX2JhY2tlbmQiOiJkamFuZ28uY29udHJpYi5hdXRoLmJhY2tlbmRzLk1vZGVsQmFja2VuZCIsIl9hdXRoX3VzZXJfaWQiOiIyIn0=",
    "expire_date": "2016-05-27T19:15:52.196Z"
  }
},
{
  "model": "sessions.session",
  "pk": "mara2dyxwka74znpobuctaqct17jh3ee",
  "fields": {
    "session_data": "NjU4NGYwYzViYmNjYWQzODE0Y2U5NDBjMjQ1NDIxNTZiMDMyYzFhMTp7Il9hdXRoX3VzZXJfaGFzaCI6Ijc2NGY0OTJiODkzYTk1NDM0NjAwMDllMjdkMDRiZTA5ZWE3OWU5OWUiLCJfYXV0aF91c2VyX2JhY2tlbmQiOiJkamFuZ28uY29udHJpYi5hdXRoLmJhY2tlbmRzLk1vZGVsQmFja2VuZCIsIl9hdXRoX3VzZXJfaWQiOiIyIn0=",
    "expire_date": "2016-05-27T18:59:22.697Z"
  }
},
{
  "model": "sessions.session",
  "pk": "mb163sdr980pky0evyr3eezldd45lmi1",
  "fields": {
    "session_data": "N2UyMGExYmQ2ODI5MGRjZmZmODZkN2Q1Mzg0MWNiZGM4MjIzMTA4Zjp7Il9hdXRoX3VzZXJfaGFzaCI6ImNjOTE2YzZhYTQ3ZWM2Yzk1ZTgxOWQ2OGM5NWQ2NDJiNDYzZjcyNzYiLCJfYXV0aF91c2VyX2JhY2tlbmQiOiJkamFuZ28uY29udHJpYi5hdXRoLmJhY2tlbmRzLk1vZGVsQmFja2VuZCIsIl9hdXRoX3VzZXJfaWQiOiIxIn0=",
    "expire_date": "2016-05-30T22:04:46.755Z"
  }
},
{
  "model": "sessions.session",
  "pk": "n017csktbuoa6f9xreoxkoqeggkwwwfz",
  "fields": {
    "session_data": "N2UyMGExYmQ2ODI5MGRjZmZmODZkN2Q1Mzg0MWNiZGM4MjIzMTA4Zjp7Il9hdXRoX3VzZXJfaGFzaCI6ImNjOTE2YzZhYTQ3ZWM2Yzk1ZTgxOWQ2OGM5NWQ2NDJiNDYzZjcyNzYiLCJfYXV0aF91c2VyX2JhY2tlbmQiOiJkamFuZ28uY29udHJpYi5hdXRoLmJhY2tlbmRzLk1vZGVsQmFja2VuZCIsIl9hdXRoX3VzZXJfaWQiOiIxIn0=",
    "expire_date": "2016-05-31T22:38:58.197Z"
  }
},
{
  "model": "sessions.session",
  "pk": "n42by1nfq9nvllfbkhfu495iiheg94xa",
  "fields": {
    "session_data": "N2UyMGExYmQ2ODI5MGRjZmZmODZkN2Q1Mzg0MWNiZGM4MjIzMTA4Zjp7Il9hdXRoX3VzZXJfaGFzaCI6ImNjOTE2YzZhYTQ3ZWM2Yzk1ZTgxOWQ2OGM5NWQ2NDJiNDYzZjcyNzYiLCJfYXV0aF91c2VyX2JhY2tlbmQiOiJkamFuZ28uY29udHJpYi5hdXRoLmJhY2tlbmRzLk1vZGVsQmFja2VuZCIsIl9hdXRoX3VzZXJfaWQiOiIxIn0=",
    "expire_date": "2016-05-30T22:50:29.247Z"
  }
},
{
  "model": "sessions.session",
  "pk": "n8prpo7s6xol7jehnja06e3nwff1fsfa",
  "fields": {
    "session_data": "N2UyMGExYmQ2ODI5MGRjZmZmODZkN2Q1Mzg0MWNiZGM4MjIzMTA4Zjp7Il9hdXRoX3VzZXJfaGFzaCI6ImNjOTE2YzZhYTQ3ZWM2Yzk1ZTgxOWQ2OGM5NWQ2NDJiNDYzZjcyNzYiLCJfYXV0aF91c2VyX2JhY2tlbmQiOiJkamFuZ28uY29udHJpYi5hdXRoLmJhY2tlbmRzLk1vZGVsQmFja2VuZCIsIl9hdXRoX3VzZXJfaWQiOiIxIn0=",
    "expire_date": "2016-05-27T18:52:14.257Z"
  }
},
{
  "model": "sessions.session",
  "pk": "nciu9jgoav62nz2ogs09jq2ipa29l4n4",
  "fields": {
    "session_data": "NjU4NGYwYzViYmNjYWQzODE0Y2U5NDBjMjQ1NDIxNTZiMDMyYzFhMTp7Il9hdXRoX3VzZXJfaGFzaCI6Ijc2NGY0OTJiODkzYTk1NDM0NjAwMDllMjdkMDRiZTA5ZWE3OWU5OWUiLCJfYXV0aF91c2VyX2JhY2tlbmQiOiJkamFuZ28uY29udHJpYi5hdXRoLmJhY2tlbmRzLk1vZGVsQmFja2VuZCIsIl9hdXRoX3VzZXJfaWQiOiIyIn0=",
    "expire_date": "2016-05-27T19:43:11.780Z"
  }
},
{
  "model": "sessions.session",
  "pk": "nd2x4rrqqkgsfnzrv51eb4yrww30hm9r",
  "fields": {
    "session_data": "N2UyMGExYmQ2ODI5MGRjZmZmODZkN2Q1Mzg0MWNiZGM4MjIzMTA4Zjp7Il9hdXRoX3VzZXJfaGFzaCI6ImNjOTE2YzZhYTQ3ZWM2Yzk1ZTgxOWQ2OGM5NWQ2NDJiNDYzZjcyNzYiLCJfYXV0aF91c2VyX2JhY2tlbmQiOiJkamFuZ28uY29udHJpYi5hdXRoLmJhY2tlbmRzLk1vZGVsQmFja2VuZCIsIl9hdXRoX3VzZXJfaWQiOiIxIn0=",
    "expire_date": "2016-05-31T19:16:35.764Z"
  }
},
{
  "model": "sessions.session",
  "pk": "ndp4d81y5awf5mnx9rxoppsc6f637p3u",
  "fields": {
    "session_data": "N2UyMGExYmQ2ODI5MGRjZmZmODZkN2Q1Mzg0MWNiZGM4MjIzMTA4Zjp7Il9hdXRoX3VzZXJfaGFzaCI6ImNjOTE2YzZhYTQ3ZWM2Yzk1ZTgxOWQ2OGM5NWQ2NDJiNDYzZjcyNzYiLCJfYXV0aF91c2VyX2JhY2tlbmQiOiJkamFuZ28uY29udHJpYi5hdXRoLmJhY2tlbmRzLk1vZGVsQmFja2VuZCIsIl9hdXRoX3VzZXJfaWQiOiIxIn0=",
    "expire_date": "2016-05-27T20:08:45.388Z"
  }
},
{
  "model": "sessions.session",
  "pk": "nehqoxp88xksny8183flzv47nthv1h4k",
  "fields": {
    "session_data": "N2UyMGExYmQ2ODI5MGRjZmZmODZkN2Q1Mzg0MWNiZGM4MjIzMTA4Zjp7Il9hdXRoX3VzZXJfaGFzaCI6ImNjOTE2YzZhYTQ3ZWM2Yzk1ZTgxOWQ2OGM5NWQ2NDJiNDYzZjcyNzYiLCJfYXV0aF91c2VyX2JhY2tlbmQiOiJkamFuZ28uY29udHJpYi5hdXRoLmJhY2tlbmRzLk1vZGVsQmFja2VuZCIsIl9hdXRoX3VzZXJfaWQiOiIxIn0=",
    "expire_date": "2016-05-30T20:56:42.475Z"
  }
},
{
  "model": "sessions.session",
  "pk": "nfb0i6qvvb5n7xl5x4sotchcdx2nspwi",
  "fields": {
    "session_data": "N2UyMGExYmQ2ODI5MGRjZmZmODZkN2Q1Mzg0MWNiZGM4MjIzMTA4Zjp7Il9hdXRoX3VzZXJfaGFzaCI6ImNjOTE2YzZhYTQ3ZWM2Yzk1ZTgxOWQ2OGM5NWQ2NDJiNDYzZjcyNzYiLCJfYXV0aF91c2VyX2JhY2tlbmQiOiJkamFuZ28uY29udHJpYi5hdXRoLmJhY2tlbmRzLk1vZGVsQmFja2VuZCIsIl9hdXRoX3VzZXJfaWQiOiIxIn0=",
    "expire_date": "2016-05-26T21:43:20.171Z"
  }
},
{
  "model": "sessions.session",
  "pk": "nfd1ed6o1p7ixiq7ut0mmlhgetfg20d6",
  "fields": {
    "session_data": "N2UyMGExYmQ2ODI5MGRjZmZmODZkN2Q1Mzg0MWNiZGM4MjIzMTA4Zjp7Il9hdXRoX3VzZXJfaGFzaCI6ImNjOTE2YzZhYTQ3ZWM2Yzk1ZTgxOWQ2OGM5NWQ2NDJiNDYzZjcyNzYiLCJfYXV0aF91c2VyX2JhY2tlbmQiOiJkamFuZ28uY29udHJpYi5hdXRoLmJhY2tlbmRzLk1vZGVsQmFja2VuZCIsIl9hdXRoX3VzZXJfaWQiOiIxIn0=",
    "expire_date": "2016-06-01T00:10:10.574Z"
  }
},
{
  "model": "sessions.session",
  "pk": "nkbeg9r3yhr5pz2s9mmkfc993e067fir",
  "fields": {
    "session_data": "N2UyMGExYmQ2ODI5MGRjZmZmODZkN2Q1Mzg0MWNiZGM4MjIzMTA4Zjp7Il9hdXRoX3VzZXJfaGFzaCI6ImNjOTE2YzZhYTQ3ZWM2Yzk1ZTgxOWQ2OGM5NWQ2NDJiNDYzZjcyNzYiLCJfYXV0aF91c2VyX2JhY2tlbmQiOiJkamFuZ28uY29udHJpYi5hdXRoLmJhY2tlbmRzLk1vZGVsQmFja2VuZCIsIl9hdXRoX3VzZXJfaWQiOiIxIn0=",
    "expire_date": "2016-05-27T19:52:02.252Z"
  }
},
{
  "model": "sessions.session",
  "pk": "nqn8o7n7bkjqjpoajfm22gven3h7dcc8",
  "fields": {
    "session_data": "N2UyMGExYmQ2ODI5MGRjZmZmODZkN2Q1Mzg0MWNiZGM4MjIzMTA4Zjp7Il9hdXRoX3VzZXJfaGFzaCI6ImNjOTE2YzZhYTQ3ZWM2Yzk1ZTgxOWQ2OGM5NWQ2NDJiNDYzZjcyNzYiLCJfYXV0aF91c2VyX2JhY2tlbmQiOiJkamFuZ28uY29udHJpYi5hdXRoLmJhY2tlbmRzLk1vZGVsQmFja2VuZCIsIl9hdXRoX3VzZXJfaWQiOiIxIn0=",
    "expire_date": "2016-05-27T21:50:52.533Z"
  }
},
{
  "model": "sessions.session",
  "pk": "nu48uiwzzc97zgx75jejikbk4buzowhq",
  "fields": {
    "session_data": "N2UyMGExYmQ2ODI5MGRjZmZmODZkN2Q1Mzg0MWNiZGM4MjIzMTA4Zjp7Il9hdXRoX3VzZXJfaGFzaCI6ImNjOTE2YzZhYTQ3ZWM2Yzk1ZTgxOWQ2OGM5NWQ2NDJiNDYzZjcyNzYiLCJfYXV0aF91c2VyX2JhY2tlbmQiOiJkamFuZ28uY29udHJpYi5hdXRoLmJhY2tlbmRzLk1vZGVsQmFja2VuZCIsIl9hdXRoX3VzZXJfaWQiOiIxIn0=",
    "expire_date": "2016-05-27T18:06:31.589Z"
  }
},
{
  "model": "sessions.session",
  "pk": "nvpzntnoe7g4pf7yb4p5m55oqvsujbbt",
  "fields": {
    "session_data": "N2UyMGExYmQ2ODI5MGRjZmZmODZkN2Q1Mzg0MWNiZGM4MjIzMTA4Zjp7Il9hdXRoX3VzZXJfaGFzaCI6ImNjOTE2YzZhYTQ3ZWM2Yzk1ZTgxOWQ2OGM5NWQ2NDJiNDYzZjcyNzYiLCJfYXV0aF91c2VyX2JhY2tlbmQiOiJkamFuZ28uY29udHJpYi5hdXRoLmJhY2tlbmRzLk1vZGVsQmFja2VuZCIsIl9hdXRoX3VzZXJfaWQiOiIxIn0=",
    "expire_date": "2016-05-31T23:13:36.871Z"
  }
},
{
  "model": "sessions.session",
  "pk": "ny8r4l10eii09d59xnqyoi7bt9i5jjh5",
  "fields": {
    "session_data": "N2UyMGExYmQ2ODI5MGRjZmZmODZkN2Q1Mzg0MWNiZGM4MjIzMTA4Zjp7Il9hdXRoX3VzZXJfaGFzaCI6ImNjOTE2YzZhYTQ3ZWM2Yzk1ZTgxOWQ2OGM5NWQ2NDJiNDYzZjcyNzYiLCJfYXV0aF91c2VyX2JhY2tlbmQiOiJkamFuZ28uY29udHJpYi5hdXRoLmJhY2tlbmRzLk1vZGVsQmFja2VuZCIsIl9hdXRoX3VzZXJfaWQiOiIxIn0=",
    "expire_date": "2016-05-31T20:13:45.028Z"
  }
},
{
  "model": "sessions.session",
  "pk": "o0pdokwwhgv6hwleb1k6snzhzjzfxyi5",
  "fields": {
    "session_data": "N2UyMGExYmQ2ODI5MGRjZmZmODZkN2Q1Mzg0MWNiZGM4MjIzMTA4Zjp7Il9hdXRoX3VzZXJfaGFzaCI6ImNjOTE2YzZhYTQ3ZWM2Yzk1ZTgxOWQ2OGM5NWQ2NDJiNDYzZjcyNzYiLCJfYXV0aF91c2VyX2JhY2tlbmQiOiJkamFuZ28uY29udHJpYi5hdXRoLmJhY2tlbmRzLk1vZGVsQmFja2VuZCIsIl9hdXRoX3VzZXJfaWQiOiIxIn0=",
    "expire_date": "2016-05-17T15:57:56.778Z"
  }
},
{
  "model": "sessions.session",
  "pk": "o24axmn7yc9dwd9cpzyf1e66ghsimpgz",
  "fields": {
    "session_data": "N2UyMGExYmQ2ODI5MGRjZmZmODZkN2Q1Mzg0MWNiZGM4MjIzMTA4Zjp7Il9hdXRoX3VzZXJfaGFzaCI6ImNjOTE2YzZhYTQ3ZWM2Yzk1ZTgxOWQ2OGM5NWQ2NDJiNDYzZjcyNzYiLCJfYXV0aF91c2VyX2JhY2tlbmQiOiJkamFuZ28uY29udHJpYi5hdXRoLmJhY2tlbmRzLk1vZGVsQmFja2VuZCIsIl9hdXRoX3VzZXJfaWQiOiIxIn0=",
    "expire_date": "2016-06-01T01:09:04.159Z"
  }
},
{
  "model": "sessions.session",
  "pk": "ob4tno3v1tamc7y473ig8qe6kb8ro0g1",
  "fields": {
    "session_data": "N2UyMGExYmQ2ODI5MGRjZmZmODZkN2Q1Mzg0MWNiZGM4MjIzMTA4Zjp7Il9hdXRoX3VzZXJfaGFzaCI6ImNjOTE2YzZhYTQ3ZWM2Yzk1ZTgxOWQ2OGM5NWQ2NDJiNDYzZjcyNzYiLCJfYXV0aF91c2VyX2JhY2tlbmQiOiJkamFuZ28uY29udHJpYi5hdXRoLmJhY2tlbmRzLk1vZGVsQmFja2VuZCIsIl9hdXRoX3VzZXJfaWQiOiIxIn0=",
    "expire_date": "2016-05-27T21:21:26.171Z"
  }
},
{
  "model": "sessions.session",
  "pk": "obq9gkvc281by20kje2dtft0lpp2rfqb",
  "fields": {
    "session_data": "N2UyMGExYmQ2ODI5MGRjZmZmODZkN2Q1Mzg0MWNiZGM4MjIzMTA4Zjp7Il9hdXRoX3VzZXJfaGFzaCI6ImNjOTE2YzZhYTQ3ZWM2Yzk1ZTgxOWQ2OGM5NWQ2NDJiNDYzZjcyNzYiLCJfYXV0aF91c2VyX2JhY2tlbmQiOiJkamFuZ28uY29udHJpYi5hdXRoLmJhY2tlbmRzLk1vZGVsQmFja2VuZCIsIl9hdXRoX3VzZXJfaWQiOiIxIn0=",
    "expire_date": "2016-05-30T22:35:31.178Z"
  }
},
{
  "model": "sessions.session",
  "pk": "obxycmktw60g2uktq9tlp62ionmigkuf",
  "fields": {
    "session_data": "N2UyMGExYmQ2ODI5MGRjZmZmODZkN2Q1Mzg0MWNiZGM4MjIzMTA4Zjp7Il9hdXRoX3VzZXJfaGFzaCI6ImNjOTE2YzZhYTQ3ZWM2Yzk1ZTgxOWQ2OGM5NWQ2NDJiNDYzZjcyNzYiLCJfYXV0aF91c2VyX2JhY2tlbmQiOiJkamFuZ28uY29udHJpYi5hdXRoLmJhY2tlbmRzLk1vZGVsQmFja2VuZCIsIl9hdXRoX3VzZXJfaWQiOiIxIn0=",
    "expire_date": "2016-05-27T21:18:30.944Z"
  }
},
{
  "model": "sessions.session",
  "pk": "odrt1mar364o00fq83xhbvls6fbb58xq",
  "fields": {
    "session_data": "N2UyMGExYmQ2ODI5MGRjZmZmODZkN2Q1Mzg0MWNiZGM4MjIzMTA4Zjp7Il9hdXRoX3VzZXJfaGFzaCI6ImNjOTE2YzZhYTQ3ZWM2Yzk1ZTgxOWQ2OGM5NWQ2NDJiNDYzZjcyNzYiLCJfYXV0aF91c2VyX2JhY2tlbmQiOiJkamFuZ28uY29udHJpYi5hdXRoLmJhY2tlbmRzLk1vZGVsQmFja2VuZCIsIl9hdXRoX3VzZXJfaWQiOiIxIn0=",
    "expire_date": "2016-05-27T20:13:20.973Z"
  }
},
{
  "model": "sessions.session",
  "pk": "ogzpglshb2noo28mkd8pd7t75f3gwzmi",
  "fields": {
    "session_data": "N2UyMGExYmQ2ODI5MGRjZmZmODZkN2Q1Mzg0MWNiZGM4MjIzMTA4Zjp7Il9hdXRoX3VzZXJfaGFzaCI6ImNjOTE2YzZhYTQ3ZWM2Yzk1ZTgxOWQ2OGM5NWQ2NDJiNDYzZjcyNzYiLCJfYXV0aF91c2VyX2JhY2tlbmQiOiJkamFuZ28uY29udHJpYi5hdXRoLmJhY2tlbmRzLk1vZGVsQmFja2VuZCIsIl9hdXRoX3VzZXJfaWQiOiIxIn0=",
    "expire_date": "2016-05-17T18:43:28.170Z"
  }
},
{
  "model": "sessions.session",
  "pk": "ojz409tzf6fwjny543854zbndmdr9tdb",
  "fields": {
    "session_data": "N2UyMGExYmQ2ODI5MGRjZmZmODZkN2Q1Mzg0MWNiZGM4MjIzMTA4Zjp7Il9hdXRoX3VzZXJfaGFzaCI6ImNjOTE2YzZhYTQ3ZWM2Yzk1ZTgxOWQ2OGM5NWQ2NDJiNDYzZjcyNzYiLCJfYXV0aF91c2VyX2JhY2tlbmQiOiJkamFuZ28uY29udHJpYi5hdXRoLmJhY2tlbmRzLk1vZGVsQmFja2VuZCIsIl9hdXRoX3VzZXJfaWQiOiIxIn0=",
    "expire_date": "2016-05-30T22:39:43.936Z"
  }
},
{
  "model": "sessions.session",
  "pk": "om8chtnrgb4oz7na2vabjyzruz3b7eh5",
  "fields": {
    "session_data": "N2UyMGExYmQ2ODI5MGRjZmZmODZkN2Q1Mzg0MWNiZGM4MjIzMTA4Zjp7Il9hdXRoX3VzZXJfaGFzaCI6ImNjOTE2YzZhYTQ3ZWM2Yzk1ZTgxOWQ2OGM5NWQ2NDJiNDYzZjcyNzYiLCJfYXV0aF91c2VyX2JhY2tlbmQiOiJkamFuZ28uY29udHJpYi5hdXRoLmJhY2tlbmRzLk1vZGVsQmFja2VuZCIsIl9hdXRoX3VzZXJfaWQiOiIxIn0=",
    "expire_date": "2016-05-30T22:47:23.353Z"
  }
},
{
  "model": "sessions.session",
  "pk": "oqhpz4e4xpwzqtzy01jfdkud71j98s8c",
  "fields": {
    "session_data": "N2UyMGExYmQ2ODI5MGRjZmZmODZkN2Q1Mzg0MWNiZGM4MjIzMTA4Zjp7Il9hdXRoX3VzZXJfaGFzaCI6ImNjOTE2YzZhYTQ3ZWM2Yzk1ZTgxOWQ2OGM5NWQ2NDJiNDYzZjcyNzYiLCJfYXV0aF91c2VyX2JhY2tlbmQiOiJkamFuZ28uY29udHJpYi5hdXRoLmJhY2tlbmRzLk1vZGVsQmFja2VuZCIsIl9hdXRoX3VzZXJfaWQiOiIxIn0=",
    "expire_date": "2016-06-01T00:58:27.201Z"
  }
},
{
  "model": "sessions.session",
  "pk": "ovpbz4g459c3jkmtg5d08nwhmin4m537",
  "fields": {
    "session_data": "NjU4NGYwYzViYmNjYWQzODE0Y2U5NDBjMjQ1NDIxNTZiMDMyYzFhMTp7Il9hdXRoX3VzZXJfaGFzaCI6Ijc2NGY0OTJiODkzYTk1NDM0NjAwMDllMjdkMDRiZTA5ZWE3OWU5OWUiLCJfYXV0aF91c2VyX2JhY2tlbmQiOiJkamFuZ28uY29udHJpYi5hdXRoLmJhY2tlbmRzLk1vZGVsQmFja2VuZCIsIl9hdXRoX3VzZXJfaWQiOiIyIn0=",
    "expire_date": "2016-05-27T19:23:06.365Z"
  }
},
{
  "model": "sessions.session",
  "pk": "oytrq4smbhpgkjnvi3zumlq5dry8t5pa",
  "fields": {
    "session_data": "N2UyMGExYmQ2ODI5MGRjZmZmODZkN2Q1Mzg0MWNiZGM4MjIzMTA4Zjp7Il9hdXRoX3VzZXJfaGFzaCI6ImNjOTE2YzZhYTQ3ZWM2Yzk1ZTgxOWQ2OGM5NWQ2NDJiNDYzZjcyNzYiLCJfYXV0aF91c2VyX2JhY2tlbmQiOiJkamFuZ28uY29udHJpYi5hdXRoLmJhY2tlbmRzLk1vZGVsQmFja2VuZCIsIl9hdXRoX3VzZXJfaWQiOiIxIn0=",
    "expire_date": "2016-05-27T20:34:24.760Z"
  }
},
{
  "model": "sessions.session",
  "pk": "p2qkheyaz3uvtvt2x5bh1hv5so6k55me",
  "fields": {
    "session_data": "N2UyMGExYmQ2ODI5MGRjZmZmODZkN2Q1Mzg0MWNiZGM4MjIzMTA4Zjp7Il9hdXRoX3VzZXJfaGFzaCI6ImNjOTE2YzZhYTQ3ZWM2Yzk1ZTgxOWQ2OGM5NWQ2NDJiNDYzZjcyNzYiLCJfYXV0aF91c2VyX2JhY2tlbmQiOiJkamFuZ28uY29udHJpYi5hdXRoLmJhY2tlbmRzLk1vZGVsQmFja2VuZCIsIl9hdXRoX3VzZXJfaWQiOiIxIn0=",
    "expire_date": "2016-05-30T19:30:58.796Z"
  }
},
{
  "model": "sessions.session",
  "pk": "p4wevqd79utqhmryxzeckiwp52r781j5",
  "fields": {
    "session_data": "N2UyMGExYmQ2ODI5MGRjZmZmODZkN2Q1Mzg0MWNiZGM4MjIzMTA4Zjp7Il9hdXRoX3VzZXJfaGFzaCI6ImNjOTE2YzZhYTQ3ZWM2Yzk1ZTgxOWQ2OGM5NWQ2NDJiNDYzZjcyNzYiLCJfYXV0aF91c2VyX2JhY2tlbmQiOiJkamFuZ28uY29udHJpYi5hdXRoLmJhY2tlbmRzLk1vZGVsQmFja2VuZCIsIl9hdXRoX3VzZXJfaWQiOiIxIn0=",
    "expire_date": "2016-05-17T13:53:48.558Z"
  }
},
{
  "model": "sessions.session",
  "pk": "p5g2syruyma27wosg30zgrguymzhluz4",
  "fields": {
    "session_data": "N2UyMGExYmQ2ODI5MGRjZmZmODZkN2Q1Mzg0MWNiZGM4MjIzMTA4Zjp7Il9hdXRoX3VzZXJfaGFzaCI6ImNjOTE2YzZhYTQ3ZWM2Yzk1ZTgxOWQ2OGM5NWQ2NDJiNDYzZjcyNzYiLCJfYXV0aF91c2VyX2JhY2tlbmQiOiJkamFuZ28uY29udHJpYi5hdXRoLmJhY2tlbmRzLk1vZGVsQmFja2VuZCIsIl9hdXRoX3VzZXJfaWQiOiIxIn0=",
    "expire_date": "2016-05-27T20:02:03.273Z"
  }
},
{
  "model": "sessions.session",
  "pk": "p6mjmt662luchjk779r6ojd9f1d6zult",
  "fields": {
    "session_data": "N2UyMGExYmQ2ODI5MGRjZmZmODZkN2Q1Mzg0MWNiZGM4MjIzMTA4Zjp7Il9hdXRoX3VzZXJfaGFzaCI6ImNjOTE2YzZhYTQ3ZWM2Yzk1ZTgxOWQ2OGM5NWQ2NDJiNDYzZjcyNzYiLCJfYXV0aF91c2VyX2JhY2tlbmQiOiJkamFuZ28uY29udHJpYi5hdXRoLmJhY2tlbmRzLk1vZGVsQmFja2VuZCIsIl9hdXRoX3VzZXJfaWQiOiIxIn0=",
    "expire_date": "2016-05-31T18:34:30.681Z"
  }
},
{
  "model": "sessions.session",
  "pk": "p7ewaj154gk0lvwjf7dopl2jwbj0ss30",
  "fields": {
    "session_data": "N2UyMGExYmQ2ODI5MGRjZmZmODZkN2Q1Mzg0MWNiZGM4MjIzMTA4Zjp7Il9hdXRoX3VzZXJfaGFzaCI6ImNjOTE2YzZhYTQ3ZWM2Yzk1ZTgxOWQ2OGM5NWQ2NDJiNDYzZjcyNzYiLCJfYXV0aF91c2VyX2JhY2tlbmQiOiJkamFuZ28uY29udHJpYi5hdXRoLmJhY2tlbmRzLk1vZGVsQmFja2VuZCIsIl9hdXRoX3VzZXJfaWQiOiIxIn0=",
    "expire_date": "2016-05-27T21:09:05.755Z"
  }
},
{
  "model": "sessions.session",
  "pk": "p8qw1ysnmyctilg2mpyi89oxskjc19hk",
  "fields": {
    "session_data": "N2UyMGExYmQ2ODI5MGRjZmZmODZkN2Q1Mzg0MWNiZGM4MjIzMTA4Zjp7Il9hdXRoX3VzZXJfaGFzaCI6ImNjOTE2YzZhYTQ3ZWM2Yzk1ZTgxOWQ2OGM5NWQ2NDJiNDYzZjcyNzYiLCJfYXV0aF91c2VyX2JhY2tlbmQiOiJkamFuZ28uY29udHJpYi5hdXRoLmJhY2tlbmRzLk1vZGVsQmFja2VuZCIsIl9hdXRoX3VzZXJfaWQiOiIxIn0=",
    "expire_date": "2016-05-27T21:17:53.427Z"
  }
},
{
  "model": "sessions.session",
  "pk": "p900t8g92pbtxdt8rs2rmgdtn3thhpb4",
  "fields": {
    "session_data": "N2UyMGExYmQ2ODI5MGRjZmZmODZkN2Q1Mzg0MWNiZGM4MjIzMTA4Zjp7Il9hdXRoX3VzZXJfaGFzaCI6ImNjOTE2YzZhYTQ3ZWM2Yzk1ZTgxOWQ2OGM5NWQ2NDJiNDYzZjcyNzYiLCJfYXV0aF91c2VyX2JhY2tlbmQiOiJkamFuZ28uY29udHJpYi5hdXRoLmJhY2tlbmRzLk1vZGVsQmFja2VuZCIsIl9hdXRoX3VzZXJfaWQiOiIxIn0=",
    "expire_date": "2016-05-30T22:18:15.454Z"
  }
},
{
  "model": "sessions.session",
  "pk": "pbwcyn8eakzbqgpvkb489n3f21uwaulu",
  "fields": {
    "session_data": "N2UyMGExYmQ2ODI5MGRjZmZmODZkN2Q1Mzg0MWNiZGM4MjIzMTA4Zjp7Il9hdXRoX3VzZXJfaGFzaCI6ImNjOTE2YzZhYTQ3ZWM2Yzk1ZTgxOWQ2OGM5NWQ2NDJiNDYzZjcyNzYiLCJfYXV0aF91c2VyX2JhY2tlbmQiOiJkamFuZ28uY29udHJpYi5hdXRoLmJhY2tlbmRzLk1vZGVsQmFja2VuZCIsIl9hdXRoX3VzZXJfaWQiOiIxIn0=",
    "expire_date": "2016-05-30T19:49:03.805Z"
  }
},
{
  "model": "sessions.session",
  "pk": "pfjjqoiql9s1jadvzz6bpjxgtaqj1sq4",
  "fields": {
    "session_data": "N2UyMGExYmQ2ODI5MGRjZmZmODZkN2Q1Mzg0MWNiZGM4MjIzMTA4Zjp7Il9hdXRoX3VzZXJfaGFzaCI6ImNjOTE2YzZhYTQ3ZWM2Yzk1ZTgxOWQ2OGM5NWQ2NDJiNDYzZjcyNzYiLCJfYXV0aF91c2VyX2JhY2tlbmQiOiJkamFuZ28uY29udHJpYi5hdXRoLmJhY2tlbmRzLk1vZGVsQmFja2VuZCIsIl9hdXRoX3VzZXJfaWQiOiIxIn0=",
    "expire_date": "2016-05-27T19:44:25.037Z"
  }
},
{
  "model": "sessions.session",
  "pk": "pia0d4zvby3hjn3pzs23idajck6e8nj0",
  "fields": {
    "session_data": "N2UyMGExYmQ2ODI5MGRjZmZmODZkN2Q1Mzg0MWNiZGM4MjIzMTA4Zjp7Il9hdXRoX3VzZXJfaGFzaCI6ImNjOTE2YzZhYTQ3ZWM2Yzk1ZTgxOWQ2OGM5NWQ2NDJiNDYzZjcyNzYiLCJfYXV0aF91c2VyX2JhY2tlbmQiOiJkamFuZ28uY29udHJpYi5hdXRoLmJhY2tlbmRzLk1vZGVsQmFja2VuZCIsIl9hdXRoX3VzZXJfaWQiOiIxIn0=",
    "expire_date": "2016-05-30T21:51:41.013Z"
  }
},
{
  "model": "sessions.session",
  "pk": "pnfj99ael4b2ghrdctih0a6o8iftxayi",
  "fields": {
    "session_data": "N2UyMGExYmQ2ODI5MGRjZmZmODZkN2Q1Mzg0MWNiZGM4MjIzMTA4Zjp7Il9hdXRoX3VzZXJfaGFzaCI6ImNjOTE2YzZhYTQ3ZWM2Yzk1ZTgxOWQ2OGM5NWQ2NDJiNDYzZjcyNzYiLCJfYXV0aF91c2VyX2JhY2tlbmQiOiJkamFuZ28uY29udHJpYi5hdXRoLmJhY2tlbmRzLk1vZGVsQmFja2VuZCIsIl9hdXRoX3VzZXJfaWQiOiIxIn0=",
    "expire_date": "2016-05-31T22:13:16.582Z"
  }
},
{
  "model": "sessions.session",
  "pk": "poethbta7zj24b1unstzns537sir45u3",
  "fields": {
    "session_data": "N2UyMGExYmQ2ODI5MGRjZmZmODZkN2Q1Mzg0MWNiZGM4MjIzMTA4Zjp7Il9hdXRoX3VzZXJfaGFzaCI6ImNjOTE2YzZhYTQ3ZWM2Yzk1ZTgxOWQ2OGM5NWQ2NDJiNDYzZjcyNzYiLCJfYXV0aF91c2VyX2JhY2tlbmQiOiJkamFuZ28uY29udHJpYi5hdXRoLmJhY2tlbmRzLk1vZGVsQmFja2VuZCIsIl9hdXRoX3VzZXJfaWQiOiIxIn0=",
    "expire_date": "2016-06-01T00:43:50.856Z"
  }
},
{
  "model": "sessions.session",
  "pk": "pq58p1srppq3wp1xly4zp6l1jpmxyth7",
  "fields": {
    "session_data": "N2UyMGExYmQ2ODI5MGRjZmZmODZkN2Q1Mzg0MWNiZGM4MjIzMTA4Zjp7Il9hdXRoX3VzZXJfaGFzaCI6ImNjOTE2YzZhYTQ3ZWM2Yzk1ZTgxOWQ2OGM5NWQ2NDJiNDYzZjcyNzYiLCJfYXV0aF91c2VyX2JhY2tlbmQiOiJkamFuZ28uY29udHJpYi5hdXRoLmJhY2tlbmRzLk1vZGVsQmFja2VuZCIsIl9hdXRoX3VzZXJfaWQiOiIxIn0=",
    "expire_date": "2016-05-27T21:40:01.188Z"
  }
},
{
  "model": "sessions.session",
  "pk": "q9koltriwpo0w1ot8ia1qcf7tkzpuy45",
  "fields": {
    "session_data": "N2UyMGExYmQ2ODI5MGRjZmZmODZkN2Q1Mzg0MWNiZGM4MjIzMTA4Zjp7Il9hdXRoX3VzZXJfaGFzaCI6ImNjOTE2YzZhYTQ3ZWM2Yzk1ZTgxOWQ2OGM5NWQ2NDJiNDYzZjcyNzYiLCJfYXV0aF91c2VyX2JhY2tlbmQiOiJkamFuZ28uY29udHJpYi5hdXRoLmJhY2tlbmRzLk1vZGVsQmFja2VuZCIsIl9hdXRoX3VzZXJfaWQiOiIxIn0=",
    "expire_date": "2016-05-27T20:10:58.458Z"
  }
},
{
  "model": "sessions.session",
  "pk": "qd1fouozilzuzyywq7jxh8x49s7vbf9l",
  "fields": {
    "session_data": "N2UyMGExYmQ2ODI5MGRjZmZmODZkN2Q1Mzg0MWNiZGM4MjIzMTA4Zjp7Il9hdXRoX3VzZXJfaGFzaCI6ImNjOTE2YzZhYTQ3ZWM2Yzk1ZTgxOWQ2OGM5NWQ2NDJiNDYzZjcyNzYiLCJfYXV0aF91c2VyX2JhY2tlbmQiOiJkamFuZ28uY29udHJpYi5hdXRoLmJhY2tlbmRzLk1vZGVsQmFja2VuZCIsIl9hdXRoX3VzZXJfaWQiOiIxIn0=",
    "expire_date": "2016-05-31T21:30:37.489Z"
  }
},
{
  "model": "sessions.session",
  "pk": "qen3q2e1kzn9x86nko6ddcq08kdroy9g",
  "fields": {
    "session_data": "N2UyMGExYmQ2ODI5MGRjZmZmODZkN2Q1Mzg0MWNiZGM4MjIzMTA4Zjp7Il9hdXRoX3VzZXJfaGFzaCI6ImNjOTE2YzZhYTQ3ZWM2Yzk1ZTgxOWQ2OGM5NWQ2NDJiNDYzZjcyNzYiLCJfYXV0aF91c2VyX2JhY2tlbmQiOiJkamFuZ28uY29udHJpYi5hdXRoLmJhY2tlbmRzLk1vZGVsQmFja2VuZCIsIl9hdXRoX3VzZXJfaWQiOiIxIn0=",
    "expire_date": "2016-05-27T18:07:13.064Z"
  }
},
{
  "model": "sessions.session",
  "pk": "qh9v7hl4pf875s3y3gu3riow049xfcf0",
  "fields": {
    "session_data": "N2UyMGExYmQ2ODI5MGRjZmZmODZkN2Q1Mzg0MWNiZGM4MjIzMTA4Zjp7Il9hdXRoX3VzZXJfaGFzaCI6ImNjOTE2YzZhYTQ3ZWM2Yzk1ZTgxOWQ2OGM5NWQ2NDJiNDYzZjcyNzYiLCJfYXV0aF91c2VyX2JhY2tlbmQiOiJkamFuZ28uY29udHJpYi5hdXRoLmJhY2tlbmRzLk1vZGVsQmFja2VuZCIsIl9hdXRoX3VzZXJfaWQiOiIxIn0=",
    "expire_date": "2016-05-30T21:30:52.055Z"
  }
},
{
  "model": "sessions.session",
  "pk": "qhtol0kpdccwhvtcz47rwd8a7j0gpmef",
  "fields": {
    "session_data": "N2UyMGExYmQ2ODI5MGRjZmZmODZkN2Q1Mzg0MWNiZGM4MjIzMTA4Zjp7Il9hdXRoX3VzZXJfaGFzaCI6ImNjOTE2YzZhYTQ3ZWM2Yzk1ZTgxOWQ2OGM5NWQ2NDJiNDYzZjcyNzYiLCJfYXV0aF91c2VyX2JhY2tlbmQiOiJkamFuZ28uY29udHJpYi5hdXRoLmJhY2tlbmRzLk1vZGVsQmFja2VuZCIsIl9hdXRoX3VzZXJfaWQiOiIxIn0=",
    "expire_date": "2016-05-27T19:49:17.365Z"
  }
},
{
  "model": "sessions.session",
  "pk": "qi2vcpwpr1vrtc2t1jaiwek6yce2lord",
  "fields": {
    "session_data": "N2UyMGExYmQ2ODI5MGRjZmZmODZkN2Q1Mzg0MWNiZGM4MjIzMTA4Zjp7Il9hdXRoX3VzZXJfaGFzaCI6ImNjOTE2YzZhYTQ3ZWM2Yzk1ZTgxOWQ2OGM5NWQ2NDJiNDYzZjcyNzYiLCJfYXV0aF91c2VyX2JhY2tlbmQiOiJkamFuZ28uY29udHJpYi5hdXRoLmJhY2tlbmRzLk1vZGVsQmFja2VuZCIsIl9hdXRoX3VzZXJfaWQiOiIxIn0=",
    "expire_date": "2016-05-27T19:47:18.446Z"
  }
},
{
  "model": "sessions.session",
  "pk": "ql7pqrp1ws7gacjanefhxvpiosg42lnq",
  "fields": {
    "session_data": "N2UyMGExYmQ2ODI5MGRjZmZmODZkN2Q1Mzg0MWNiZGM4MjIzMTA4Zjp7Il9hdXRoX3VzZXJfaGFzaCI6ImNjOTE2YzZhYTQ3ZWM2Yzk1ZTgxOWQ2OGM5NWQ2NDJiNDYzZjcyNzYiLCJfYXV0aF91c2VyX2JhY2tlbmQiOiJkamFuZ28uY29udHJpYi5hdXRoLmJhY2tlbmRzLk1vZGVsQmFja2VuZCIsIl9hdXRoX3VzZXJfaWQiOiIxIn0=",
    "expire_date": "2016-05-27T19:48:57.261Z"
  }
},
{
  "model": "sessions.session",
  "pk": "qm10chjf3xdasntkjk3605y0tkk43f7f",
  "fields": {
    "session_data": "NjU4NGYwYzViYmNjYWQzODE0Y2U5NDBjMjQ1NDIxNTZiMDMyYzFhMTp7Il9hdXRoX3VzZXJfaGFzaCI6Ijc2NGY0OTJiODkzYTk1NDM0NjAwMDllMjdkMDRiZTA5ZWE3OWU5OWUiLCJfYXV0aF91c2VyX2JhY2tlbmQiOiJkamFuZ28uY29udHJpYi5hdXRoLmJhY2tlbmRzLk1vZGVsQmFja2VuZCIsIl9hdXRoX3VzZXJfaWQiOiIyIn0=",
    "expire_date": "2016-05-27T19:04:48.189Z"
  }
},
{
  "model": "sessions.session",
  "pk": "qmagolj0unc8fnqv0iexm1e0e02lokkp",
  "fields": {
    "session_data": "N2UyMGExYmQ2ODI5MGRjZmZmODZkN2Q1Mzg0MWNiZGM4MjIzMTA4Zjp7Il9hdXRoX3VzZXJfaGFzaCI6ImNjOTE2YzZhYTQ3ZWM2Yzk1ZTgxOWQ2OGM5NWQ2NDJiNDYzZjcyNzYiLCJfYXV0aF91c2VyX2JhY2tlbmQiOiJkamFuZ28uY29udHJpYi5hdXRoLmJhY2tlbmRzLk1vZGVsQmFja2VuZCIsIl9hdXRoX3VzZXJfaWQiOiIxIn0=",
    "expire_date": "2016-05-27T20:07:09.570Z"
  }
},
{
  "model": "sessions.session",
  "pk": "qo5zwzknbhjd5g4i8ujh2nd31qegeoef",
  "fields": {
    "session_data": "N2UyMGExYmQ2ODI5MGRjZmZmODZkN2Q1Mzg0MWNiZGM4MjIzMTA4Zjp7Il9hdXRoX3VzZXJfaGFzaCI6ImNjOTE2YzZhYTQ3ZWM2Yzk1ZTgxOWQ2OGM5NWQ2NDJiNDYzZjcyNzYiLCJfYXV0aF91c2VyX2JhY2tlbmQiOiJkamFuZ28uY29udHJpYi5hdXRoLmJhY2tlbmRzLk1vZGVsQmFja2VuZCIsIl9hdXRoX3VzZXJfaWQiOiIxIn0=",
    "expire_date": "2016-05-26T21:35:23.812Z"
  }
},
{
  "model": "sessions.session",
  "pk": "qsphhl7pozuc1aimbahjn444wectnbf7",
  "fields": {
    "session_data": "N2UyMGExYmQ2ODI5MGRjZmZmODZkN2Q1Mzg0MWNiZGM4MjIzMTA4Zjp7Il9hdXRoX3VzZXJfaGFzaCI6ImNjOTE2YzZhYTQ3ZWM2Yzk1ZTgxOWQ2OGM5NWQ2NDJiNDYzZjcyNzYiLCJfYXV0aF91c2VyX2JhY2tlbmQiOiJkamFuZ28uY29udHJpYi5hdXRoLmJhY2tlbmRzLk1vZGVsQmFja2VuZCIsIl9hdXRoX3VzZXJfaWQiOiIxIn0=",
    "expire_date": "2016-05-30T22:19:17.224Z"
  }
},
{
  "model": "sessions.session",
  "pk": "qvuhqjttn4khgynlr4cnniwlab4gq5lj",
  "fields": {
    "session_data": "N2UyMGExYmQ2ODI5MGRjZmZmODZkN2Q1Mzg0MWNiZGM4MjIzMTA4Zjp7Il9hdXRoX3VzZXJfaGFzaCI6ImNjOTE2YzZhYTQ3ZWM2Yzk1ZTgxOWQ2OGM5NWQ2NDJiNDYzZjcyNzYiLCJfYXV0aF91c2VyX2JhY2tlbmQiOiJkamFuZ28uY29udHJpYi5hdXRoLmJhY2tlbmRzLk1vZGVsQmFja2VuZCIsIl9hdXRoX3VzZXJfaWQiOiIxIn0=",
    "expire_date": "2016-05-27T20:06:15.641Z"
  }
},
{
  "model": "sessions.session",
  "pk": "r012ggqfx8lu0eyo83eieiu8o2hx049f",
  "fields": {
    "session_data": "NjU4NGYwYzViYmNjYWQzODE0Y2U5NDBjMjQ1NDIxNTZiMDMyYzFhMTp7Il9hdXRoX3VzZXJfaGFzaCI6Ijc2NGY0OTJiODkzYTk1NDM0NjAwMDllMjdkMDRiZTA5ZWE3OWU5OWUiLCJfYXV0aF91c2VyX2JhY2tlbmQiOiJkamFuZ28uY29udHJpYi5hdXRoLmJhY2tlbmRzLk1vZGVsQmFja2VuZCIsIl9hdXRoX3VzZXJfaWQiOiIyIn0=",
    "expire_date": "2016-05-27T19:11:34.100Z"
  }
},
{
  "model": "sessions.session",
  "pk": "r0witjrafhcupq1z8xuyd7quqbi267c1",
  "fields": {
    "session_data": "N2UyMGExYmQ2ODI5MGRjZmZmODZkN2Q1Mzg0MWNiZGM4MjIzMTA4Zjp7Il9hdXRoX3VzZXJfaGFzaCI6ImNjOTE2YzZhYTQ3ZWM2Yzk1ZTgxOWQ2OGM5NWQ2NDJiNDYzZjcyNzYiLCJfYXV0aF91c2VyX2JhY2tlbmQiOiJkamFuZ28uY29udHJpYi5hdXRoLmJhY2tlbmRzLk1vZGVsQmFja2VuZCIsIl9hdXRoX3VzZXJfaWQiOiIxIn0=",
    "expire_date": "2016-05-17T12:33:21.091Z"
  }
},
{
  "model": "sessions.session",
  "pk": "r6kk277xcftssx57j0qticnyfbe8xz8j",
  "fields": {
    "session_data": "N2UyMGExYmQ2ODI5MGRjZmZmODZkN2Q1Mzg0MWNiZGM4MjIzMTA4Zjp7Il9hdXRoX3VzZXJfaGFzaCI6ImNjOTE2YzZhYTQ3ZWM2Yzk1ZTgxOWQ2OGM5NWQ2NDJiNDYzZjcyNzYiLCJfYXV0aF91c2VyX2JhY2tlbmQiOiJkamFuZ28uY29udHJpYi5hdXRoLmJhY2tlbmRzLk1vZGVsQmFja2VuZCIsIl9hdXRoX3VzZXJfaWQiOiIxIn0=",
    "expire_date": "2016-05-30T20:11:28.354Z"
  }
},
{
  "model": "sessions.session",
  "pk": "rbi7usbr0anwb588mdfagfmo4pwkkm78",
  "fields": {
    "session_data": "N2UyMGExYmQ2ODI5MGRjZmZmODZkN2Q1Mzg0MWNiZGM4MjIzMTA4Zjp7Il9hdXRoX3VzZXJfaGFzaCI6ImNjOTE2YzZhYTQ3ZWM2Yzk1ZTgxOWQ2OGM5NWQ2NDJiNDYzZjcyNzYiLCJfYXV0aF91c2VyX2JhY2tlbmQiOiJkamFuZ28uY29udHJpYi5hdXRoLmJhY2tlbmRzLk1vZGVsQmFja2VuZCIsIl9hdXRoX3VzZXJfaWQiOiIxIn0=",
    "expire_date": "2016-05-27T18:53:05.367Z"
  }
},
{
  "model": "sessions.session",
  "pk": "rhb6x1av04eyzwceyxwz43zzudn8splb",
  "fields": {
    "session_data": "N2UyMGExYmQ2ODI5MGRjZmZmODZkN2Q1Mzg0MWNiZGM4MjIzMTA4Zjp7Il9hdXRoX3VzZXJfaGFzaCI6ImNjOTE2YzZhYTQ3ZWM2Yzk1ZTgxOWQ2OGM5NWQ2NDJiNDYzZjcyNzYiLCJfYXV0aF91c2VyX2JhY2tlbmQiOiJkamFuZ28uY29udHJpYi5hdXRoLmJhY2tlbmRzLk1vZGVsQmFja2VuZCIsIl9hdXRoX3VzZXJfaWQiOiIxIn0=",
    "expire_date": "2016-05-30T19:30:05.621Z"
  }
},
{
  "model": "sessions.session",
  "pk": "rizc0kssrws60o11v0d32b3jlq60pc1a",
  "fields": {
    "session_data": "N2UyMGExYmQ2ODI5MGRjZmZmODZkN2Q1Mzg0MWNiZGM4MjIzMTA4Zjp7Il9hdXRoX3VzZXJfaGFzaCI6ImNjOTE2YzZhYTQ3ZWM2Yzk1ZTgxOWQ2OGM5NWQ2NDJiNDYzZjcyNzYiLCJfYXV0aF91c2VyX2JhY2tlbmQiOiJkamFuZ28uY29udHJpYi5hdXRoLmJhY2tlbmRzLk1vZGVsQmFja2VuZCIsIl9hdXRoX3VzZXJfaWQiOiIxIn0=",
    "expire_date": "2016-05-27T21:28:47.699Z"
  }
},
{
  "model": "sessions.session",
  "pk": "rj4zzexp4hnvt7ohwasu0szrz0ltf279",
  "fields": {
    "session_data": "N2UyMGExYmQ2ODI5MGRjZmZmODZkN2Q1Mzg0MWNiZGM4MjIzMTA4Zjp7Il9hdXRoX3VzZXJfaGFzaCI6ImNjOTE2YzZhYTQ3ZWM2Yzk1ZTgxOWQ2OGM5NWQ2NDJiNDYzZjcyNzYiLCJfYXV0aF91c2VyX2JhY2tlbmQiOiJkamFuZ28uY29udHJpYi5hdXRoLmJhY2tlbmRzLk1vZGVsQmFja2VuZCIsIl9hdXRoX3VzZXJfaWQiOiIxIn0=",
    "expire_date": "2016-05-27T19:43:40.715Z"
  }
},
{
  "model": "sessions.session",
  "pk": "rs4p19npuf0cb8b06pqaq0fb8z9jt7qn",
  "fields": {
    "session_data": "N2UyMGExYmQ2ODI5MGRjZmZmODZkN2Q1Mzg0MWNiZGM4MjIzMTA4Zjp7Il9hdXRoX3VzZXJfaGFzaCI6ImNjOTE2YzZhYTQ3ZWM2Yzk1ZTgxOWQ2OGM5NWQ2NDJiNDYzZjcyNzYiLCJfYXV0aF91c2VyX2JhY2tlbmQiOiJkamFuZ28uY29udHJpYi5hdXRoLmJhY2tlbmRzLk1vZGVsQmFja2VuZCIsIl9hdXRoX3VzZXJfaWQiOiIxIn0=",
    "expire_date": "2016-05-27T20:03:57.402Z"
  }
},
{
  "model": "sessions.session",
  "pk": "rwsmjg8leroowyhxg4ug8ma8bjjmu0oe",
  "fields": {
    "session_data": "N2UyMGExYmQ2ODI5MGRjZmZmODZkN2Q1Mzg0MWNiZGM4MjIzMTA4Zjp7Il9hdXRoX3VzZXJfaGFzaCI6ImNjOTE2YzZhYTQ3ZWM2Yzk1ZTgxOWQ2OGM5NWQ2NDJiNDYzZjcyNzYiLCJfYXV0aF91c2VyX2JhY2tlbmQiOiJkamFuZ28uY29udHJpYi5hdXRoLmJhY2tlbmRzLk1vZGVsQmFja2VuZCIsIl9hdXRoX3VzZXJfaWQiOiIxIn0=",
    "expire_date": "2016-05-17T14:19:16.807Z"
  }
},
{
  "model": "sessions.session",
  "pk": "samnw0a1fy4q3a7g7f260c67rjkixhg7",
  "fields": {
    "session_data": "N2UyMGExYmQ2ODI5MGRjZmZmODZkN2Q1Mzg0MWNiZGM4MjIzMTA4Zjp7Il9hdXRoX3VzZXJfaGFzaCI6ImNjOTE2YzZhYTQ3ZWM2Yzk1ZTgxOWQ2OGM5NWQ2NDJiNDYzZjcyNzYiLCJfYXV0aF91c2VyX2JhY2tlbmQiOiJkamFuZ28uY29udHJpYi5hdXRoLmJhY2tlbmRzLk1vZGVsQmFja2VuZCIsIl9hdXRoX3VzZXJfaWQiOiIxIn0=",
    "expire_date": "2016-05-27T18:00:45.113Z"
  }
},
{
  "model": "sessions.session",
  "pk": "sc5isvlh9st7smk1wyu3hz7c84113wih",
  "fields": {
    "session_data": "N2UyMGExYmQ2ODI5MGRjZmZmODZkN2Q1Mzg0MWNiZGM4MjIzMTA4Zjp7Il9hdXRoX3VzZXJfaGFzaCI6ImNjOTE2YzZhYTQ3ZWM2Yzk1ZTgxOWQ2OGM5NWQ2NDJiNDYzZjcyNzYiLCJfYXV0aF91c2VyX2JhY2tlbmQiOiJkamFuZ28uY29udHJpYi5hdXRoLmJhY2tlbmRzLk1vZGVsQmFja2VuZCIsIl9hdXRoX3VzZXJfaWQiOiIxIn0=",
    "expire_date": "2016-05-17T16:05:51.257Z"
  }
},
{
  "model": "sessions.session",
  "pk": "si1mlivroi1kgqa6g9349y1hkby8ydsj",
  "fields": {
    "session_data": "N2UyMGExYmQ2ODI5MGRjZmZmODZkN2Q1Mzg0MWNiZGM4MjIzMTA4Zjp7Il9hdXRoX3VzZXJfaGFzaCI6ImNjOTE2YzZhYTQ3ZWM2Yzk1ZTgxOWQ2OGM5NWQ2NDJiNDYzZjcyNzYiLCJfYXV0aF91c2VyX2JhY2tlbmQiOiJkamFuZ28uY29udHJpYi5hdXRoLmJhY2tlbmRzLk1vZGVsQmFja2VuZCIsIl9hdXRoX3VzZXJfaWQiOiIxIn0=",
    "expire_date": "2016-05-17T19:14:09.726Z"
  }
},
{
  "model": "sessions.session",
  "pk": "simwsi5ojup7bbab7u724ag0l6lz9qef",
  "fields": {
    "session_data": "N2UyMGExYmQ2ODI5MGRjZmZmODZkN2Q1Mzg0MWNiZGM4MjIzMTA4Zjp7Il9hdXRoX3VzZXJfaGFzaCI6ImNjOTE2YzZhYTQ3ZWM2Yzk1ZTgxOWQ2OGM5NWQ2NDJiNDYzZjcyNzYiLCJfYXV0aF91c2VyX2JhY2tlbmQiOiJkamFuZ28uY29udHJpYi5hdXRoLmJhY2tlbmRzLk1vZGVsQmFja2VuZCIsIl9hdXRoX3VzZXJfaWQiOiIxIn0=",
    "expire_date": "2016-05-17T13:44:01.905Z"
  }
},
{
  "model": "sessions.session",
  "pk": "sjut2cs8ih5bfo044rm62a4jd396iyst",
  "fields": {
    "session_data": "N2UyMGExYmQ2ODI5MGRjZmZmODZkN2Q1Mzg0MWNiZGM4MjIzMTA4Zjp7Il9hdXRoX3VzZXJfaGFzaCI6ImNjOTE2YzZhYTQ3ZWM2Yzk1ZTgxOWQ2OGM5NWQ2NDJiNDYzZjcyNzYiLCJfYXV0aF91c2VyX2JhY2tlbmQiOiJkamFuZ28uY29udHJpYi5hdXRoLmJhY2tlbmRzLk1vZGVsQmFja2VuZCIsIl9hdXRoX3VzZXJfaWQiOiIxIn0=",
    "expire_date": "2016-06-01T01:02:25.158Z"
  }
},
{
  "model": "sessions.session",
  "pk": "snie7xn9yz0hbfgdojl920c28o6wpzlz",
  "fields": {
    "session_data": "N2UyMGExYmQ2ODI5MGRjZmZmODZkN2Q1Mzg0MWNiZGM4MjIzMTA4Zjp7Il9hdXRoX3VzZXJfaGFzaCI6ImNjOTE2YzZhYTQ3ZWM2Yzk1ZTgxOWQ2OGM5NWQ2NDJiNDYzZjcyNzYiLCJfYXV0aF91c2VyX2JhY2tlbmQiOiJkamFuZ28uY29udHJpYi5hdXRoLmJhY2tlbmRzLk1vZGVsQmFja2VuZCIsIl9hdXRoX3VzZXJfaWQiOiIxIn0=",
    "expire_date": "2016-05-31T19:20:30.503Z"
  }
},
{
  "model": "sessions.session",
  "pk": "sz192a2bfezgwy5nfvmyd0mhoxzy75sz",
  "fields": {
    "session_data": "N2UyMGExYmQ2ODI5MGRjZmZmODZkN2Q1Mzg0MWNiZGM4MjIzMTA4Zjp7Il9hdXRoX3VzZXJfaGFzaCI6ImNjOTE2YzZhYTQ3ZWM2Yzk1ZTgxOWQ2OGM5NWQ2NDJiNDYzZjcyNzYiLCJfYXV0aF91c2VyX2JhY2tlbmQiOiJkamFuZ28uY29udHJpYi5hdXRoLmJhY2tlbmRzLk1vZGVsQmFja2VuZCIsIl9hdXRoX3VzZXJfaWQiOiIxIn0=",
    "expire_date": "2016-06-13T17:24:14.368Z"
  }
},
{
  "model": "sessions.session",
  "pk": "t01x8seg9gi9leuu1q41kzlg8r1orqln",
  "fields": {
    "session_data": "NjU4NGYwYzViYmNjYWQzODE0Y2U5NDBjMjQ1NDIxNTZiMDMyYzFhMTp7Il9hdXRoX3VzZXJfaGFzaCI6Ijc2NGY0OTJiODkzYTk1NDM0NjAwMDllMjdkMDRiZTA5ZWE3OWU5OWUiLCJfYXV0aF91c2VyX2JhY2tlbmQiOiJkamFuZ28uY29udHJpYi5hdXRoLmJhY2tlbmRzLk1vZGVsQmFja2VuZCIsIl9hdXRoX3VzZXJfaWQiOiIyIn0=",
    "expire_date": "2016-05-27T19:38:30.510Z"
  }
},
{
  "model": "sessions.session",
  "pk": "t1fpa7a8ewiu1a263pclmt33lqvydlzk",
  "fields": {
    "session_data": "N2UyMGExYmQ2ODI5MGRjZmZmODZkN2Q1Mzg0MWNiZGM4MjIzMTA4Zjp7Il9hdXRoX3VzZXJfaGFzaCI6ImNjOTE2YzZhYTQ3ZWM2Yzk1ZTgxOWQ2OGM5NWQ2NDJiNDYzZjcyNzYiLCJfYXV0aF91c2VyX2JhY2tlbmQiOiJkamFuZ28uY29udHJpYi5hdXRoLmJhY2tlbmRzLk1vZGVsQmFja2VuZCIsIl9hdXRoX3VzZXJfaWQiOiIxIn0=",
    "expire_date": "2016-05-31T19:24:37.023Z"
  }
},
{
  "model": "sessions.session",
  "pk": "t5z69u0ltt0yrjvh5fnecig3jqsbjkv9",
  "fields": {
    "session_data": "N2UyMGExYmQ2ODI5MGRjZmZmODZkN2Q1Mzg0MWNiZGM4MjIzMTA4Zjp7Il9hdXRoX3VzZXJfaGFzaCI6ImNjOTE2YzZhYTQ3ZWM2Yzk1ZTgxOWQ2OGM5NWQ2NDJiNDYzZjcyNzYiLCJfYXV0aF91c2VyX2JhY2tlbmQiOiJkamFuZ28uY29udHJpYi5hdXRoLmJhY2tlbmRzLk1vZGVsQmFja2VuZCIsIl9hdXRoX3VzZXJfaWQiOiIxIn0=",
    "expire_date": "2016-05-17T17:15:37.916Z"
  }
},
{
  "model": "sessions.session",
  "pk": "t6iis5oxdiiahmqs4ctccfw74zvohe9u",
  "fields": {
    "session_data": "NjU4NGYwYzViYmNjYWQzODE0Y2U5NDBjMjQ1NDIxNTZiMDMyYzFhMTp7Il9hdXRoX3VzZXJfaGFzaCI6Ijc2NGY0OTJiODkzYTk1NDM0NjAwMDllMjdkMDRiZTA5ZWE3OWU5OWUiLCJfYXV0aF91c2VyX2JhY2tlbmQiOiJkamFuZ28uY29udHJpYi5hdXRoLmJhY2tlbmRzLk1vZGVsQmFja2VuZCIsIl9hdXRoX3VzZXJfaWQiOiIyIn0=",
    "expire_date": "2016-05-27T19:29:50.244Z"
  }
},
{
  "model": "sessions.session",
  "pk": "t737r8a9p9ithsk7ufxhsm9izufxy9tv",
  "fields": {
    "session_data": "N2UyMGExYmQ2ODI5MGRjZmZmODZkN2Q1Mzg0MWNiZGM4MjIzMTA4Zjp7Il9hdXRoX3VzZXJfaGFzaCI6ImNjOTE2YzZhYTQ3ZWM2Yzk1ZTgxOWQ2OGM5NWQ2NDJiNDYzZjcyNzYiLCJfYXV0aF91c2VyX2JhY2tlbmQiOiJkamFuZ28uY29udHJpYi5hdXRoLmJhY2tlbmRzLk1vZGVsQmFja2VuZCIsIl9hdXRoX3VzZXJfaWQiOiIxIn0=",
    "expire_date": "2016-05-31T22:02:24.256Z"
  }
},
{
  "model": "sessions.session",
  "pk": "t83qiane2o9y7az8gtdlrdglowjl3agh",
  "fields": {
    "session_data": "N2UyMGExYmQ2ODI5MGRjZmZmODZkN2Q1Mzg0MWNiZGM4MjIzMTA4Zjp7Il9hdXRoX3VzZXJfaGFzaCI6ImNjOTE2YzZhYTQ3ZWM2Yzk1ZTgxOWQ2OGM5NWQ2NDJiNDYzZjcyNzYiLCJfYXV0aF91c2VyX2JhY2tlbmQiOiJkamFuZ28uY29udHJpYi5hdXRoLmJhY2tlbmRzLk1vZGVsQmFja2VuZCIsIl9hdXRoX3VzZXJfaWQiOiIxIn0=",
    "expire_date": "2016-05-30T19:29:35.846Z"
  }
},
{
  "model": "sessions.session",
  "pk": "t9ek7souqax81w0nys0496o0s13lxz6m",
  "fields": {
    "session_data": "N2UyMGExYmQ2ODI5MGRjZmZmODZkN2Q1Mzg0MWNiZGM4MjIzMTA4Zjp7Il9hdXRoX3VzZXJfaGFzaCI6ImNjOTE2YzZhYTQ3ZWM2Yzk1ZTgxOWQ2OGM5NWQ2NDJiNDYzZjcyNzYiLCJfYXV0aF91c2VyX2JhY2tlbmQiOiJkamFuZ28uY29udHJpYi5hdXRoLmJhY2tlbmRzLk1vZGVsQmFja2VuZCIsIl9hdXRoX3VzZXJfaWQiOiIxIn0=",
    "expire_date": "2016-05-27T20:43:30.272Z"
  }
},
{
  "model": "sessions.session",
  "pk": "tagi3kd06bvqma27qg12vbs7svgmakg8",
  "fields": {
    "session_data": "NjU4NGYwYzViYmNjYWQzODE0Y2U5NDBjMjQ1NDIxNTZiMDMyYzFhMTp7Il9hdXRoX3VzZXJfaGFzaCI6Ijc2NGY0OTJiODkzYTk1NDM0NjAwMDllMjdkMDRiZTA5ZWE3OWU5OWUiLCJfYXV0aF91c2VyX2JhY2tlbmQiOiJkamFuZ28uY29udHJpYi5hdXRoLmJhY2tlbmRzLk1vZGVsQmFja2VuZCIsIl9hdXRoX3VzZXJfaWQiOiIyIn0=",
    "expire_date": "2016-05-27T19:11:52.119Z"
  }
},
{
  "model": "sessions.session",
  "pk": "tbm8qvsts4lffb2asas04uv5lvzigbr0",
  "fields": {
    "session_data": "N2UyMGExYmQ2ODI5MGRjZmZmODZkN2Q1Mzg0MWNiZGM4MjIzMTA4Zjp7Il9hdXRoX3VzZXJfaGFzaCI6ImNjOTE2YzZhYTQ3ZWM2Yzk1ZTgxOWQ2OGM5NWQ2NDJiNDYzZjcyNzYiLCJfYXV0aF91c2VyX2JhY2tlbmQiOiJkamFuZ28uY29udHJpYi5hdXRoLmJhY2tlbmRzLk1vZGVsQmFja2VuZCIsIl9hdXRoX3VzZXJfaWQiOiIxIn0=",
    "expire_date": "2016-05-30T20:27:19.432Z"
  }
},
{
  "model": "sessions.session",
  "pk": "tirckvyqmcfl7bqvwhcrt2o9yas8iwna",
  "fields": {
    "session_data": "N2UyMGExYmQ2ODI5MGRjZmZmODZkN2Q1Mzg0MWNiZGM4MjIzMTA4Zjp7Il9hdXRoX3VzZXJfaGFzaCI6ImNjOTE2YzZhYTQ3ZWM2Yzk1ZTgxOWQ2OGM5NWQ2NDJiNDYzZjcyNzYiLCJfYXV0aF91c2VyX2JhY2tlbmQiOiJkamFuZ28uY29udHJpYi5hdXRoLmJhY2tlbmRzLk1vZGVsQmFja2VuZCIsIl9hdXRoX3VzZXJfaWQiOiIxIn0=",
    "expire_date": "2016-05-30T20:40:39.093Z"
  }
},
{
  "model": "sessions.session",
  "pk": "tl2af507ns8qxml1x0ny6x8hthn9v3i9",
  "fields": {
    "session_data": "N2UyMGExYmQ2ODI5MGRjZmZmODZkN2Q1Mzg0MWNiZGM4MjIzMTA4Zjp7Il9hdXRoX3VzZXJfaGFzaCI6ImNjOTE2YzZhYTQ3ZWM2Yzk1ZTgxOWQ2OGM5NWQ2NDJiNDYzZjcyNzYiLCJfYXV0aF91c2VyX2JhY2tlbmQiOiJkamFuZ28uY29udHJpYi5hdXRoLmJhY2tlbmRzLk1vZGVsQmFja2VuZCIsIl9hdXRoX3VzZXJfaWQiOiIxIn0=",
    "expire_date": "2016-05-26T21:36:27.908Z"
  }
},
{
  "model": "sessions.session",
  "pk": "tp41cfb8f0bmllcsafsyiun30fqiaea1",
  "fields": {
    "session_data": "N2UyMGExYmQ2ODI5MGRjZmZmODZkN2Q1Mzg0MWNiZGM4MjIzMTA4Zjp7Il9hdXRoX3VzZXJfaGFzaCI6ImNjOTE2YzZhYTQ3ZWM2Yzk1ZTgxOWQ2OGM5NWQ2NDJiNDYzZjcyNzYiLCJfYXV0aF91c2VyX2JhY2tlbmQiOiJkamFuZ28uY29udHJpYi5hdXRoLmJhY2tlbmRzLk1vZGVsQmFja2VuZCIsIl9hdXRoX3VzZXJfaWQiOiIxIn0=",
    "expire_date": "2016-05-17T17:29:27.313Z"
  }
},
{
  "model": "sessions.session",
  "pk": "tq259l00ysxpd3xabdnwtsqrhhartebs",
  "fields": {
    "session_data": "N2UyMGExYmQ2ODI5MGRjZmZmODZkN2Q1Mzg0MWNiZGM4MjIzMTA4Zjp7Il9hdXRoX3VzZXJfaGFzaCI6ImNjOTE2YzZhYTQ3ZWM2Yzk1ZTgxOWQ2OGM5NWQ2NDJiNDYzZjcyNzYiLCJfYXV0aF91c2VyX2JhY2tlbmQiOiJkamFuZ28uY29udHJpYi5hdXRoLmJhY2tlbmRzLk1vZGVsQmFja2VuZCIsIl9hdXRoX3VzZXJfaWQiOiIxIn0=",
    "expire_date": "2016-05-31T18:29:09.061Z"
  }
},
{
  "model": "sessions.session",
  "pk": "tsemxq7dfu22v2wbaxjuk86qwz8k25l0",
  "fields": {
    "session_data": "N2UyMGExYmQ2ODI5MGRjZmZmODZkN2Q1Mzg0MWNiZGM4MjIzMTA4Zjp7Il9hdXRoX3VzZXJfaGFzaCI6ImNjOTE2YzZhYTQ3ZWM2Yzk1ZTgxOWQ2OGM5NWQ2NDJiNDYzZjcyNzYiLCJfYXV0aF91c2VyX2JhY2tlbmQiOiJkamFuZ28uY29udHJpYi5hdXRoLmJhY2tlbmRzLk1vZGVsQmFja2VuZCIsIl9hdXRoX3VzZXJfaWQiOiIxIn0=",
    "expire_date": "2016-05-30T22:47:04.626Z"
  }
},
{
  "model": "sessions.session",
  "pk": "tshtvk603xp7ot87hgxn7sudhs8ewmkn",
  "fields": {
    "session_data": "N2UyMGExYmQ2ODI5MGRjZmZmODZkN2Q1Mzg0MWNiZGM4MjIzMTA4Zjp7Il9hdXRoX3VzZXJfaGFzaCI6ImNjOTE2YzZhYTQ3ZWM2Yzk1ZTgxOWQ2OGM5NWQ2NDJiNDYzZjcyNzYiLCJfYXV0aF91c2VyX2JhY2tlbmQiOiJkamFuZ28uY29udHJpYi5hdXRoLmJhY2tlbmRzLk1vZGVsQmFja2VuZCIsIl9hdXRoX3VzZXJfaWQiOiIxIn0=",
    "expire_date": "2016-05-17T16:41:36.546Z"
  }
},
{
  "model": "sessions.session",
  "pk": "tufzwj55qhl5yu1yjuvqtrs6ux3wov97",
  "fields": {
    "session_data": "N2UyMGExYmQ2ODI5MGRjZmZmODZkN2Q1Mzg0MWNiZGM4MjIzMTA4Zjp7Il9hdXRoX3VzZXJfaGFzaCI6ImNjOTE2YzZhYTQ3ZWM2Yzk1ZTgxOWQ2OGM5NWQ2NDJiNDYzZjcyNzYiLCJfYXV0aF91c2VyX2JhY2tlbmQiOiJkamFuZ28uY29udHJpYi5hdXRoLmJhY2tlbmRzLk1vZGVsQmFja2VuZCIsIl9hdXRoX3VzZXJfaWQiOiIxIn0=",
    "expire_date": "2016-05-17T16:06:02.937Z"
  }
},
{
  "model": "sessions.session",
  "pk": "tvcitypzgqbsy52tw87nxup7emm1ajig",
  "fields": {
    "session_data": "N2UyMGExYmQ2ODI5MGRjZmZmODZkN2Q1Mzg0MWNiZGM4MjIzMTA4Zjp7Il9hdXRoX3VzZXJfaGFzaCI6ImNjOTE2YzZhYTQ3ZWM2Yzk1ZTgxOWQ2OGM5NWQ2NDJiNDYzZjcyNzYiLCJfYXV0aF91c2VyX2JhY2tlbmQiOiJkamFuZ28uY29udHJpYi5hdXRoLmJhY2tlbmRzLk1vZGVsQmFja2VuZCIsIl9hdXRoX3VzZXJfaWQiOiIxIn0=",
    "expire_date": "2016-06-01T01:16:27.552Z"
  }
},
{
  "model": "sessions.session",
  "pk": "twemyv6hvlz6reaghxgcfybyaytmn3vk",
  "fields": {
    "session_data": "N2UyMGExYmQ2ODI5MGRjZmZmODZkN2Q1Mzg0MWNiZGM4MjIzMTA4Zjp7Il9hdXRoX3VzZXJfaGFzaCI6ImNjOTE2YzZhYTQ3ZWM2Yzk1ZTgxOWQ2OGM5NWQ2NDJiNDYzZjcyNzYiLCJfYXV0aF91c2VyX2JhY2tlbmQiOiJkamFuZ28uY29udHJpYi5hdXRoLmJhY2tlbmRzLk1vZGVsQmFja2VuZCIsIl9hdXRoX3VzZXJfaWQiOiIxIn0=",
    "expire_date": "2016-05-27T19:52:34.208Z"
  }
},
{
  "model": "sessions.session",
  "pk": "txxp1e2fv6b4006qldwrhqyimadeqlnz",
  "fields": {
    "session_data": "N2UyMGExYmQ2ODI5MGRjZmZmODZkN2Q1Mzg0MWNiZGM4MjIzMTA4Zjp7Il9hdXRoX3VzZXJfaGFzaCI6ImNjOTE2YzZhYTQ3ZWM2Yzk1ZTgxOWQ2OGM5NWQ2NDJiNDYzZjcyNzYiLCJfYXV0aF91c2VyX2JhY2tlbmQiOiJkamFuZ28uY29udHJpYi5hdXRoLmJhY2tlbmRzLk1vZGVsQmFja2VuZCIsIl9hdXRoX3VzZXJfaWQiOiIxIn0=",
    "expire_date": "2016-05-17T18:54:39.552Z"
  }
},
{
  "model": "sessions.session",
  "pk": "txxzzljgszx3k8yeaghkcdms0xmfprik",
  "fields": {
    "session_data": "N2UyMGExYmQ2ODI5MGRjZmZmODZkN2Q1Mzg0MWNiZGM4MjIzMTA4Zjp7Il9hdXRoX3VzZXJfaGFzaCI6ImNjOTE2YzZhYTQ3ZWM2Yzk1ZTgxOWQ2OGM5NWQ2NDJiNDYzZjcyNzYiLCJfYXV0aF91c2VyX2JhY2tlbmQiOiJkamFuZ28uY29udHJpYi5hdXRoLmJhY2tlbmRzLk1vZGVsQmFja2VuZCIsIl9hdXRoX3VzZXJfaWQiOiIxIn0=",
    "expire_date": "2016-05-27T19:46:41.815Z"
  }
},
{
  "model": "sessions.session",
  "pk": "u08laanlv25pkhmzct5un89ajkpil6nw",
  "fields": {
    "session_data": "N2UyMGExYmQ2ODI5MGRjZmZmODZkN2Q1Mzg0MWNiZGM4MjIzMTA4Zjp7Il9hdXRoX3VzZXJfaGFzaCI6ImNjOTE2YzZhYTQ3ZWM2Yzk1ZTgxOWQ2OGM5NWQ2NDJiNDYzZjcyNzYiLCJfYXV0aF91c2VyX2JhY2tlbmQiOiJkamFuZ28uY29udHJpYi5hdXRoLmJhY2tlbmRzLk1vZGVsQmFja2VuZCIsIl9hdXRoX3VzZXJfaWQiOiIxIn0=",
    "expire_date": "2016-05-17T15:57:17.573Z"
  }
},
{
  "model": "sessions.session",
  "pk": "u5f2a0hl2z2p4khd5o2zjzi7egjgj8qc",
  "fields": {
    "session_data": "N2UyMGExYmQ2ODI5MGRjZmZmODZkN2Q1Mzg0MWNiZGM4MjIzMTA4Zjp7Il9hdXRoX3VzZXJfaGFzaCI6ImNjOTE2YzZhYTQ3ZWM2Yzk1ZTgxOWQ2OGM5NWQ2NDJiNDYzZjcyNzYiLCJfYXV0aF91c2VyX2JhY2tlbmQiOiJkamFuZ28uY29udHJpYi5hdXRoLmJhY2tlbmRzLk1vZGVsQmFja2VuZCIsIl9hdXRoX3VzZXJfaWQiOiIxIn0=",
    "expire_date": "2016-05-27T21:31:13.235Z"
  }
},
{
  "model": "sessions.session",
  "pk": "u9ogfhdh2iuq3xpi394yq4oa4ghmqayi",
  "fields": {
    "session_data": "N2UyMGExYmQ2ODI5MGRjZmZmODZkN2Q1Mzg0MWNiZGM4MjIzMTA4Zjp7Il9hdXRoX3VzZXJfaGFzaCI6ImNjOTE2YzZhYTQ3ZWM2Yzk1ZTgxOWQ2OGM5NWQ2NDJiNDYzZjcyNzYiLCJfYXV0aF91c2VyX2JhY2tlbmQiOiJkamFuZ28uY29udHJpYi5hdXRoLmJhY2tlbmRzLk1vZGVsQmFja2VuZCIsIl9hdXRoX3VzZXJfaWQiOiIxIn0=",
    "expire_date": "2016-05-17T15:59:10.878Z"
  }
},
{
  "model": "sessions.session",
  "pk": "ub3rvarbly68ckszik1tdmtvp2rzg36j",
  "fields": {
    "session_data": "N2UyMGExYmQ2ODI5MGRjZmZmODZkN2Q1Mzg0MWNiZGM4MjIzMTA4Zjp7Il9hdXRoX3VzZXJfaGFzaCI6ImNjOTE2YzZhYTQ3ZWM2Yzk1ZTgxOWQ2OGM5NWQ2NDJiNDYzZjcyNzYiLCJfYXV0aF91c2VyX2JhY2tlbmQiOiJkamFuZ28uY29udHJpYi5hdXRoLmJhY2tlbmRzLk1vZGVsQmFja2VuZCIsIl9hdXRoX3VzZXJfaWQiOiIxIn0=",
    "expire_date": "2016-05-27T21:02:43.476Z"
  }
},
{
  "model": "sessions.session",
  "pk": "udp64d56vrb5df6x152v3ddxj3wg83qm",
  "fields": {
    "session_data": "N2UyMGExYmQ2ODI5MGRjZmZmODZkN2Q1Mzg0MWNiZGM4MjIzMTA4Zjp7Il9hdXRoX3VzZXJfaGFzaCI6ImNjOTE2YzZhYTQ3ZWM2Yzk1ZTgxOWQ2OGM5NWQ2NDJiNDYzZjcyNzYiLCJfYXV0aF91c2VyX2JhY2tlbmQiOiJkamFuZ28uY29udHJpYi5hdXRoLmJhY2tlbmRzLk1vZGVsQmFja2VuZCIsIl9hdXRoX3VzZXJfaWQiOiIxIn0=",
    "expire_date": "2016-05-17T14:15:20.117Z"
  }
},
{
  "model": "sessions.session",
  "pk": "ue2x73h246n0t39zaytnp6vxenv6259o",
  "fields": {
    "session_data": "N2UyMGExYmQ2ODI5MGRjZmZmODZkN2Q1Mzg0MWNiZGM4MjIzMTA4Zjp7Il9hdXRoX3VzZXJfaGFzaCI6ImNjOTE2YzZhYTQ3ZWM2Yzk1ZTgxOWQ2OGM5NWQ2NDJiNDYzZjcyNzYiLCJfYXV0aF91c2VyX2JhY2tlbmQiOiJkamFuZ28uY29udHJpYi5hdXRoLmJhY2tlbmRzLk1vZGVsQmFja2VuZCIsIl9hdXRoX3VzZXJfaWQiOiIxIn0=",
    "expire_date": "2016-05-17T16:04:34.421Z"
  }
},
{
  "model": "sessions.session",
  "pk": "uecekee327olplieeugvzqlwykq1e4zh",
  "fields": {
    "session_data": "N2UyMGExYmQ2ODI5MGRjZmZmODZkN2Q1Mzg0MWNiZGM4MjIzMTA4Zjp7Il9hdXRoX3VzZXJfaGFzaCI6ImNjOTE2YzZhYTQ3ZWM2Yzk1ZTgxOWQ2OGM5NWQ2NDJiNDYzZjcyNzYiLCJfYXV0aF91c2VyX2JhY2tlbmQiOiJkamFuZ28uY29udHJpYi5hdXRoLmJhY2tlbmRzLk1vZGVsQmFja2VuZCIsIl9hdXRoX3VzZXJfaWQiOiIxIn0=",
    "expire_date": "2016-05-27T20:46:16.018Z"
  }
},
{
  "model": "sessions.session",
  "pk": "uny74qb1o1i3i0gc7ob1vbr9bafrburq",
  "fields": {
    "session_data": "N2UyMGExYmQ2ODI5MGRjZmZmODZkN2Q1Mzg0MWNiZGM4MjIzMTA4Zjp7Il9hdXRoX3VzZXJfaGFzaCI6ImNjOTE2YzZhYTQ3ZWM2Yzk1ZTgxOWQ2OGM5NWQ2NDJiNDYzZjcyNzYiLCJfYXV0aF91c2VyX2JhY2tlbmQiOiJkamFuZ28uY29udHJpYi5hdXRoLmJhY2tlbmRzLk1vZGVsQmFja2VuZCIsIl9hdXRoX3VzZXJfaWQiOiIxIn0=",
    "expire_date": "2016-05-17T15:44:28.857Z"
  }
},
{
  "model": "sessions.session",
  "pk": "urhiawoxd8eflg5w4nie59buoutp6qjc",
  "fields": {
    "session_data": "N2UyMGExYmQ2ODI5MGRjZmZmODZkN2Q1Mzg0MWNiZGM4MjIzMTA4Zjp7Il9hdXRoX3VzZXJfaGFzaCI6ImNjOTE2YzZhYTQ3ZWM2Yzk1ZTgxOWQ2OGM5NWQ2NDJiNDYzZjcyNzYiLCJfYXV0aF91c2VyX2JhY2tlbmQiOiJkamFuZ28uY29udHJpYi5hdXRoLmJhY2tlbmRzLk1vZGVsQmFja2VuZCIsIl9hdXRoX3VzZXJfaWQiOiIxIn0=",
    "expire_date": "2016-05-30T20:41:13.361Z"
  }
},
{
  "model": "sessions.session",
  "pk": "utggayw5v0zdeo11tcuhn38zpx9f2mrz",
  "fields": {
    "session_data": "NjU4NGYwYzViYmNjYWQzODE0Y2U5NDBjMjQ1NDIxNTZiMDMyYzFhMTp7Il9hdXRoX3VzZXJfaGFzaCI6Ijc2NGY0OTJiODkzYTk1NDM0NjAwMDllMjdkMDRiZTA5ZWE3OWU5OWUiLCJfYXV0aF91c2VyX2JhY2tlbmQiOiJkamFuZ28uY29udHJpYi5hdXRoLmJhY2tlbmRzLk1vZGVsQmFja2VuZCIsIl9hdXRoX3VzZXJfaWQiOiIyIn0=",
    "expire_date": "2016-05-27T19:23:46.802Z"
  }
},
{
  "model": "sessions.session",
  "pk": "uuodylaa7ki9vsu8d2u1ldawyzf8mv34",
  "fields": {
    "session_data": "N2UyMGExYmQ2ODI5MGRjZmZmODZkN2Q1Mzg0MWNiZGM4MjIzMTA4Zjp7Il9hdXRoX3VzZXJfaGFzaCI6ImNjOTE2YzZhYTQ3ZWM2Yzk1ZTgxOWQ2OGM5NWQ2NDJiNDYzZjcyNzYiLCJfYXV0aF91c2VyX2JhY2tlbmQiOiJkamFuZ28uY29udHJpYi5hdXRoLmJhY2tlbmRzLk1vZGVsQmFja2VuZCIsIl9hdXRoX3VzZXJfaWQiOiIxIn0=",
    "expire_date": "2016-05-17T13:54:17.112Z"
  }
},
{
  "model": "sessions.session",
  "pk": "uzeqb40f7yd0mrjdekfay5juizhkyxw4",
  "fields": {
    "session_data": "N2UyMGExYmQ2ODI5MGRjZmZmODZkN2Q1Mzg0MWNiZGM4MjIzMTA4Zjp7Il9hdXRoX3VzZXJfaGFzaCI6ImNjOTE2YzZhYTQ3ZWM2Yzk1ZTgxOWQ2OGM5NWQ2NDJiNDYzZjcyNzYiLCJfYXV0aF91c2VyX2JhY2tlbmQiOiJkamFuZ28uY29udHJpYi5hdXRoLmJhY2tlbmRzLk1vZGVsQmFja2VuZCIsIl9hdXRoX3VzZXJfaWQiOiIxIn0=",
    "expire_date": "2016-05-30T22:48:31.041Z"
  }
},
{
  "model": "sessions.session",
  "pk": "v12mjmv2tm7qsmtci0bq5oau9i5tcb83",
  "fields": {
    "session_data": "N2UyMGExYmQ2ODI5MGRjZmZmODZkN2Q1Mzg0MWNiZGM4MjIzMTA4Zjp7Il9hdXRoX3VzZXJfaGFzaCI6ImNjOTE2YzZhYTQ3ZWM2Yzk1ZTgxOWQ2OGM5NWQ2NDJiNDYzZjcyNzYiLCJfYXV0aF91c2VyX2JhY2tlbmQiOiJkamFuZ28uY29udHJpYi5hdXRoLmJhY2tlbmRzLk1vZGVsQmFja2VuZCIsIl9hdXRoX3VzZXJfaWQiOiIxIn0=",
    "expire_date": "2016-05-30T22:14:06.366Z"
  }
},
{
  "model": "sessions.session",
  "pk": "v2n6u72l1vq8dvio6q86xg7p29suec3b",
  "fields": {
    "session_data": "N2UyMGExYmQ2ODI5MGRjZmZmODZkN2Q1Mzg0MWNiZGM4MjIzMTA4Zjp7Il9hdXRoX3VzZXJfaGFzaCI6ImNjOTE2YzZhYTQ3ZWM2Yzk1ZTgxOWQ2OGM5NWQ2NDJiNDYzZjcyNzYiLCJfYXV0aF91c2VyX2JhY2tlbmQiOiJkamFuZ28uY29udHJpYi5hdXRoLmJhY2tlbmRzLk1vZGVsQmFja2VuZCIsIl9hdXRoX3VzZXJfaWQiOiIxIn0=",
    "expire_date": "2016-05-31T22:22:08.363Z"
  }
},
{
  "model": "sessions.session",
  "pk": "v2pvtj7iri4idbfms09iq9hx1xsmxlo9",
  "fields": {
    "session_data": "N2UyMGExYmQ2ODI5MGRjZmZmODZkN2Q1Mzg0MWNiZGM4MjIzMTA4Zjp7Il9hdXRoX3VzZXJfaGFzaCI6ImNjOTE2YzZhYTQ3ZWM2Yzk1ZTgxOWQ2OGM5NWQ2NDJiNDYzZjcyNzYiLCJfYXV0aF91c2VyX2JhY2tlbmQiOiJkamFuZ28uY29udHJpYi5hdXRoLmJhY2tlbmRzLk1vZGVsQmFja2VuZCIsIl9hdXRoX3VzZXJfaWQiOiIxIn0=",
    "expire_date": "2016-05-31T23:04:31.031Z"
  }
},
{
  "model": "sessions.session",
  "pk": "v42dmzf37it9p1azaei43q6f9qbczi5g",
  "fields": {
    "session_data": "N2UyMGExYmQ2ODI5MGRjZmZmODZkN2Q1Mzg0MWNiZGM4MjIzMTA4Zjp7Il9hdXRoX3VzZXJfaGFzaCI6ImNjOTE2YzZhYTQ3ZWM2Yzk1ZTgxOWQ2OGM5NWQ2NDJiNDYzZjcyNzYiLCJfYXV0aF91c2VyX2JhY2tlbmQiOiJkamFuZ28uY29udHJpYi5hdXRoLmJhY2tlbmRzLk1vZGVsQmFja2VuZCIsIl9hdXRoX3VzZXJfaWQiOiIxIn0=",
    "expire_date": "2016-05-30T20:58:24.814Z"
  }
},
{
  "model": "sessions.session",
  "pk": "v45w4vg8tvvhe2n85xghu7dv3w6yrqc8",
  "fields": {
    "session_data": "N2UyMGExYmQ2ODI5MGRjZmZmODZkN2Q1Mzg0MWNiZGM4MjIzMTA4Zjp7Il9hdXRoX3VzZXJfaGFzaCI6ImNjOTE2YzZhYTQ3ZWM2Yzk1ZTgxOWQ2OGM5NWQ2NDJiNDYzZjcyNzYiLCJfYXV0aF91c2VyX2JhY2tlbmQiOiJkamFuZ28uY29udHJpYi5hdXRoLmJhY2tlbmRzLk1vZGVsQmFja2VuZCIsIl9hdXRoX3VzZXJfaWQiOiIxIn0=",
    "expire_date": "2016-06-01T00:48:49.408Z"
  }
},
{
  "model": "sessions.session",
  "pk": "v6eh3wutsx10vsp2lqpfyvqgb4yvlyt6",
  "fields": {
    "session_data": "N2UyMGExYmQ2ODI5MGRjZmZmODZkN2Q1Mzg0MWNiZGM4MjIzMTA4Zjp7Il9hdXRoX3VzZXJfaGFzaCI6ImNjOTE2YzZhYTQ3ZWM2Yzk1ZTgxOWQ2OGM5NWQ2NDJiNDYzZjcyNzYiLCJfYXV0aF91c2VyX2JhY2tlbmQiOiJkamFuZ28uY29udHJpYi5hdXRoLmJhY2tlbmRzLk1vZGVsQmFja2VuZCIsIl9hdXRoX3VzZXJfaWQiOiIxIn0=",
    "expire_date": "2016-05-27T20:48:12.967Z"
  }
},
{
  "model": "sessions.session",
  "pk": "v93dinvetblq56zlwqsy9masdv1wfwa8",
  "fields": {
    "session_data": "N2UyMGExYmQ2ODI5MGRjZmZmODZkN2Q1Mzg0MWNiZGM4MjIzMTA4Zjp7Il9hdXRoX3VzZXJfaGFzaCI6ImNjOTE2YzZhYTQ3ZWM2Yzk1ZTgxOWQ2OGM5NWQ2NDJiNDYzZjcyNzYiLCJfYXV0aF91c2VyX2JhY2tlbmQiOiJkamFuZ28uY29udHJpYi5hdXRoLmJhY2tlbmRzLk1vZGVsQmFja2VuZCIsIl9hdXRoX3VzZXJfaWQiOiIxIn0=",
    "expire_date": "2016-06-08T00:57:39.915Z"
  }
},
{
  "model": "sessions.session",
  "pk": "v9diuk16rs9lcrmnfz3j1xtktp1thq4d",
  "fields": {
    "session_data": "N2UyMGExYmQ2ODI5MGRjZmZmODZkN2Q1Mzg0MWNiZGM4MjIzMTA4Zjp7Il9hdXRoX3VzZXJfaGFzaCI6ImNjOTE2YzZhYTQ3ZWM2Yzk1ZTgxOWQ2OGM5NWQ2NDJiNDYzZjcyNzYiLCJfYXV0aF91c2VyX2JhY2tlbmQiOiJkamFuZ28uY29udHJpYi5hdXRoLmJhY2tlbmRzLk1vZGVsQmFja2VuZCIsIl9hdXRoX3VzZXJfaWQiOiIxIn0=",
    "expire_date": "2016-05-17T14:09:17.242Z"
  }
},
{
  "model": "sessions.session",
  "pk": "vc07cqa0htq49eq3uscxp8bd6smww37l",
  "fields": {
    "session_data": "N2UyMGExYmQ2ODI5MGRjZmZmODZkN2Q1Mzg0MWNiZGM4MjIzMTA4Zjp7Il9hdXRoX3VzZXJfaGFzaCI6ImNjOTE2YzZhYTQ3ZWM2Yzk1ZTgxOWQ2OGM5NWQ2NDJiNDYzZjcyNzYiLCJfYXV0aF91c2VyX2JhY2tlbmQiOiJkamFuZ28uY29udHJpYi5hdXRoLmJhY2tlbmRzLk1vZGVsQmFja2VuZCIsIl9hdXRoX3VzZXJfaWQiOiIxIn0=",
    "expire_date": "2016-05-27T21:48:08.127Z"
  }
},
{
  "model": "sessions.session",
  "pk": "vfulsub5k269fyh6r1y7pndmqh0qcnhu",
  "fields": {
    "session_data": "N2UyMGExYmQ2ODI5MGRjZmZmODZkN2Q1Mzg0MWNiZGM4MjIzMTA4Zjp7Il9hdXRoX3VzZXJfaGFzaCI6ImNjOTE2YzZhYTQ3ZWM2Yzk1ZTgxOWQ2OGM5NWQ2NDJiNDYzZjcyNzYiLCJfYXV0aF91c2VyX2JhY2tlbmQiOiJkamFuZ28uY29udHJpYi5hdXRoLmJhY2tlbmRzLk1vZGVsQmFja2VuZCIsIl9hdXRoX3VzZXJfaWQiOiIxIn0=",
    "expire_date": "2016-05-17T13:53:09.313Z"
  }
},
{
  "model": "sessions.session",
  "pk": "vgllypypjieii3irhbvqu0bhuzz8h782",
  "fields": {
    "session_data": "N2UyMGExYmQ2ODI5MGRjZmZmODZkN2Q1Mzg0MWNiZGM4MjIzMTA4Zjp7Il9hdXRoX3VzZXJfaGFzaCI6ImNjOTE2YzZhYTQ3ZWM2Yzk1ZTgxOWQ2OGM5NWQ2NDJiNDYzZjcyNzYiLCJfYXV0aF91c2VyX2JhY2tlbmQiOiJkamFuZ28uY29udHJpYi5hdXRoLmJhY2tlbmRzLk1vZGVsQmFja2VuZCIsIl9hdXRoX3VzZXJfaWQiOiIxIn0=",
    "expire_date": "2016-05-27T18:08:57.118Z"
  }
},
{
  "model": "sessions.session",
  "pk": "vkgv5wa7n1aefhnffinzose9f02gpuq9",
  "fields": {
    "session_data": "N2UyMGExYmQ2ODI5MGRjZmZmODZkN2Q1Mzg0MWNiZGM4MjIzMTA4Zjp7Il9hdXRoX3VzZXJfaGFzaCI6ImNjOTE2YzZhYTQ3ZWM2Yzk1ZTgxOWQ2OGM5NWQ2NDJiNDYzZjcyNzYiLCJfYXV0aF91c2VyX2JhY2tlbmQiOiJkamFuZ28uY29udHJpYi5hdXRoLmJhY2tlbmRzLk1vZGVsQmFja2VuZCIsIl9hdXRoX3VzZXJfaWQiOiIxIn0=",
    "expire_date": "2016-05-31T20:41:54.128Z"
  }
},
{
  "model": "sessions.session",
  "pk": "vv1pk4o7jt9zocsk3wnr6d7uoujaaqq8",
  "fields": {
    "session_data": "N2UyMGExYmQ2ODI5MGRjZmZmODZkN2Q1Mzg0MWNiZGM4MjIzMTA4Zjp7Il9hdXRoX3VzZXJfaGFzaCI6ImNjOTE2YzZhYTQ3ZWM2Yzk1ZTgxOWQ2OGM5NWQ2NDJiNDYzZjcyNzYiLCJfYXV0aF91c2VyX2JhY2tlbmQiOiJkamFuZ28uY29udHJpYi5hdXRoLmJhY2tlbmRzLk1vZGVsQmFja2VuZCIsIl9hdXRoX3VzZXJfaWQiOiIxIn0=",
    "expire_date": "2016-05-27T20:08:40.320Z"
  }
},
{
  "model": "sessions.session",
  "pk": "vx221itwyrn4g3tgykcjleomnyvyhnu5",
  "fields": {
    "session_data": "N2UyMGExYmQ2ODI5MGRjZmZmODZkN2Q1Mzg0MWNiZGM4MjIzMTA4Zjp7Il9hdXRoX3VzZXJfaGFzaCI6ImNjOTE2YzZhYTQ3ZWM2Yzk1ZTgxOWQ2OGM5NWQ2NDJiNDYzZjcyNzYiLCJfYXV0aF91c2VyX2JhY2tlbmQiOiJkamFuZ28uY29udHJpYi5hdXRoLmJhY2tlbmRzLk1vZGVsQmFja2VuZCIsIl9hdXRoX3VzZXJfaWQiOiIxIn0=",
    "expire_date": "2016-05-17T15:41:55.717Z"
  }
},
{
  "model": "sessions.session",
  "pk": "vyyn62f2rj7p5io069wl7fauveyff8qb",
  "fields": {
    "session_data": "N2UyMGExYmQ2ODI5MGRjZmZmODZkN2Q1Mzg0MWNiZGM4MjIzMTA4Zjp7Il9hdXRoX3VzZXJfaGFzaCI6ImNjOTE2YzZhYTQ3ZWM2Yzk1ZTgxOWQ2OGM5NWQ2NDJiNDYzZjcyNzYiLCJfYXV0aF91c2VyX2JhY2tlbmQiOiJkamFuZ28uY29udHJpYi5hdXRoLmJhY2tlbmRzLk1vZGVsQmFja2VuZCIsIl9hdXRoX3VzZXJfaWQiOiIxIn0=",
    "expire_date": "2016-05-30T23:02:40.324Z"
  }
},
{
  "model": "sessions.session",
  "pk": "vzo3sl2b05xirzsabtybey9hlwi17fgr",
  "fields": {
    "session_data": "N2UyMGExYmQ2ODI5MGRjZmZmODZkN2Q1Mzg0MWNiZGM4MjIzMTA4Zjp7Il9hdXRoX3VzZXJfaGFzaCI6ImNjOTE2YzZhYTQ3ZWM2Yzk1ZTgxOWQ2OGM5NWQ2NDJiNDYzZjcyNzYiLCJfYXV0aF91c2VyX2JhY2tlbmQiOiJkamFuZ28uY29udHJpYi5hdXRoLmJhY2tlbmRzLk1vZGVsQmFja2VuZCIsIl9hdXRoX3VzZXJfaWQiOiIxIn0=",
    "expire_date": "2016-06-01T01:13:27.636Z"
  }
},
{
  "model": "sessions.session",
  "pk": "w1vl7flds1t6ylrultwfqsasc2lxj42f",
  "fields": {
    "session_data": "N2UyMGExYmQ2ODI5MGRjZmZmODZkN2Q1Mzg0MWNiZGM4MjIzMTA4Zjp7Il9hdXRoX3VzZXJfaGFzaCI6ImNjOTE2YzZhYTQ3ZWM2Yzk1ZTgxOWQ2OGM5NWQ2NDJiNDYzZjcyNzYiLCJfYXV0aF91c2VyX2JhY2tlbmQiOiJkamFuZ28uY29udHJpYi5hdXRoLmJhY2tlbmRzLk1vZGVsQmFja2VuZCIsIl9hdXRoX3VzZXJfaWQiOiIxIn0=",
    "expire_date": "2016-05-27T22:53:58.339Z"
  }
},
{
  "model": "sessions.session",
  "pk": "wbryride82l7lj5zw7odkjy6jnte9eym",
  "fields": {
    "session_data": "N2UyMGExYmQ2ODI5MGRjZmZmODZkN2Q1Mzg0MWNiZGM4MjIzMTA4Zjp7Il9hdXRoX3VzZXJfaGFzaCI6ImNjOTE2YzZhYTQ3ZWM2Yzk1ZTgxOWQ2OGM5NWQ2NDJiNDYzZjcyNzYiLCJfYXV0aF91c2VyX2JhY2tlbmQiOiJkamFuZ28uY29udHJpYi5hdXRoLmJhY2tlbmRzLk1vZGVsQmFja2VuZCIsIl9hdXRoX3VzZXJfaWQiOiIxIn0=",
    "expire_date": "2016-06-01T00:54:29.174Z"
  }
},
{
  "model": "sessions.session",
  "pk": "wfcfvv7u66hcbwqc2rusjusc7pv9i54b",
  "fields": {
    "session_data": "N2UyMGExYmQ2ODI5MGRjZmZmODZkN2Q1Mzg0MWNiZGM4MjIzMTA4Zjp7Il9hdXRoX3VzZXJfaGFzaCI6ImNjOTE2YzZhYTQ3ZWM2Yzk1ZTgxOWQ2OGM5NWQ2NDJiNDYzZjcyNzYiLCJfYXV0aF91c2VyX2JhY2tlbmQiOiJkamFuZ28uY29udHJpYi5hdXRoLmJhY2tlbmRzLk1vZGVsQmFja2VuZCIsIl9hdXRoX3VzZXJfaWQiOiIxIn0=",
    "expire_date": "2016-05-17T15:45:21.060Z"
  }
},
{
  "model": "sessions.session",
  "pk": "wfkj14mpryusi0f9revb30twefayhmw3",
  "fields": {
    "session_data": "N2UyMGExYmQ2ODI5MGRjZmZmODZkN2Q1Mzg0MWNiZGM4MjIzMTA4Zjp7Il9hdXRoX3VzZXJfaGFzaCI6ImNjOTE2YzZhYTQ3ZWM2Yzk1ZTgxOWQ2OGM5NWQ2NDJiNDYzZjcyNzYiLCJfYXV0aF91c2VyX2JhY2tlbmQiOiJkamFuZ28uY29udHJpYi5hdXRoLmJhY2tlbmRzLk1vZGVsQmFja2VuZCIsIl9hdXRoX3VzZXJfaWQiOiIxIn0=",
    "expire_date": "2016-05-27T19:48:31.494Z"
  }
},
{
  "model": "sessions.session",
  "pk": "wl315ewyqyy5krodbqse9mkxos9zf6zi",
  "fields": {
    "session_data": "N2UyMGExYmQ2ODI5MGRjZmZmODZkN2Q1Mzg0MWNiZGM4MjIzMTA4Zjp7Il9hdXRoX3VzZXJfaGFzaCI6ImNjOTE2YzZhYTQ3ZWM2Yzk1ZTgxOWQ2OGM5NWQ2NDJiNDYzZjcyNzYiLCJfYXV0aF91c2VyX2JhY2tlbmQiOiJkamFuZ28uY29udHJpYi5hdXRoLmJhY2tlbmRzLk1vZGVsQmFja2VuZCIsIl9hdXRoX3VzZXJfaWQiOiIxIn0=",
    "expire_date": "2016-05-27T18:50:33.471Z"
  }
},
{
  "model": "sessions.session",
  "pk": "wrj7lwndogcyrutlfzb4fc950qraiyh2",
  "fields": {
    "session_data": "N2UyMGExYmQ2ODI5MGRjZmZmODZkN2Q1Mzg0MWNiZGM4MjIzMTA4Zjp7Il9hdXRoX3VzZXJfaGFzaCI6ImNjOTE2YzZhYTQ3ZWM2Yzk1ZTgxOWQ2OGM5NWQ2NDJiNDYzZjcyNzYiLCJfYXV0aF91c2VyX2JhY2tlbmQiOiJkamFuZ28uY29udHJpYi5hdXRoLmJhY2tlbmRzLk1vZGVsQmFja2VuZCIsIl9hdXRoX3VzZXJfaWQiOiIxIn0=",
    "expire_date": "2016-05-17T13:55:00.275Z"
  }
},
{
  "model": "sessions.session",
  "pk": "wstrtayprxrk5lhl2cbsh95hpeztgpw3",
  "fields": {
    "session_data": "NjU4NGYwYzViYmNjYWQzODE0Y2U5NDBjMjQ1NDIxNTZiMDMyYzFhMTp7Il9hdXRoX3VzZXJfaGFzaCI6Ijc2NGY0OTJiODkzYTk1NDM0NjAwMDllMjdkMDRiZTA5ZWE3OWU5OWUiLCJfYXV0aF91c2VyX2JhY2tlbmQiOiJkamFuZ28uY29udHJpYi5hdXRoLmJhY2tlbmRzLk1vZGVsQmFja2VuZCIsIl9hdXRoX3VzZXJfaWQiOiIyIn0=",
    "expire_date": "2016-05-27T19:26:22.934Z"
  }
},
{
  "model": "sessions.session",
  "pk": "wuzve8a7khkdxaen87bfc0zyfx3teki4",
  "fields": {
    "session_data": "N2UyMGExYmQ2ODI5MGRjZmZmODZkN2Q1Mzg0MWNiZGM4MjIzMTA4Zjp7Il9hdXRoX3VzZXJfaGFzaCI6ImNjOTE2YzZhYTQ3ZWM2Yzk1ZTgxOWQ2OGM5NWQ2NDJiNDYzZjcyNzYiLCJfYXV0aF91c2VyX2JhY2tlbmQiOiJkamFuZ28uY29udHJpYi5hdXRoLmJhY2tlbmRzLk1vZGVsQmFja2VuZCIsIl9hdXRoX3VzZXJfaWQiOiIxIn0=",
    "expire_date": "2016-05-17T17:06:49.685Z"
  }
},
{
  "model": "sessions.session",
  "pk": "wzj9v0kjuqahet5l762irnx7olm7a7jt",
  "fields": {
    "session_data": "N2UyMGExYmQ2ODI5MGRjZmZmODZkN2Q1Mzg0MWNiZGM4MjIzMTA4Zjp7Il9hdXRoX3VzZXJfaGFzaCI6ImNjOTE2YzZhYTQ3ZWM2Yzk1ZTgxOWQ2OGM5NWQ2NDJiNDYzZjcyNzYiLCJfYXV0aF91c2VyX2JhY2tlbmQiOiJkamFuZ28uY29udHJpYi5hdXRoLmJhY2tlbmRzLk1vZGVsQmFja2VuZCIsIl9hdXRoX3VzZXJfaWQiOiIxIn0=",
    "expire_date": "2016-05-31T22:36:17.243Z"
  }
},
{
  "model": "sessions.session",
  "pk": "wzjfqidhj6qxmokdxlju0muz4237n6iw",
  "fields": {
    "session_data": "N2UyMGExYmQ2ODI5MGRjZmZmODZkN2Q1Mzg0MWNiZGM4MjIzMTA4Zjp7Il9hdXRoX3VzZXJfaGFzaCI6ImNjOTE2YzZhYTQ3ZWM2Yzk1ZTgxOWQ2OGM5NWQ2NDJiNDYzZjcyNzYiLCJfYXV0aF91c2VyX2JhY2tlbmQiOiJkamFuZ28uY29udHJpYi5hdXRoLmJhY2tlbmRzLk1vZGVsQmFja2VuZCIsIl9hdXRoX3VzZXJfaWQiOiIxIn0=",
    "expire_date": "2016-05-30T21:34:00.908Z"
  }
},
{
  "model": "sessions.session",
  "pk": "x4bduc2ilhj73s83szhathu1nm7hwafv",
  "fields": {
    "session_data": "N2UyMGExYmQ2ODI5MGRjZmZmODZkN2Q1Mzg0MWNiZGM4MjIzMTA4Zjp7Il9hdXRoX3VzZXJfaGFzaCI6ImNjOTE2YzZhYTQ3ZWM2Yzk1ZTgxOWQ2OGM5NWQ2NDJiNDYzZjcyNzYiLCJfYXV0aF91c2VyX2JhY2tlbmQiOiJkamFuZ28uY29udHJpYi5hdXRoLmJhY2tlbmRzLk1vZGVsQmFja2VuZCIsIl9hdXRoX3VzZXJfaWQiOiIxIn0=",
    "expire_date": "2016-05-17T17:51:35.980Z"
  }
},
{
  "model": "sessions.session",
  "pk": "xj2r05fli027rtcfsnerybf5mvqu5qj2",
  "fields": {
    "session_data": "N2UyMGExYmQ2ODI5MGRjZmZmODZkN2Q1Mzg0MWNiZGM4MjIzMTA4Zjp7Il9hdXRoX3VzZXJfaGFzaCI6ImNjOTE2YzZhYTQ3ZWM2Yzk1ZTgxOWQ2OGM5NWQ2NDJiNDYzZjcyNzYiLCJfYXV0aF91c2VyX2JhY2tlbmQiOiJkamFuZ28uY29udHJpYi5hdXRoLmJhY2tlbmRzLk1vZGVsQmFja2VuZCIsIl9hdXRoX3VzZXJfaWQiOiIxIn0=",
    "expire_date": "2016-05-30T22:23:16.771Z"
  }
},
{
  "model": "sessions.session",
  "pk": "xjf7j2fvrwubvor4fe1ur39h0qjd2x35",
  "fields": {
    "session_data": "N2UyMGExYmQ2ODI5MGRjZmZmODZkN2Q1Mzg0MWNiZGM4MjIzMTA4Zjp7Il9hdXRoX3VzZXJfaGFzaCI6ImNjOTE2YzZhYTQ3ZWM2Yzk1ZTgxOWQ2OGM5NWQ2NDJiNDYzZjcyNzYiLCJfYXV0aF91c2VyX2JhY2tlbmQiOiJkamFuZ28uY29udHJpYi5hdXRoLmJhY2tlbmRzLk1vZGVsQmFja2VuZCIsIl9hdXRoX3VzZXJfaWQiOiIxIn0=",
    "expire_date": "2016-05-31T22:25:02.058Z"
  }
},
{
  "model": "sessions.session",
  "pk": "xk0gk7wu5v7g36pvz4ht4wt5enbojgxi",
  "fields": {
    "session_data": "N2UyMGExYmQ2ODI5MGRjZmZmODZkN2Q1Mzg0MWNiZGM4MjIzMTA4Zjp7Il9hdXRoX3VzZXJfaGFzaCI6ImNjOTE2YzZhYTQ3ZWM2Yzk1ZTgxOWQ2OGM5NWQ2NDJiNDYzZjcyNzYiLCJfYXV0aF91c2VyX2JhY2tlbmQiOiJkamFuZ28uY29udHJpYi5hdXRoLmJhY2tlbmRzLk1vZGVsQmFja2VuZCIsIl9hdXRoX3VzZXJfaWQiOiIxIn0=",
    "expire_date": "2016-06-01T00:46:53.965Z"
  }
},
{
  "model": "sessions.session",
  "pk": "xpczdw1gejdwvqbc63bgun9sxiij8qyh",
  "fields": {
    "session_data": "N2UyMGExYmQ2ODI5MGRjZmZmODZkN2Q1Mzg0MWNiZGM4MjIzMTA4Zjp7Il9hdXRoX3VzZXJfaGFzaCI6ImNjOTE2YzZhYTQ3ZWM2Yzk1ZTgxOWQ2OGM5NWQ2NDJiNDYzZjcyNzYiLCJfYXV0aF91c2VyX2JhY2tlbmQiOiJkamFuZ28uY29udHJpYi5hdXRoLmJhY2tlbmRzLk1vZGVsQmFja2VuZCIsIl9hdXRoX3VzZXJfaWQiOiIxIn0=",
    "expire_date": "2016-05-27T18:50:56.414Z"
  }
},
{
  "model": "sessions.session",
  "pk": "xrwxmdrggclpu7mqihbcupwwm5tiir6d",
  "fields": {
    "session_data": "N2UyMGExYmQ2ODI5MGRjZmZmODZkN2Q1Mzg0MWNiZGM4MjIzMTA4Zjp7Il9hdXRoX3VzZXJfaGFzaCI6ImNjOTE2YzZhYTQ3ZWM2Yzk1ZTgxOWQ2OGM5NWQ2NDJiNDYzZjcyNzYiLCJfYXV0aF91c2VyX2JhY2tlbmQiOiJkamFuZ28uY29udHJpYi5hdXRoLmJhY2tlbmRzLk1vZGVsQmFja2VuZCIsIl9hdXRoX3VzZXJfaWQiOiIxIn0=",
    "expire_date": "2016-05-31T19:19:45.569Z"
  }
},
{
  "model": "sessions.session",
  "pk": "y4k8m74zcs72ga4e7zdp9hczkfgf31xr",
  "fields": {
    "session_data": "N2UyMGExYmQ2ODI5MGRjZmZmODZkN2Q1Mzg0MWNiZGM4MjIzMTA4Zjp7Il9hdXRoX3VzZXJfaGFzaCI6ImNjOTE2YzZhYTQ3ZWM2Yzk1ZTgxOWQ2OGM5NWQ2NDJiNDYzZjcyNzYiLCJfYXV0aF91c2VyX2JhY2tlbmQiOiJkamFuZ28uY29udHJpYi5hdXRoLmJhY2tlbmRzLk1vZGVsQmFja2VuZCIsIl9hdXRoX3VzZXJfaWQiOiIxIn0=",
    "expire_date": "2016-05-31T18:27:47.483Z"
  }
},
{
  "model": "sessions.session",
  "pk": "y5hva38qqbqrkzqq7qvtatq0nph8lt3b",
  "fields": {
    "session_data": "N2UyMGExYmQ2ODI5MGRjZmZmODZkN2Q1Mzg0MWNiZGM4MjIzMTA4Zjp7Il9hdXRoX3VzZXJfaGFzaCI6ImNjOTE2YzZhYTQ3ZWM2Yzk1ZTgxOWQ2OGM5NWQ2NDJiNDYzZjcyNzYiLCJfYXV0aF91c2VyX2JhY2tlbmQiOiJkamFuZ28uY29udHJpYi5hdXRoLmJhY2tlbmRzLk1vZGVsQmFja2VuZCIsIl9hdXRoX3VzZXJfaWQiOiIxIn0=",
    "expire_date": "2016-05-31T19:22:56.513Z"
  }
},
{
  "model": "sessions.session",
  "pk": "y5vahgk39xlml4o63puhskpg1zkrrr0z",
  "fields": {
    "session_data": "N2UyMGExYmQ2ODI5MGRjZmZmODZkN2Q1Mzg0MWNiZGM4MjIzMTA4Zjp7Il9hdXRoX3VzZXJfaGFzaCI6ImNjOTE2YzZhYTQ3ZWM2Yzk1ZTgxOWQ2OGM5NWQ2NDJiNDYzZjcyNzYiLCJfYXV0aF91c2VyX2JhY2tlbmQiOiJkamFuZ28uY29udHJpYi5hdXRoLmJhY2tlbmRzLk1vZGVsQmFja2VuZCIsIl9hdXRoX3VzZXJfaWQiOiIxIn0=",
    "expire_date": "2016-05-30T19:29:17.208Z"
  }
},
{
  "model": "sessions.session",
  "pk": "ye807uts1s6w9za64mpkvepczjr9wzs6",
  "fields": {
    "session_data": "N2UyMGExYmQ2ODI5MGRjZmZmODZkN2Q1Mzg0MWNiZGM4MjIzMTA4Zjp7Il9hdXRoX3VzZXJfaGFzaCI6ImNjOTE2YzZhYTQ3ZWM2Yzk1ZTgxOWQ2OGM5NWQ2NDJiNDYzZjcyNzYiLCJfYXV0aF91c2VyX2JhY2tlbmQiOiJkamFuZ28uY29udHJpYi5hdXRoLmJhY2tlbmRzLk1vZGVsQmFja2VuZCIsIl9hdXRoX3VzZXJfaWQiOiIxIn0=",
    "expire_date": "2016-05-17T15:44:42.809Z"
  }
},
{
  "model": "sessions.session",
  "pk": "ymf2nmszw5khaazrgtw0tnvn6vv2ckrx",
  "fields": {
    "session_data": "N2UyMGExYmQ2ODI5MGRjZmZmODZkN2Q1Mzg0MWNiZGM4MjIzMTA4Zjp7Il9hdXRoX3VzZXJfaGFzaCI6ImNjOTE2YzZhYTQ3ZWM2Yzk1ZTgxOWQ2OGM5NWQ2NDJiNDYzZjcyNzYiLCJfYXV0aF91c2VyX2JhY2tlbmQiOiJkamFuZ28uY29udHJpYi5hdXRoLmJhY2tlbmRzLk1vZGVsQmFja2VuZCIsIl9hdXRoX3VzZXJfaWQiOiIxIn0=",
    "expire_date": "2016-05-30T20:07:23.569Z"
  }
},
{
  "model": "sessions.session",
  "pk": "yvc41nkb2zfkdtnfq0r05uiqcua20lr0",
  "fields": {
    "session_data": "N2UyMGExYmQ2ODI5MGRjZmZmODZkN2Q1Mzg0MWNiZGM4MjIzMTA4Zjp7Il9hdXRoX3VzZXJfaGFzaCI6ImNjOTE2YzZhYTQ3ZWM2Yzk1ZTgxOWQ2OGM5NWQ2NDJiNDYzZjcyNzYiLCJfYXV0aF91c2VyX2JhY2tlbmQiOiJkamFuZ28uY29udHJpYi5hdXRoLmJhY2tlbmRzLk1vZGVsQmFja2VuZCIsIl9hdXRoX3VzZXJfaWQiOiIxIn0=",
    "expire_date": "2016-05-27T20:04:48.967Z"
  }
},
{
  "model": "sessions.session",
  "pk": "zb2huu95s9a08hufioykdvi1jm35hxv1",
  "fields": {
    "session_data": "N2UyMGExYmQ2ODI5MGRjZmZmODZkN2Q1Mzg0MWNiZGM4MjIzMTA4Zjp7Il9hdXRoX3VzZXJfaGFzaCI6ImNjOTE2YzZhYTQ3ZWM2Yzk1ZTgxOWQ2OGM5NWQ2NDJiNDYzZjcyNzYiLCJfYXV0aF91c2VyX2JhY2tlbmQiOiJkamFuZ28uY29udHJpYi5hdXRoLmJhY2tlbmRzLk1vZGVsQmFja2VuZCIsIl9hdXRoX3VzZXJfaWQiOiIxIn0=",
    "expire_date": "2016-06-01T00:42:31.160Z"
  }
},
{
  "model": "sessions.session",
  "pk": "zbae7j8h23dn0e92884h5uabdkkwbt0g",
  "fields": {
    "session_data": "N2UyMGExYmQ2ODI5MGRjZmZmODZkN2Q1Mzg0MWNiZGM4MjIzMTA4Zjp7Il9hdXRoX3VzZXJfaGFzaCI6ImNjOTE2YzZhYTQ3ZWM2Yzk1ZTgxOWQ2OGM5NWQ2NDJiNDYzZjcyNzYiLCJfYXV0aF91c2VyX2JhY2tlbmQiOiJkamFuZ28uY29udHJpYi5hdXRoLmJhY2tlbmRzLk1vZGVsQmFja2VuZCIsIl9hdXRoX3VzZXJfaWQiOiIxIn0=",
    "expire_date": "2016-05-27T20:03:35.901Z"
  }
},
{
  "model": "sessions.session",
  "pk": "zkc0g0hge23m4x83e297ok9d34zz7uv3",
  "fields": {
    "session_data": "N2UyMGExYmQ2ODI5MGRjZmZmODZkN2Q1Mzg0MWNiZGM4MjIzMTA4Zjp7Il9hdXRoX3VzZXJfaGFzaCI6ImNjOTE2YzZhYTQ3ZWM2Yzk1ZTgxOWQ2OGM5NWQ2NDJiNDYzZjcyNzYiLCJfYXV0aF91c2VyX2JhY2tlbmQiOiJkamFuZ28uY29udHJpYi5hdXRoLmJhY2tlbmRzLk1vZGVsQmFja2VuZCIsIl9hdXRoX3VzZXJfaWQiOiIxIn0=",
    "expire_date": "2016-05-17T15:56:29.032Z"
  }
},
{
  "model": "sessions.session",
  "pk": "zkpjvsg7lnjs77jt7nsbqx76ds6nu3en",
  "fields": {
    "session_data": "N2UyMGExYmQ2ODI5MGRjZmZmODZkN2Q1Mzg0MWNiZGM4MjIzMTA4Zjp7Il9hdXRoX3VzZXJfaGFzaCI6ImNjOTE2YzZhYTQ3ZWM2Yzk1ZTgxOWQ2OGM5NWQ2NDJiNDYzZjcyNzYiLCJfYXV0aF91c2VyX2JhY2tlbmQiOiJkamFuZ28uY29udHJpYi5hdXRoLmJhY2tlbmRzLk1vZGVsQmFja2VuZCIsIl9hdXRoX3VzZXJfaWQiOiIxIn0=",
    "expire_date": "2016-05-27T20:06:05.011Z"
  }
},
{
  "model": "sessions.session",
  "pk": "zpay4ehozaf3detjlg7ka8zjawkiya2j",
  "fields": {
    "session_data": "N2UyMGExYmQ2ODI5MGRjZmZmODZkN2Q1Mzg0MWNiZGM4MjIzMTA4Zjp7Il9hdXRoX3VzZXJfaGFzaCI6ImNjOTE2YzZhYTQ3ZWM2Yzk1ZTgxOWQ2OGM5NWQ2NDJiNDYzZjcyNzYiLCJfYXV0aF91c2VyX2JhY2tlbmQiOiJkamFuZ28uY29udHJpYi5hdXRoLmJhY2tlbmRzLk1vZGVsQmFja2VuZCIsIl9hdXRoX3VzZXJfaWQiOiIxIn0=",
    "expire_date": "2016-05-31T21:23:06.881Z"
  }
},
{
  "model": "sessions.session",
  "pk": "ztwenwftts2tv6pdtra3zbo3l5us8yyk",
  "fields": {
    "session_data": "N2UyMGExYmQ2ODI5MGRjZmZmODZkN2Q1Mzg0MWNiZGM4MjIzMTA4Zjp7Il9hdXRoX3VzZXJfaGFzaCI6ImNjOTE2YzZhYTQ3ZWM2Yzk1ZTgxOWQ2OGM5NWQ2NDJiNDYzZjcyNzYiLCJfYXV0aF91c2VyX2JhY2tlbmQiOiJkamFuZ28uY29udHJpYi5hdXRoLmJhY2tlbmRzLk1vZGVsQmFja2VuZCIsIl9hdXRoX3VzZXJfaWQiOiIxIn0=",
    "expire_date": "2016-05-27T20:44:10.876Z"
  }
},
{
  "model": "sessions.session",
  "pk": "zyfo7bdw4l6l0p7sir72amzb44yjbebi",
  "fields": {
    "session_data": "NjU4NGYwYzViYmNjYWQzODE0Y2U5NDBjMjQ1NDIxNTZiMDMyYzFhMTp7Il9hdXRoX3VzZXJfaGFzaCI6Ijc2NGY0OTJiODkzYTk1NDM0NjAwMDllMjdkMDRiZTA5ZWE3OWU5OWUiLCJfYXV0aF91c2VyX2JhY2tlbmQiOiJkamFuZ28uY29udHJpYi5hdXRoLmJhY2tlbmRzLk1vZGVsQmFja2VuZCIsIl9hdXRoX3VzZXJfaWQiOiIyIn0=",
    "expire_date": "2016-05-27T19:06:24.573Z"
  }
},
{
  "model": "sessions.session",
  "pk": "zzaj4m8mcvjcqsab8gfkkw74cqdk1zrn",
  "fields": {
    "session_data": "N2UyMGExYmQ2ODI5MGRjZmZmODZkN2Q1Mzg0MWNiZGM4MjIzMTA4Zjp7Il9hdXRoX3VzZXJfaGFzaCI6ImNjOTE2YzZhYTQ3ZWM2Yzk1ZTgxOWQ2OGM5NWQ2NDJiNDYzZjcyNzYiLCJfYXV0aF91c2VyX2JhY2tlbmQiOiJkamFuZ28uY29udHJpYi5hdXRoLmJhY2tlbmRzLk1vZGVsQmFja2VuZCIsIl9hdXRoX3VzZXJfaWQiOiIxIn0=",
    "expire_date": "2016-05-27T20:03:44.047Z"
  }
},
{
  "model": "potrero.potrero",
  "pk": 1,
  "fields": {
    "nombre": "Corral",
    "superficie": 100,
    "uso": "Corral",
    "establecimiento": 1
  }
},
{
  "model": "potrero.potrero",
  "pk": 2,
  "fields": {
    "nombre": "Corral",
    "superficie": 200,
    "uso": "Corral",
    "establecimiento": 2
  }
},
{
  "model": "potrero.potrero",
  "pk": 3,
  "fields": {
    "nombre": "Potrero 1",
    "superficie": 100,
    "uso": "Pastura",
    "establecimiento": 1
  }
},
{
  "model": "potrero.potrero",
  "pk": 4,
  "fields": {
    "nombre": "Potrero 2",
    "superficie": 200,
    "uso": "Pastura",
    "establecimiento": 1
  }
},
{
  "model": "potrero.potrero",
  "pk": 5,
  "fields": {
    "nombre": "Potrero 3",
    "superficie": 100,
    "uso": "Pastura",
    "establecimiento": 1
  }
},
{
  "model": "potrero.potrero",
  "pk": 6,
  "fields": {
    "nombre": "Potrero 4",
    "superficie": 200,
    "uso": "Pastura",
    "establecimiento": 1
  }
},
{
  "model": "potrero.potrero",
  "pk": 8,
  "fields": {
    "nombre": "Potrero 5",
    "superficie": 400,
    "uso": "Pastura",
    "establecimiento": 1
  }
},
{
  "model": "potrero.potrero",
  "pk": 9,
  "fields": {
    "nombre": "Potrero 6",
    "superficie": 200,
    "uso": "Pastura",
    "establecimiento": 1
  }
},
{
  "model": "potrero.potrero",
  "pk": 10,
  "fields": {
    "nombre": "asd",
    "superficie": 100,
    "uso": "asd",
    "establecimiento": 4
  }
},
{
  "model": "potrero.potrero",
  "pk": 11,
  "fields": {
    "nombre": "Potrero 7",
    "superficie": 400,
    "uso": "Pastura",
    "establecimiento": 1
  }
},
{
  "model": "configuracion.categoria",
  "pk": 1,
  "fields": {
    "nombre": "Ternera",
    "is_hembra": true
  }
},
{
  "model": "configuracion.categoria",
  "pk": 2,
  "fields": {
    "nombre": "Ternero",
    "is_hembra": false
  }
},
{
  "model": "configuracion.categoria",
  "pk": 3,
  "fields": {
    "nombre": "Desmamante hembra",
    "is_hembra": true
  }
},
{
  "model": "configuracion.categoria",
  "pk": 4,
  "fields": {
    "nombre": "Desmamante macho",
    "is_hembra": false
  }
},
{
  "model": "configuracion.categoria",
  "pk": 5,
  "fields": {
    "nombre": "Toro",
    "is_hembra": false
  }
},
{
  "model": "configuracion.categoria",
  "pk": 6,
  "fields": {
    "nombre": "Novillo",
    "is_hembra": false
  }
},
{
  "model": "configuracion.categoria",
  "pk": 7,
  "fields": {
    "nombre": "Vaca",
    "is_hembra": true
  }
},
{
  "model": "configuracion.raza",
  "pk": 1,
  "fields": {
    "nombre": "Brahman"
  }
},
{
  "model": "configuracion.raza",
  "pk": 2,
  "fields": {
    "nombre": "Brangus"
  }
},
{
  "model": "configuracion.raza",
  "pk": 3,
  "fields": {
    "nombre": "Braford"
  }
},
{
  "model": "configuracion.raza",
  "pk": 4,
  "fields": {
    "nombre": "Hereford"
  }
},
{
  "model": "configuracion.raza",
  "pk": 5,
  "fields": {
    "nombre": "Angus"
  }
},
{
  "model": "configuracion.raza",
  "pk": 6,
  "fields": {
    "nombre": "Nelore"
  }
},
{
  "model": "animal.animal",
  "pk": 2,
  "fields": {
    "estado": "V",
    "caravana": "001",
    "carimbo": 4,
    "prenada": true,
    "categoria": 7,
    "raza": 1,
    "estado_sanitario": "E",
    "peso_especifico": null,
    "is_hembra": true,
    "lote": 3,
    "mortandad": null,
    "establecimiento": 2,
    "origen": "S",
    "detalle_compra": null
  }
},
{
  "model": "animal.animal",
  "pk": 3,
  "fields": {
    "estado": "V",
    "caravana": "002",
    "carimbo": 4,
    "prenada": false,
    "categoria": 7,
    "raza": 1,
    "estado_sanitario": "E",
    "peso_especifico": 300.0,
    "is_hembra": false,
    "lote": 2,
    "mortandad": null,
    "establecimiento": 1,
    "origen": "S",
    "detalle_compra": null
  }
},
{
  "model": "animal.animal",
  "pk": 4,
  "fields": {
    "estado": "V",
    "caravana": "004",
    "carimbo": 4,
    "prenada": false,
    "categoria": 7,
    "raza": 1,
    "estado_sanitario": "E",
    "peso_especifico": 200.0,
    "is_hembra": false,
    "lote": 2,
    "mortandad": null,
    "establecimiento": 1,
    "origen": "S",
    "detalle_compra": null
  }
},
{
  "model": "animal.animal",
  "pk": 5,
  "fields": {
    "estado": "V",
    "caravana": "001",
    "carimbo": 3,
    "prenada": false,
    "categoria": 5,
    "raza": 1,
    "estado_sanitario": "E",
    "peso_especifico": 400.0,
    "is_hembra": false,
    "lote": 1,
    "mortandad": 14,
    "establecimiento": 1,
    "origen": "S",
    "detalle_compra": null
  }
},
{
  "model": "animal.animal",
  "pk": 6,
  "fields": {
    "estado": "V",
    "caravana": "003",
    "carimbo": 3,
    "prenada": false,
    "categoria": 5,
    "raza": 1,
    "estado_sanitario": "E",
    "peso_especifico": 450.0,
    "is_hembra": false,
    "lote": 1,
    "mortandad": 14,
    "establecimiento": 1,
    "origen": "S",
    "detalle_compra": null
  }
},
{
  "model": "animal.animal",
  "pk": 7,
  "fields": {
    "estado": "V",
    "caravana": "005",
    "carimbo": 5,
    "prenada": false,
    "categoria": 3,
    "raza": 5,
    "estado_sanitario": "E",
    "peso_especifico": 250.0,
    "is_hembra": false,
    "lote": 4,
    "mortandad": null,
    "establecimiento": 1,
    "origen": "S",
    "detalle_compra": null
  }
},
{
  "model": "animal.animal",
  "pk": 8,
  "fields": {
    "estado": "V",
    "caravana": "006",
    "carimbo": 5,
    "prenada": false,
    "categoria": 4,
    "raza": 5,
    "estado_sanitario": "E",
    "peso_especifico": 250.0,
    "is_hembra": false,
    "lote": 4,
    "mortandad": null,
    "establecimiento": 1,
    "origen": "S",
    "detalle_compra": null
  }
},
{
  "model": "animal.animal",
  "pk": 9,
  "fields": {
    "estado": "V",
    "caravana": "007",
    "carimbo": 5,
    "prenada": false,
    "categoria": 4,
    "raza": 1,
    "estado_sanitario": "E",
    "peso_especifico": 240.0,
    "is_hembra": false,
    "lote": 4,
    "mortandad": null,
    "establecimiento": 1,
    "origen": "S",
    "detalle_compra": null
  }
},
{
  "model": "animal.animal",
  "pk": 10,
  "fields": {
    "estado": "V",
    "caravana": "008",
    "carimbo": 5,
    "prenada": false,
    "categoria": 4,
    "raza": 5,
    "estado_sanitario": "E",
    "peso_especifico": 200.0,
    "is_hembra": false,
    "lote": 4,
    "mortandad": null,
    "establecimiento": 1,
    "origen": "S",
    "detalle_compra": null
  }
},
{
  "model": "animal.animal",
  "pk": 11,
  "fields": {
    "estado": "V",
    "caravana": "009",
    "carimbo": 4,
    "prenada": false,
    "categoria": 5,
    "raza": 5,
    "estado_sanitario": "E",
    "peso_especifico": 400.0,
    "is_hembra": false,
    "lote": 1,
    "mortandad": null,
    "establecimiento": 1,
    "origen": "S",
    "detalle_compra": null
  }
},
{
  "model": "animal.animal",
  "pk": 12,
  "fields": {
    "estado": "V",
    "caravana": "010",
    "carimbo": 4,
    "prenada": false,
    "categoria": 5,
    "raza": 1,
    "estado_sanitario": "E",
    "peso_especifico": 400.0,
    "is_hembra": false,
    "lote": 1,
    "mortandad": null,
    "establecimiento": 1,
    "origen": "S",
    "detalle_compra": null
  }
},
{
  "model": "animal.animal",
  "pk": 13,
  "fields": {
    "estado": "V",
    "caravana": "011",
    "carimbo": 5,
    "prenada": false,
    "categoria": 3,
    "raza": 1,
    "estado_sanitario": "E",
    "peso_especifico": 200.0,
    "is_hembra": false,
    "lote": 4,
    "mortandad": null,
    "establecimiento": 1,
    "origen": "S",
    "detalle_compra": null
  }
},
{
  "model": "animal.animal",
  "pk": 14,
  "fields": {
    "estado": "V",
    "caravana": "012",
    "carimbo": 5,
    "prenada": false,
    "categoria": 4,
    "raza": 1,
    "estado_sanitario": "E",
    "peso_especifico": 200.0,
    "is_hembra": false,
    "lote": 4,
    "mortandad": null,
    "establecimiento": 1,
    "origen": "S",
    "detalle_compra": null
  }
},
{
  "model": "animal.animal",
  "pk": 15,
  "fields": {
    "estado": "V",
    "caravana": "001",
    "carimbo": 3,
    "prenada": false,
    "categoria": 5,
    "raza": 5,
    "estado_sanitario": "E",
    "peso_especifico": 400.0,
    "is_hembra": false,
    "lote": 15,
    "mortandad": null,
    "establecimiento": 4,
    "origen": "S",
    "detalle_compra": null
  }
},
{
  "model": "animal.animal",
  "pk": 18,
  "fields": {
    "estado": "V",
    "caravana": "013",
    "carimbo": 6,
    "prenada": false,
    "categoria": 2,
    "raza": 1,
    "estado_sanitario": "E",
    "peso_especifico": 50.0,
    "is_hembra": false,
    "lote": 21,
    "mortandad": null,
    "establecimiento": 1,
    "origen": "S",
    "detalle_compra": null
  }
},
{
  "model": "animal.animal",
  "pk": 19,
  "fields": {
    "estado": "V",
    "caravana": "22",
    "carimbo": 2,
    "prenada": false,
    "categoria": 1,
    "raza": 1,
    "estado_sanitario": "E",
    "peso_especifico": 200.0,
    "is_hembra": false,
    "lote": 21,
    "mortandad": null,
    "establecimiento": 1,
    "origen": "S",
    "detalle_compra": null
  }
},
{
  "model": "animal.animal",
  "pk": 20,
  "fields": {
    "estado": "V",
    "caravana": "24",
    "carimbo": 4,
    "prenada": false,
    "categoria": 1,
    "raza": 1,
    "estado_sanitario": "E",
    "peso_especifico": 200.0,
    "is_hembra": false,
    "lote": 21,
    "mortandad": null,
    "establecimiento": 1,
    "origen": "S",
    "detalle_compra": null
  }
},
{
  "model": "animal.animal",
  "pk": 21,
  "fields": {
    "estado": "V",
    "caravana": "21",
    "carimbo": 1,
    "prenada": false,
    "categoria": 1,
    "raza": 1,
    "estado_sanitario": "E",
    "peso_especifico": 200.0,
    "is_hembra": false,
    "lote": 21,
    "mortandad": null,
    "establecimiento": 1,
    "origen": "S",
    "detalle_compra": null
  }
},
{
  "model": "animal.animal",
  "pk": 22,
  "fields": {
    "estado": "V",
    "caravana": "23",
    "carimbo": 3,
    "prenada": false,
    "categoria": 1,
    "raza": 1,
    "estado_sanitario": "E",
    "peso_especifico": 200.0,
    "is_hembra": false,
    "lote": 21,
    "mortandad": null,
    "establecimiento": 1,
    "origen": "S",
    "detalle_compra": null
  }
},
{
  "model": "animal.animal",
  "pk": 23,
  "fields": {
    "estado": "V",
    "caravana": "25",
    "carimbo": 5,
    "prenada": false,
    "categoria": 1,
    "raza": 1,
    "estado_sanitario": "E",
    "peso_especifico": 200.0,
    "is_hembra": false,
    "lote": 21,
    "mortandad": null,
    "establecimiento": 1,
    "origen": "S",
    "detalle_compra": null
  }
},
{
  "model": "animal.animal",
  "pk": 24,
  "fields": {
    "estado": "V",
    "caravana": "20",
    "carimbo": 0,
    "prenada": false,
    "categoria": 1,
    "raza": 1,
    "estado_sanitario": "E",
    "peso_especifico": 200.0,
    "is_hembra": false,
    "lote": 21,
    "mortandad": null,
    "establecimiento": 1,
    "origen": "S",
    "detalle_compra": null
  }
},
{
  "model": "animal.animal",
  "pk": 25,
  "fields": {
    "estado": "V",
    "caravana": "26",
    "carimbo": 6,
    "prenada": false,
    "categoria": 1,
    "raza": 1,
    "estado_sanitario": "E",
    "peso_especifico": 200.0,
    "is_hembra": false,
    "lote": 21,
    "mortandad": null,
    "establecimiento": 1,
    "origen": "S",
    "detalle_compra": null
  }
},
{
  "model": "animal.animal",
  "pk": 26,
  "fields": {
    "estado": "V",
    "caravana": "27",
    "carimbo": 7,
    "prenada": false,
    "categoria": 1,
    "raza": 1,
    "estado_sanitario": "E",
    "peso_especifico": 200.0,
    "is_hembra": false,
    "lote": 21,
    "mortandad": null,
    "establecimiento": 1,
    "origen": "S",
    "detalle_compra": null
  }
},
{
  "model": "animal.animal",
  "pk": 27,
  "fields": {
    "estado": "V",
    "caravana": "29",
    "carimbo": 9,
    "prenada": false,
    "categoria": 1,
    "raza": 1,
    "estado_sanitario": "E",
    "peso_especifico": 200.0,
    "is_hembra": false,
    "lote": 21,
    "mortandad": null,
    "establecimiento": 1,
    "origen": "S",
    "detalle_compra": null
  }
},
{
  "model": "animal.animal",
  "pk": 28,
  "fields": {
    "estado": "V",
    "caravana": "28",
    "carimbo": 8,
    "prenada": false,
    "categoria": 1,
    "raza": 1,
    "estado_sanitario": "E",
    "peso_especifico": 200.0,
    "is_hembra": false,
    "lote": 21,
    "mortandad": null,
    "establecimiento": 1,
    "origen": "S",
    "detalle_compra": null
  }
},
{
  "model": "animal.animal",
  "pk": 29,
  "fields": {
    "estado": "V",
    "caravana": "32",
    "carimbo": 2,
    "prenada": false,
    "categoria": 1,
    "raza": 1,
    "estado_sanitario": "E",
    "peso_especifico": 200.0,
    "is_hembra": false,
    "lote": 21,
    "mortandad": null,
    "establecimiento": 1,
    "origen": "S",
    "detalle_compra": null
  }
},
{
  "model": "animal.animal",
  "pk": 30,
  "fields": {
    "estado": "V",
    "caravana": "31",
    "carimbo": 1,
    "prenada": false,
    "categoria": 1,
    "raza": 1,
    "estado_sanitario": "E",
    "peso_especifico": 200.0,
    "is_hembra": false,
    "lote": 21,
    "mortandad": null,
    "establecimiento": 1,
    "origen": "S",
    "detalle_compra": null
  }
},
{
  "model": "animal.animal",
  "pk": 31,
  "fields": {
    "estado": "V",
    "caravana": "33",
    "carimbo": 3,
    "prenada": false,
    "categoria": 1,
    "raza": 1,
    "estado_sanitario": "E",
    "peso_especifico": 200.0,
    "is_hembra": false,
    "lote": 21,
    "mortandad": null,
    "establecimiento": 1,
    "origen": "S",
    "detalle_compra": null
  }
},
{
  "model": "animal.animal",
  "pk": 32,
  "fields": {
    "estado": "V",
    "caravana": "30",
    "carimbo": 0,
    "prenada": false,
    "categoria": 1,
    "raza": 1,
    "estado_sanitario": "E",
    "peso_especifico": 200.0,
    "is_hembra": false,
    "lote": 21,
    "mortandad": null,
    "establecimiento": 1,
    "origen": "S",
    "detalle_compra": null
  }
},
{
  "model": "animal.animal",
  "pk": 33,
  "fields": {
    "estado": "V",
    "caravana": "34",
    "carimbo": 4,
    "prenada": false,
    "categoria": 1,
    "raza": 1,
    "estado_sanitario": "E",
    "peso_especifico": 200.0,
    "is_hembra": false,
    "lote": 21,
    "mortandad": null,
    "establecimiento": 1,
    "origen": "S",
    "detalle_compra": null
  }
},
{
  "model": "animal.animal",
  "pk": 34,
  "fields": {
    "estado": "V",
    "caravana": "35",
    "carimbo": 5,
    "prenada": false,
    "categoria": 1,
    "raza": 1,
    "estado_sanitario": "E",
    "peso_especifico": 200.0,
    "is_hembra": false,
    "lote": 21,
    "mortandad": null,
    "establecimiento": 1,
    "origen": "S",
    "detalle_compra": null
  }
},
{
  "model": "animal.animal",
  "pk": 35,
  "fields": {
    "estado": "V",
    "caravana": "37",
    "carimbo": 7,
    "prenada": false,
    "categoria": 2,
    "raza": 2,
    "estado_sanitario": "E",
    "peso_especifico": 300.0,
    "is_hembra": false,
    "lote": 21,
    "mortandad": null,
    "establecimiento": 1,
    "origen": "S",
    "detalle_compra": null
  }
},
{
  "model": "animal.animal",
  "pk": 36,
  "fields": {
    "estado": "V",
    "caravana": "38",
    "carimbo": 8,
    "prenada": false,
    "categoria": 2,
    "raza": 2,
    "estado_sanitario": "E",
    "peso_especifico": 301.0,
    "is_hembra": false,
    "lote": 21,
    "mortandad": null,
    "establecimiento": 1,
    "origen": "S",
    "detalle_compra": null
  }
},
{
  "model": "animal.animal",
  "pk": 37,
  "fields": {
    "estado": "V",
    "caravana": "40",
    "carimbo": 0,
    "prenada": false,
    "categoria": 2,
    "raza": 2,
    "estado_sanitario": "E",
    "peso_especifico": 303.0,
    "is_hembra": false,
    "lote": 21,
    "mortandad": null,
    "establecimiento": 1,
    "origen": "S",
    "detalle_compra": null
  }
},
{
  "model": "animal.animal",
  "pk": 38,
  "fields": {
    "estado": "V",
    "caravana": "41",
    "carimbo": 1,
    "prenada": false,
    "categoria": 2,
    "raza": 2,
    "estado_sanitario": "E",
    "peso_especifico": 304.0,
    "is_hembra": false,
    "lote": 21,
    "mortandad": null,
    "establecimiento": 1,
    "origen": "S",
    "detalle_compra": null
  }
},
{
  "model": "animal.animal",
  "pk": 39,
  "fields": {
    "estado": "V",
    "caravana": "42",
    "carimbo": 2,
    "prenada": false,
    "categoria": 2,
    "raza": 2,
    "estado_sanitario": "E",
    "peso_especifico": 305.0,
    "is_hembra": false,
    "lote": 21,
    "mortandad": null,
    "establecimiento": 1,
    "origen": "S",
    "detalle_compra": null
  }
},
{
  "model": "animal.animal",
  "pk": 40,
  "fields": {
    "estado": "V",
    "caravana": "39",
    "carimbo": 9,
    "prenada": false,
    "categoria": 2,
    "raza": 2,
    "estado_sanitario": "E",
    "peso_especifico": 302.0,
    "is_hembra": false,
    "lote": 21,
    "mortandad": null,
    "establecimiento": 1,
    "origen": "S",
    "detalle_compra": null
  }
},
{
  "model": "animal.animal",
  "pk": 41,
  "fields": {
    "estado": "V",
    "caravana": "36",
    "carimbo": 6,
    "prenada": false,
    "categoria": 1,
    "raza": 1,
    "estado_sanitario": "E",
    "peso_especifico": 200.0,
    "is_hembra": false,
    "lote": 21,
    "mortandad": null,
    "establecimiento": 1,
    "origen": "S",
    "detalle_compra": null
  }
},
{
  "model": "animal.animal",
  "pk": 42,
  "fields": {
    "estado": "V",
    "caravana": "43",
    "carimbo": 3,
    "prenada": false,
    "categoria": 2,
    "raza": 2,
    "estado_sanitario": "E",
    "peso_especifico": 306.0,
    "is_hembra": false,
    "lote": 21,
    "mortandad": null,
    "establecimiento": 1,
    "origen": "S",
    "detalle_compra": null
  }
},
{
  "model": "animal.animal",
  "pk": 43,
  "fields": {
    "estado": "V",
    "caravana": "46",
    "carimbo": 6,
    "prenada": false,
    "categoria": 2,
    "raza": 2,
    "estado_sanitario": "E",
    "peso_especifico": 309.0,
    "is_hembra": false,
    "lote": 21,
    "mortandad": null,
    "establecimiento": 1,
    "origen": "S",
    "detalle_compra": null
  }
},
{
  "model": "animal.animal",
  "pk": 44,
  "fields": {
    "estado": "V",
    "caravana": "45",
    "carimbo": 5,
    "prenada": false,
    "categoria": 2,
    "raza": 2,
    "estado_sanitario": "E",
    "peso_especifico": 308.0,
    "is_hembra": false,
    "lote": 21,
    "mortandad": null,
    "establecimiento": 1,
    "origen": "S",
    "detalle_compra": null
  }
},
{
  "model": "animal.animal",
  "pk": 45,
  "fields": {
    "estado": "V",
    "caravana": "44",
    "carimbo": 4,
    "prenada": false,
    "categoria": 2,
    "raza": 2,
    "estado_sanitario": "E",
    "peso_especifico": 307.0,
    "is_hembra": false,
    "lote": 21,
    "mortandad": null,
    "establecimiento": 1,
    "origen": "S",
    "detalle_compra": null
  }
},
{
  "model": "animal.animal",
  "pk": 46,
  "fields": {
    "estado": "V",
    "caravana": "48",
    "carimbo": 8,
    "prenada": false,
    "categoria": 2,
    "raza": 2,
    "estado_sanitario": "E",
    "peso_especifico": 311.0,
    "is_hembra": false,
    "lote": 21,
    "mortandad": null,
    "establecimiento": 1,
    "origen": "S",
    "detalle_compra": null
  }
},
{
  "model": "animal.animal",
  "pk": 47,
  "fields": {
    "estado": "V",
    "caravana": "47",
    "carimbo": 7,
    "prenada": false,
    "categoria": 2,
    "raza": 2,
    "estado_sanitario": "E",
    "peso_especifico": 310.0,
    "is_hembra": false,
    "lote": 21,
    "mortandad": null,
    "establecimiento": 1,
    "origen": "S",
    "detalle_compra": null
  }
},
{
  "model": "animal.animal",
  "pk": 48,
  "fields": {
    "estado": "V",
    "caravana": "51",
    "carimbo": 1,
    "prenada": false,
    "categoria": 2,
    "raza": 2,
    "estado_sanitario": "E",
    "peso_especifico": 314.0,
    "is_hembra": false,
    "lote": 21,
    "mortandad": null,
    "establecimiento": 1,
    "origen": "S",
    "detalle_compra": null
  }
},
{
  "model": "animal.animal",
  "pk": 49,
  "fields": {
    "estado": "V",
    "caravana": "49",
    "carimbo": 9,
    "prenada": false,
    "categoria": 2,
    "raza": 2,
    "estado_sanitario": "E",
    "peso_especifico": 312.0,
    "is_hembra": false,
    "lote": 21,
    "mortandad": null,
    "establecimiento": 1,
    "origen": "S",
    "detalle_compra": null
  }
},
{
  "model": "animal.animal",
  "pk": 50,
  "fields": {
    "estado": "V",
    "caravana": "52",
    "carimbo": 2,
    "prenada": false,
    "categoria": 2,
    "raza": 2,
    "estado_sanitario": "E",
    "peso_especifico": 315.0,
    "is_hembra": false,
    "lote": 21,
    "mortandad": null,
    "establecimiento": 1,
    "origen": "S",
    "detalle_compra": null
  }
},
{
  "model": "animal.animal",
  "pk": 51,
  "fields": {
    "estado": "V",
    "caravana": "50",
    "carimbo": 0,
    "prenada": false,
    "categoria": 2,
    "raza": 2,
    "estado_sanitario": "E",
    "peso_especifico": 313.0,
    "is_hembra": false,
    "lote": 21,
    "mortandad": null,
    "establecimiento": 1,
    "origen": "S",
    "detalle_compra": null
  }
},
{
  "model": "animal.animal",
  "pk": 52,
  "fields": {
    "estado": "V",
    "caravana": "53",
    "carimbo": 3,
    "prenada": false,
    "categoria": 2,
    "raza": 2,
    "estado_sanitario": "E",
    "peso_especifico": 316.0,
    "is_hembra": false,
    "lote": 21,
    "mortandad": null,
    "establecimiento": 1,
    "origen": "S",
    "detalle_compra": null
  }
},
{
  "model": "animal.animal",
  "pk": 53,
  "fields": {
    "estado": "V",
    "caravana": "55",
    "carimbo": 5,
    "prenada": false,
    "categoria": 3,
    "raza": 3,
    "estado_sanitario": "E",
    "peso_especifico": 318.0,
    "is_hembra": false,
    "lote": 4,
    "mortandad": null,
    "establecimiento": 1,
    "origen": "S",
    "detalle_compra": null
  }
},
{
  "model": "animal.animal",
  "pk": 54,
  "fields": {
    "estado": "V",
    "caravana": "54",
    "carimbo": 4,
    "prenada": false,
    "categoria": 2,
    "raza": 2,
    "estado_sanitario": "E",
    "peso_especifico": 317.0,
    "is_hembra": false,
    "lote": 21,
    "mortandad": null,
    "establecimiento": 1,
    "origen": "S",
    "detalle_compra": null
  }
},
{
  "model": "animal.animal",
  "pk": 55,
  "fields": {
    "estado": "V",
    "caravana": "56",
    "carimbo": 6,
    "prenada": false,
    "categoria": 3,
    "raza": 3,
    "estado_sanitario": "E",
    "peso_especifico": 319.0,
    "is_hembra": false,
    "lote": 4,
    "mortandad": null,
    "establecimiento": 1,
    "origen": "S",
    "detalle_compra": null
  }
},
{
  "model": "animal.animal",
  "pk": 56,
  "fields": {
    "estado": "V",
    "caravana": "58",
    "carimbo": 8,
    "prenada": false,
    "categoria": 3,
    "raza": 3,
    "estado_sanitario": "E",
    "peso_especifico": 321.0,
    "is_hembra": false,
    "lote": 4,
    "mortandad": null,
    "establecimiento": 1,
    "origen": "S",
    "detalle_compra": null
  }
},
{
  "model": "animal.animal",
  "pk": 57,
  "fields": {
    "estado": "V",
    "caravana": "59",
    "carimbo": 9,
    "prenada": false,
    "categoria": 3,
    "raza": 3,
    "estado_sanitario": "E",
    "peso_especifico": 322.0,
    "is_hembra": false,
    "lote": 4,
    "mortandad": null,
    "establecimiento": 1,
    "origen": "S",
    "detalle_compra": null
  }
},
{
  "model": "animal.animal",
  "pk": 58,
  "fields": {
    "estado": "V",
    "caravana": "57",
    "carimbo": 7,
    "prenada": false,
    "categoria": 3,
    "raza": 3,
    "estado_sanitario": "E",
    "peso_especifico": 320.0,
    "is_hembra": false,
    "lote": 4,
    "mortandad": null,
    "establecimiento": 1,
    "origen": "S",
    "detalle_compra": null
  }
},
{
  "model": "animal.animal",
  "pk": 59,
  "fields": {
    "estado": "V",
    "caravana": "60",
    "carimbo": 0,
    "prenada": false,
    "categoria": 3,
    "raza": 3,
    "estado_sanitario": "E",
    "peso_especifico": 323.0,
    "is_hembra": false,
    "lote": 4,
    "mortandad": null,
    "establecimiento": 1,
    "origen": "S",
    "detalle_compra": null
  }
},
{
  "model": "animal.animal",
  "pk": 60,
  "fields": {
    "estado": "V",
    "caravana": "62",
    "carimbo": 2,
    "prenada": false,
    "categoria": 3,
    "raza": 3,
    "estado_sanitario": "E",
    "peso_especifico": 325.0,
    "is_hembra": false,
    "lote": 4,
    "mortandad": null,
    "establecimiento": 1,
    "origen": "S",
    "detalle_compra": null
  }
},
{
  "model": "animal.animal",
  "pk": 61,
  "fields": {
    "estado": "V",
    "caravana": "61",
    "carimbo": 1,
    "prenada": false,
    "categoria": 3,
    "raza": 3,
    "estado_sanitario": "E",
    "peso_especifico": 324.0,
    "is_hembra": false,
    "lote": 4,
    "mortandad": null,
    "establecimiento": 1,
    "origen": "S",
    "detalle_compra": null
  }
},
{
  "model": "animal.animal",
  "pk": 62,
  "fields": {
    "estado": "V",
    "caravana": "65",
    "carimbo": 5,
    "prenada": false,
    "categoria": 3,
    "raza": 3,
    "estado_sanitario": "E",
    "peso_especifico": 328.0,
    "is_hembra": false,
    "lote": 4,
    "mortandad": null,
    "establecimiento": 1,
    "origen": "S",
    "detalle_compra": null
  }
},
{
  "model": "animal.animal",
  "pk": 63,
  "fields": {
    "estado": "V",
    "caravana": "64",
    "carimbo": 4,
    "prenada": false,
    "categoria": 3,
    "raza": 3,
    "estado_sanitario": "E",
    "peso_especifico": 327.0,
    "is_hembra": false,
    "lote": 4,
    "mortandad": null,
    "establecimiento": 1,
    "origen": "S",
    "detalle_compra": null
  }
},
{
  "model": "animal.animal",
  "pk": 64,
  "fields": {
    "estado": "V",
    "caravana": "63",
    "carimbo": 3,
    "prenada": false,
    "categoria": 3,
    "raza": 3,
    "estado_sanitario": "E",
    "peso_especifico": 326.0,
    "is_hembra": false,
    "lote": 4,
    "mortandad": null,
    "establecimiento": 1,
    "origen": "S",
    "detalle_compra": null
  }
},
{
  "model": "animal.animal",
  "pk": 65,
  "fields": {
    "estado": "V",
    "caravana": "67",
    "carimbo": 7,
    "prenada": false,
    "categoria": 3,
    "raza": 3,
    "estado_sanitario": "E",
    "peso_especifico": 330.0,
    "is_hembra": false,
    "lote": 4,
    "mortandad": null,
    "establecimiento": 1,
    "origen": "S",
    "detalle_compra": null
  }
},
{
  "model": "animal.animal",
  "pk": 66,
  "fields": {
    "estado": "V",
    "caravana": "70",
    "carimbo": 0,
    "prenada": false,
    "categoria": 3,
    "raza": 3,
    "estado_sanitario": "E",
    "peso_especifico": 333.0,
    "is_hembra": false,
    "lote": 4,
    "mortandad": null,
    "establecimiento": 1,
    "origen": "S",
    "detalle_compra": null
  }
},
{
  "model": "animal.animal",
  "pk": 67,
  "fields": {
    "estado": "V",
    "caravana": "69",
    "carimbo": 9,
    "prenada": false,
    "categoria": 3,
    "raza": 3,
    "estado_sanitario": "E",
    "peso_especifico": 332.0,
    "is_hembra": false,
    "lote": 4,
    "mortandad": null,
    "establecimiento": 1,
    "origen": "S",
    "detalle_compra": null
  }
},
{
  "model": "animal.animal",
  "pk": 68,
  "fields": {
    "estado": "V",
    "caravana": "71",
    "carimbo": 1,
    "prenada": false,
    "categoria": 3,
    "raza": 3,
    "estado_sanitario": "E",
    "peso_especifico": 334.0,
    "is_hembra": false,
    "lote": 4,
    "mortandad": null,
    "establecimiento": 1,
    "origen": "S",
    "detalle_compra": null
  }
},
{
  "model": "animal.animal",
  "pk": 69,
  "fields": {
    "estado": "V",
    "caravana": "66",
    "carimbo": 6,
    "prenada": false,
    "categoria": 3,
    "raza": 3,
    "estado_sanitario": "E",
    "peso_especifico": 329.0,
    "is_hembra": false,
    "lote": 4,
    "mortandad": null,
    "establecimiento": 1,
    "origen": "S",
    "detalle_compra": null
  }
},
{
  "model": "animal.animal",
  "pk": 70,
  "fields": {
    "estado": "V",
    "caravana": "68",
    "carimbo": 8,
    "prenada": false,
    "categoria": 3,
    "raza": 3,
    "estado_sanitario": "E",
    "peso_especifico": 331.0,
    "is_hembra": false,
    "lote": 4,
    "mortandad": null,
    "establecimiento": 1,
    "origen": "S",
    "detalle_compra": null
  }
},
{
  "model": "animal.animal",
  "pk": 71,
  "fields": {
    "estado": "V",
    "caravana": "72",
    "carimbo": 2,
    "prenada": false,
    "categoria": 3,
    "raza": 3,
    "estado_sanitario": "E",
    "peso_especifico": 335.0,
    "is_hembra": false,
    "lote": 4,
    "mortandad": null,
    "establecimiento": 1,
    "origen": "S",
    "detalle_compra": null
  }
},
{
  "model": "animal.animal",
  "pk": 72,
  "fields": {
    "estado": "V",
    "caravana": "73",
    "carimbo": 3,
    "prenada": false,
    "categoria": 3,
    "raza": 3,
    "estado_sanitario": "E",
    "peso_especifico": 336.0,
    "is_hembra": false,
    "lote": 4,
    "mortandad": null,
    "establecimiento": 1,
    "origen": "S",
    "detalle_compra": null
  }
},
{
  "model": "animal.animal",
  "pk": 73,
  "fields": {
    "estado": "V",
    "caravana": "75",
    "carimbo": 5,
    "prenada": false,
    "categoria": 3,
    "raza": 3,
    "estado_sanitario": "E",
    "peso_especifico": 338.0,
    "is_hembra": false,
    "lote": 4,
    "mortandad": null,
    "establecimiento": 1,
    "origen": "S",
    "detalle_compra": null
  }
},
{
  "model": "animal.animal",
  "pk": 74,
  "fields": {
    "estado": "V",
    "caravana": "76",
    "carimbo": 6,
    "prenada": false,
    "categoria": 3,
    "raza": 3,
    "estado_sanitario": "E",
    "peso_especifico": 339.0,
    "is_hembra": false,
    "lote": 4,
    "mortandad": null,
    "establecimiento": 1,
    "origen": "S",
    "detalle_compra": null
  }
},
{
  "model": "animal.animal",
  "pk": 75,
  "fields": {
    "estado": "V",
    "caravana": "74",
    "carimbo": 4,
    "prenada": false,
    "categoria": 3,
    "raza": 3,
    "estado_sanitario": "E",
    "peso_especifico": 337.0,
    "is_hembra": false,
    "lote": 4,
    "mortandad": null,
    "establecimiento": 1,
    "origen": "S",
    "detalle_compra": null
  }
},
{
  "model": "animal.animal",
  "pk": 76,
  "fields": {
    "estado": "V",
    "caravana": "77",
    "carimbo": 7,
    "prenada": false,
    "categoria": 3,
    "raza": 3,
    "estado_sanitario": "E",
    "peso_especifico": 340.0,
    "is_hembra": false,
    "lote": 4,
    "mortandad": null,
    "establecimiento": 1,
    "origen": "S",
    "detalle_compra": null
  }
},
{
  "model": "animal.animal",
  "pk": 77,
  "fields": {
    "estado": "V",
    "caravana": "79",
    "carimbo": 9,
    "prenada": false,
    "categoria": 3,
    "raza": 3,
    "estado_sanitario": "E",
    "peso_especifico": 342.0,
    "is_hembra": false,
    "lote": 4,
    "mortandad": null,
    "establecimiento": 1,
    "origen": "S",
    "detalle_compra": null
  }
},
{
  "model": "animal.animal",
  "pk": 78,
  "fields": {
    "estado": "V",
    "caravana": "80",
    "carimbo": 0,
    "prenada": false,
    "categoria": 3,
    "raza": 3,
    "estado_sanitario": "E",
    "peso_especifico": 343.0,
    "is_hembra": false,
    "lote": 4,
    "mortandad": null,
    "establecimiento": 1,
    "origen": "S",
    "detalle_compra": null
  }
},
{
  "model": "animal.animal",
  "pk": 79,
  "fields": {
    "estado": "V",
    "caravana": "78",
    "carimbo": 8,
    "prenada": false,
    "categoria": 3,
    "raza": 3,
    "estado_sanitario": "E",
    "peso_especifico": 341.0,
    "is_hembra": false,
    "lote": 4,
    "mortandad": null,
    "establecimiento": 1,
    "origen": "S",
    "detalle_compra": null
  }
},
{
  "model": "animal.animal",
  "pk": 80,
  "fields": {
    "estado": "V",
    "caravana": "81",
    "carimbo": 1,
    "prenada": false,
    "categoria": 3,
    "raza": 3,
    "estado_sanitario": "E",
    "peso_especifico": 344.0,
    "is_hembra": false,
    "lote": 4,
    "mortandad": null,
    "establecimiento": 1,
    "origen": "S",
    "detalle_compra": null
  }
},
{
  "model": "animal.animal",
  "pk": 81,
  "fields": {
    "estado": "V",
    "caravana": "83",
    "carimbo": 3,
    "prenada": false,
    "categoria": 3,
    "raza": 3,
    "estado_sanitario": "E",
    "peso_especifico": 346.0,
    "is_hembra": false,
    "lote": 4,
    "mortandad": null,
    "establecimiento": 1,
    "origen": "S",
    "detalle_compra": null
  }
},
{
  "model": "animal.animal",
  "pk": 82,
  "fields": {
    "estado": "V",
    "caravana": "82",
    "carimbo": 2,
    "prenada": false,
    "categoria": 3,
    "raza": 3,
    "estado_sanitario": "E",
    "peso_especifico": 345.0,
    "is_hembra": false,
    "lote": 4,
    "mortandad": null,
    "establecimiento": 1,
    "origen": "S",
    "detalle_compra": null
  }
},
{
  "model": "animal.animal",
  "pk": 83,
  "fields": {
    "estado": "V",
    "caravana": "84",
    "carimbo": 4,
    "prenada": false,
    "categoria": 3,
    "raza": 3,
    "estado_sanitario": "E",
    "peso_especifico": 347.0,
    "is_hembra": false,
    "lote": 4,
    "mortandad": null,
    "establecimiento": 1,
    "origen": "S",
    "detalle_compra": null
  }
},
{
  "model": "animal.animal",
  "pk": 84,
  "fields": {
    "estado": "V",
    "caravana": "85",
    "carimbo": 5,
    "prenada": false,
    "categoria": 3,
    "raza": 3,
    "estado_sanitario": "E",
    "peso_especifico": 348.0,
    "is_hembra": false,
    "lote": 4,
    "mortandad": null,
    "establecimiento": 1,
    "origen": "S",
    "detalle_compra": null
  }
},
{
  "model": "animal.animal",
  "pk": 85,
  "fields": {
    "estado": "V",
    "caravana": "86",
    "carimbo": 6,
    "prenada": false,
    "categoria": 3,
    "raza": 3,
    "estado_sanitario": "E",
    "peso_especifico": 349.0,
    "is_hembra": false,
    "lote": 4,
    "mortandad": null,
    "establecimiento": 1,
    "origen": "S",
    "detalle_compra": null
  }
},
{
  "model": "animal.animal",
  "pk": 86,
  "fields": {
    "estado": "V",
    "caravana": "87",
    "carimbo": 7,
    "prenada": false,
    "categoria": 3,
    "raza": 3,
    "estado_sanitario": "E",
    "peso_especifico": 350.0,
    "is_hembra": false,
    "lote": 4,
    "mortandad": null,
    "establecimiento": 1,
    "origen": "S",
    "detalle_compra": null
  }
},
{
  "model": "animal.animal",
  "pk": 87,
  "fields": {
    "estado": "V",
    "caravana": "88",
    "carimbo": 8,
    "prenada": false,
    "categoria": 3,
    "raza": 3,
    "estado_sanitario": "E",
    "peso_especifico": 351.0,
    "is_hembra": false,
    "lote": 4,
    "mortandad": null,
    "establecimiento": 1,
    "origen": "S",
    "detalle_compra": null
  }
},
{
  "model": "lote.lote",
  "pk": 1,
  "fields": {
    "nombre": "Toros",
    "potrero": 1,
    "peso_promedio": 0.0,
    "establecimiento": 1
  }
},
{
  "model": "lote.lote",
  "pk": 2,
  "fields": {
    "nombre": "Vacas",
    "potrero": 3,
    "peso_promedio": 0.0,
    "establecimiento": 1
  }
},
{
  "model": "lote.lote",
  "pk": 3,
  "fields": {
    "nombre": "Prueba",
    "potrero": 2,
    "peso_promedio": 0.0,
    "establecimiento": 2
  }
},
{
  "model": "lote.lote",
  "pk": 4,
  "fields": {
    "nombre": "Desmamantes",
    "potrero": 4,
    "peso_promedio": 0.0,
    "establecimiento": 1
  }
},
{
  "model": "lote.lote",
  "pk": 15,
  "fields": {
    "nombre": "asd",
    "potrero": 10,
    "peso_promedio": 0.0,
    "establecimiento": 4
  }
},
{
  "model": "lote.lote",
  "pk": 21,
  "fields": {
    "nombre": "Terneros",
    "potrero": 5,
    "peso_promedio": 0.0,
    "establecimiento": 1
  }
},
{
  "model": "mortandad.mortandad",
  "pk": 14,
  "fields": {
    "tipo": "M",
    "fecha": "2016-01-01T03:00:00Z",
    "razon": "asd",
    "establecimiento": 1
  }
},
{
  "model": "nutricion.nutricion",
  "pk": 1,
  "fields": {
    "fecha_inicio": "2016-01-01T03:00:00Z",
    "fecha_fin": "2016-06-02T04:00:00Z",
    "tipo_nutricion": "Engorde",
    "tipo_comida": "Balanceado",
    "descripcion_comida": "Balanceado 300",
    "kilos": 20.0,
    "establecimiento": 1,
    "lotes": [
      4
    ]
  }
},
{
  "model": "nutricion.nutricion",
  "pk": 2,
  "fields": {
    "fecha_inicio": "2016-03-01T03:00:00Z",
    "fecha_fin": "2016-06-01T04:00:00Z",
    "tipo_nutricion": "Engorde",
    "tipo_comida": "Balanceado",
    "descripcion_comida": "asd",
    "kilos": 30.0,
    "establecimiento": 1,
    "lotes": [
      2,
      4
    ]
  }
},
{
  "model": "sanitacion.evento",
  "pk": 1,
  "fields": {
    "title": "Periodo de Vacunaci\u00f3n contra Aftosa",
    "start": "2016-07-01T00:00:00Z",
    "end": "2016-07-31T12:00:00Z",
    "color": "#F44336",
    "allDay": true
  }
},
{
  "model": "sanitacion.evento",
  "pk": 2,
  "fields": {
    "title": "Periodo de Vacunaci\u00f3n contra Aftosa",
    "start": "2016-01-01T00:00:00Z",
    "end": "2016-01-31T12:00:00Z",
    "color": "#F44336",
    "allDay": true
  }
},
{
  "model": "sanitacion.eventoestablecimiento",
  "pk": 18,
  "fields": {
    "nombre": "Vacunaci\u00f3n contra Bruselosis",
    "start": "2016-05-20T00:00:00Z",
    "end": "2016-05-20T00:00:00Z",
    "color": "#CDDC39",
    "veterinario": "Juan Gonzalez",
    "establecimiento": 1,
    "allDay": true
  }
},
{
  "model": "sanitacion.eventoestablecimiento",
  "pk": 25,
  "fields": {
    "nombre": "Vacunacion Aftosa",
    "start": "2016-07-15T00:00:00Z",
    "end": "2016-07-17T00:00:00Z",
    "color": "#CDDC39",
    "veterinario": "Juan Gonzalez",
    "establecimiento": 1,
    "allDay": true
  }
},
{
  "model": "auth.permission",
  "pk": 1,
  "fields": {
    "name": "Can add log entry",
    "content_type": 1,
    "codename": "add_logentry"
  }
},
{
  "model": "auth.permission",
  "pk": 2,
  "fields": {
    "name": "Can change log entry",
    "content_type": 1,
    "codename": "change_logentry"
  }
},
{
  "model": "auth.permission",
  "pk": 3,
  "fields": {
    "name": "Can delete log entry",
    "content_type": 1,
    "codename": "delete_logentry"
  }
},
{
  "model": "auth.permission",
  "pk": 4,
  "fields": {
    "name": "Can add permission",
    "content_type": 2,
    "codename": "add_permission"
  }
},
{
  "model": "auth.permission",
  "pk": 5,
  "fields": {
    "name": "Can change permission",
    "content_type": 2,
    "codename": "change_permission"
  }
},
{
  "model": "auth.permission",
  "pk": 6,
  "fields": {
    "name": "Can delete permission",
    "content_type": 2,
    "codename": "delete_permission"
  }
},
{
  "model": "auth.permission",
  "pk": 7,
  "fields": {
    "name": "Can add group",
    "content_type": 3,
    "codename": "add_group"
  }
},
{
  "model": "auth.permission",
  "pk": 8,
  "fields": {
    "name": "Can change group",
    "content_type": 3,
    "codename": "change_group"
  }
},
{
  "model": "auth.permission",
  "pk": 9,
  "fields": {
    "name": "Can delete group",
    "content_type": 3,
    "codename": "delete_group"
  }
},
{
  "model": "auth.permission",
  "pk": 10,
  "fields": {
    "name": "Can add user",
    "content_type": 4,
    "codename": "add_user"
  }
},
{
  "model": "auth.permission",
  "pk": 11,
  "fields": {
    "name": "Can change user",
    "content_type": 4,
    "codename": "change_user"
  }
},
{
  "model": "auth.permission",
  "pk": 12,
  "fields": {
    "name": "Can delete user",
    "content_type": 4,
    "codename": "delete_user"
  }
},
{
  "model": "auth.permission",
  "pk": 13,
  "fields": {
    "name": "Can add content type",
    "content_type": 5,
    "codename": "add_contenttype"
  }
},
{
  "model": "auth.permission",
  "pk": 14,
  "fields": {
    "name": "Can change content type",
    "content_type": 5,
    "codename": "change_contenttype"
  }
},
{
  "model": "auth.permission",
  "pk": 15,
  "fields": {
    "name": "Can delete content type",
    "content_type": 5,
    "codename": "delete_contenttype"
  }
},
{
  "model": "auth.permission",
  "pk": 16,
  "fields": {
    "name": "Can add session",
    "content_type": 6,
    "codename": "add_session"
  }
},
{
  "model": "auth.permission",
  "pk": 17,
  "fields": {
    "name": "Can change session",
    "content_type": 6,
    "codename": "change_session"
  }
},
{
  "model": "auth.permission",
  "pk": 18,
  "fields": {
    "name": "Can delete session",
    "content_type": 6,
    "codename": "delete_session"
  }
},
{
  "model": "auth.permission",
  "pk": 19,
  "fields": {
    "name": "Can add establecimiento",
    "content_type": 7,
    "codename": "add_establecimiento"
  }
},
{
  "model": "auth.permission",
  "pk": 20,
  "fields": {
    "name": "Can change establecimiento",
    "content_type": 7,
    "codename": "change_establecimiento"
  }
},
{
  "model": "auth.permission",
  "pk": 21,
  "fields": {
    "name": "Can delete establecimiento",
    "content_type": 7,
    "codename": "delete_establecimiento"
  }
},
{
  "model": "auth.permission",
  "pk": 22,
  "fields": {
    "name": "Can add potrero",
    "content_type": 8,
    "codename": "add_potrero"
  }
},
{
  "model": "auth.permission",
  "pk": 23,
  "fields": {
    "name": "Can change potrero",
    "content_type": 8,
    "codename": "change_potrero"
  }
},
{
  "model": "auth.permission",
  "pk": 24,
  "fields": {
    "name": "Can delete potrero",
    "content_type": 8,
    "codename": "delete_potrero"
  }
},
{
  "model": "auth.permission",
  "pk": 25,
  "fields": {
    "name": "Can add categoria",
    "content_type": 9,
    "codename": "add_categoria"
  }
},
{
  "model": "auth.permission",
  "pk": 26,
  "fields": {
    "name": "Can change categoria",
    "content_type": 9,
    "codename": "change_categoria"
  }
},
{
  "model": "auth.permission",
  "pk": 27,
  "fields": {
    "name": "Can delete categoria",
    "content_type": 9,
    "codename": "delete_categoria"
  }
},
{
  "model": "auth.permission",
  "pk": 28,
  "fields": {
    "name": "Can add raza",
    "content_type": 10,
    "codename": "add_raza"
  }
},
{
  "model": "auth.permission",
  "pk": 29,
  "fields": {
    "name": "Can change raza",
    "content_type": 10,
    "codename": "change_raza"
  }
},
{
  "model": "auth.permission",
  "pk": 30,
  "fields": {
    "name": "Can delete raza",
    "content_type": 10,
    "codename": "delete_raza"
  }
},
{
  "model": "auth.permission",
  "pk": 31,
  "fields": {
    "name": "Can add animal",
    "content_type": 11,
    "codename": "add_animal"
  }
},
{
  "model": "auth.permission",
  "pk": 32,
  "fields": {
    "name": "Can change animal",
    "content_type": 11,
    "codename": "change_animal"
  }
},
{
  "model": "auth.permission",
  "pk": 33,
  "fields": {
    "name": "Can delete animal",
    "content_type": 11,
    "codename": "delete_animal"
  }
},
{
  "model": "auth.permission",
  "pk": 34,
  "fields": {
    "name": "Can add lote",
    "content_type": 12,
    "codename": "add_lote"
  }
},
{
  "model": "auth.permission",
  "pk": 35,
  "fields": {
    "name": "Can change lote",
    "content_type": 12,
    "codename": "change_lote"
  }
},
{
  "model": "auth.permission",
  "pk": 36,
  "fields": {
    "name": "Can delete lote",
    "content_type": 12,
    "codename": "delete_lote"
  }
},
{
  "model": "auth.permission",
  "pk": 37,
  "fields": {
    "name": "Can add Token",
    "content_type": 13,
    "codename": "add_token"
  }
},
{
  "model": "auth.permission",
  "pk": 38,
  "fields": {
    "name": "Can change Token",
    "content_type": 13,
    "codename": "change_token"
  }
},
{
  "model": "auth.permission",
  "pk": 39,
  "fields": {
    "name": "Can delete Token",
    "content_type": 13,
    "codename": "delete_token"
  }
},
{
  "model": "auth.permission",
  "pk": 40,
  "fields": {
    "name": "Can add cors model",
    "content_type": 14,
    "codename": "add_corsmodel"
  }
},
{
  "model": "auth.permission",
  "pk": 41,
  "fields": {
    "name": "Can change cors model",
    "content_type": 14,
    "codename": "change_corsmodel"
  }
},
{
  "model": "auth.permission",
  "pk": 42,
  "fields": {
    "name": "Can delete cors model",
    "content_type": 14,
    "codename": "delete_corsmodel"
  }
},
{
  "model": "auth.permission",
  "pk": 43,
  "fields": {
    "name": "Can add mortandad",
    "content_type": 15,
    "codename": "add_mortandad"
  }
},
{
  "model": "auth.permission",
  "pk": 44,
  "fields": {
    "name": "Can change mortandad",
    "content_type": 15,
    "codename": "change_mortandad"
  }
},
{
  "model": "auth.permission",
  "pk": 45,
  "fields": {
    "name": "Can delete mortandad",
    "content_type": 15,
    "codename": "delete_mortandad"
  }
},
{
  "model": "auth.permission",
  "pk": 46,
  "fields": {
    "name": "Can add nutricion",
    "content_type": 16,
    "codename": "add_nutricion"
  }
},
{
  "model": "auth.permission",
  "pk": 47,
  "fields": {
    "name": "Can change nutricion",
    "content_type": 16,
    "codename": "change_nutricion"
  }
},
{
  "model": "auth.permission",
  "pk": 48,
  "fields": {
    "name": "Can delete nutricion",
    "content_type": 16,
    "codename": "delete_nutricion"
  }
},
{
  "model": "auth.permission",
  "pk": 49,
  "fields": {
    "name": "Can add compra",
    "content_type": 17,
    "codename": "add_compra"
  }
},
{
  "model": "auth.permission",
  "pk": 50,
  "fields": {
    "name": "Can change compra",
    "content_type": 17,
    "codename": "change_compra"
  }
},
{
  "model": "auth.permission",
  "pk": 51,
  "fields": {
    "name": "Can delete compra",
    "content_type": 17,
    "codename": "delete_compra"
  }
},
{
  "model": "auth.permission",
  "pk": 52,
  "fields": {
    "name": "Can add detalle compra",
    "content_type": 18,
    "codename": "add_detallecompra"
  }
},
{
  "model": "auth.permission",
  "pk": 53,
  "fields": {
    "name": "Can change detalle compra",
    "content_type": 18,
    "codename": "change_detallecompra"
  }
},
{
  "model": "auth.permission",
  "pk": 54,
  "fields": {
    "name": "Can delete detalle compra",
    "content_type": 18,
    "codename": "delete_detallecompra"
  }
},
{
  "model": "auth.permission",
  "pk": 55,
  "fields": {
    "name": "Can add evento",
    "content_type": 19,
    "codename": "add_evento"
  }
},
{
  "model": "auth.permission",
  "pk": 56,
  "fields": {
    "name": "Can change evento",
    "content_type": 19,
    "codename": "change_evento"
  }
},
{
  "model": "auth.permission",
  "pk": 57,
  "fields": {
    "name": "Can delete evento",
    "content_type": 19,
    "codename": "delete_evento"
  }
},
{
  "model": "auth.permission",
  "pk": 58,
  "fields": {
    "name": "Can add evento establecimiento",
    "content_type": 20,
    "codename": "add_eventoestablecimiento"
  }
},
{
  "model": "auth.permission",
  "pk": 59,
  "fields": {
    "name": "Can change evento establecimiento",
    "content_type": 20,
    "codename": "change_eventoestablecimiento"
  }
},
{
  "model": "auth.permission",
  "pk": 60,
  "fields": {
    "name": "Can delete evento establecimiento",
    "content_type": 20,
    "codename": "delete_eventoestablecimiento"
  }
},
{
  "model": "auth.permission",
  "pk": 61,
  "fields": {
    "name": "Can add site",
    "content_type": 21,
    "codename": "add_site"
  }
},
{
  "model": "auth.permission",
  "pk": 62,
  "fields": {
    "name": "Can change site",
    "content_type": 21,
    "codename": "change_site"
  }
},
{
  "model": "auth.permission",
  "pk": 63,
  "fields": {
    "name": "Can delete site",
    "content_type": 21,
    "codename": "delete_site"
  }
},
{
  "model": "auth.user",
  "pk": 1,
  "fields": {
    "password": "pbkdf2_sha256$24000$L1AKv0R68crV$SykYUKUkeqmu4UnIwatOmwSfCKC+G0WV2ZbmEu1fZzo=",
    "last_login": "2016-05-31T15:52:02.976Z",
    "is_superuser": true,
    "username": "gmacchi",
    "first_name": "Guillermo",
    "last_name": "Macchi",
    "email": "gmacchi@bellbird.com.py",
    "is_staff": true,
    "is_active": true,
    "date_joined": "2016-05-03T02:55:56Z",
    "groups": [],
    "user_permissions": []
  }
},
{
  "model": "auth.user",
  "pk": 25,
  "fields": {
    "password": "pbkdf2_sha256$24000$pHMqh8j3nBKh$mie80+C/b+0GydmzfhwAueEb5qI03LrHF2tygo/DMv4=",
    "last_login": null,
    "is_superuser": false,
    "username": "guillemacchi",
    "first_name": "",
    "last_name": "",
    "email": "guillemacchi@hotmail.com",
    "is_staff": false,
    "is_active": true,
    "date_joined": "2016-05-20T21:46:08.466Z",
    "groups": [],
    "user_permissions": []
  }
},
{
  "model": "authtoken.token",
  "pk": "fb1590790575f091b5ae4b046ea829f47c063eb2",
  "fields": {
    "user": 1,
    "created": "2016-05-13T19:57:24.152Z"
  }
},
{
  "model": "establecimiento.establecimiento",
  "pk": 1,
  "fields": {
    "nombre": "Ganadera M - J - G",
    "owner": 1,
    "estado": "A",
    "fecha_expiracion": "2016-05-19",
    "miembros": [
      25
    ]
  }
},
{
  "model": "establecimiento.establecimiento",
  "pk": 2,
  "fields": {
    "nombre": "Ganadera Prueba",
    "owner": 1,
    "estado": "B",
    "fecha_expiracion": "2016-05-18",
    "miembros": []
  }
},
{
  "model": "establecimiento.establecimiento",
  "pk": 4,
  "fields": {
    "nombre": "hola",
    "owner": 1,
    "estado": "A",
    "fecha_expiracion": "2016-05-24",
    "miembros": []
  }
},
{
  "model": "establecimiento.establecimiento",
  "pk": 5,
  "fields": {
    "nombre": "Prueba",
    "owner": 1,
    "estado": "B",
    "fecha_expiracion": "2016-05-25",
    "miembros": []
  }
},
{
  "model": "admin.logentry",
  "pk": 1,
  "fields": {
    "action_time": "2016-05-13T18:14:03.126Z",
    "user": 1,
    "content_type": 4,
    "object_id": "2",
    "object_repr": "prueba",
    "action_flag": 1,
    "change_message": "Added."
  }
},
{
  "model": "admin.logentry",
  "pk": 2,
  "fields": {
    "action_time": "2016-05-13T18:14:07.929Z",
    "user": 1,
    "content_type": 4,
    "object_id": "2",
    "object_repr": "prueba",
    "action_flag": 2,
    "change_message": "No fields changed."
  }
},
{
  "model": "admin.logentry",
  "pk": 3,
  "fields": {
    "action_time": "2016-05-19T23:58:23.227Z",
    "user": 1,
    "content_type": 7,
    "object_id": "3",
    "object_repr": "Ganadera Prueba2",
    "action_flag": 1,
    "change_message": "A\u00f1adido."
  }
},
{
  "model": "admin.logentry",
  "pk": 4,
  "fields": {
    "action_time": "2016-05-20T00:24:48.182Z",
    "user": 1,
    "content_type": 7,
    "object_id": "2",
    "object_repr": "Ganadera Prueba",
    "action_flag": 2,
    "change_message": "Modificado/a fecha_expiracion."
  }
},
{
  "model": "admin.logentry",
  "pk": 5,
  "fields": {
    "action_time": "2016-05-20T01:41:50.509Z",
    "user": 1,
    "content_type": 4,
    "object_id": "2",
    "object_repr": "prueba",
    "action_flag": 2,
    "change_message": "Modificado/a first_name, last_name y email."
  }
},
{
  "model": "admin.logentry",
  "pk": 6,
  "fields": {
    "action_time": "2016-05-20T20:31:17.962Z",
    "user": 1,
    "content_type": 4,
    "object_id": "4",
    "object_repr": "guille",
    "action_flag": 3,
    "change_message": ""
  }
},
{
  "model": "admin.logentry",
  "pk": 7,
  "fields": {
    "action_time": "2016-05-20T20:31:17.973Z",
    "user": 1,
    "content_type": 4,
    "object_id": "6",
    "object_repr": "guillemacchi",
    "action_flag": 3,
    "change_message": ""
  }
},
{
  "model": "admin.logentry",
  "pk": 8,
  "fields": {
    "action_time": "2016-05-20T20:31:17.976Z",
    "user": 1,
    "content_type": 4,
    "object_id": "5",
    "object_repr": "juanma",
    "action_flag": 3,
    "change_message": ""
  }
},
{
  "model": "admin.logentry",
  "pk": 9,
  "fields": {
    "action_time": "2016-05-20T20:31:17.977Z",
    "user": 1,
    "content_type": 4,
    "object_id": "2",
    "object_repr": "prueba",
    "action_flag": 3,
    "change_message": ""
  }
},
{
  "model": "admin.logentry",
  "pk": 10,
  "fields": {
    "action_time": "2016-05-20T20:31:17.978Z",
    "user": 1,
    "content_type": 4,
    "object_id": "3",
    "object_repr": "prueba2",
    "action_flag": 3,
    "change_message": ""
  }
},
{
  "model": "admin.logentry",
  "pk": 11,
  "fields": {
    "action_time": "2016-05-20T20:33:07.549Z",
    "user": 1,
    "content_type": 4,
    "object_id": "1",
    "object_repr": "gmacchi",
    "action_flag": 2,
    "change_message": "Modificado/a first_name y last_name."
  }
},
{
  "model": "admin.logentry",
  "pk": 12,
  "fields": {
    "action_time": "2016-05-20T21:02:11.032Z",
    "user": 1,
    "content_type": 4,
    "object_id": "7",
    "object_repr": "guillemacchi",
    "action_flag": 3,
    "change_message": ""
  }
},
{
  "model": "admin.logentry",
  "pk": 13,
  "fields": {
    "action_time": "2016-05-20T21:02:11.034Z",
    "user": 1,
    "content_type": 4,
    "object_id": "8",
    "object_repr": "guillemacchi1",
    "action_flag": 3,
    "change_message": ""
  }
},
{
  "model": "admin.logentry",
  "pk": 14,
  "fields": {
    "action_time": "2016-05-20T21:03:41.820Z",
    "user": 1,
    "content_type": 4,
    "object_id": "9",
    "object_repr": "guillemacchi",
    "action_flag": 3,
    "change_message": ""
  }
},
{
  "model": "admin.logentry",
  "pk": 15,
  "fields": {
    "action_time": "2016-05-20T21:05:25.815Z",
    "user": 1,
    "content_type": 4,
    "object_id": "10",
    "object_repr": "guillemacchi",
    "action_flag": 3,
    "change_message": ""
  }
},
{
  "model": "admin.logentry",
  "pk": 16,
  "fields": {
    "action_time": "2016-05-20T21:08:04.673Z",
    "user": 1,
    "content_type": 4,
    "object_id": "11",
    "object_repr": "guillemacchi",
    "action_flag": 3,
    "change_message": ""
  }
},
{
  "model": "admin.logentry",
  "pk": 17,
  "fields": {
    "action_time": "2016-05-20T21:12:55.261Z",
    "user": 1,
    "content_type": 4,
    "object_id": "13",
    "object_repr": "guillemacchi",
    "action_flag": 3,
    "change_message": ""
  }
},
{
  "model": "admin.logentry",
  "pk": 18,
  "fields": {
    "action_time": "2016-05-20T21:12:55.272Z",
    "user": 1,
    "content_type": 4,
    "object_id": "12",
    "object_repr": "guillemacchi01",
    "action_flag": 3,
    "change_message": ""
  }
},
{
  "model": "admin.logentry",
  "pk": 19,
  "fields": {
    "action_time": "2016-05-20T21:13:48.130Z",
    "user": 1,
    "content_type": 21,
    "object_id": "2",
    "object_repr": "localhost:8000",
    "action_flag": 1,
    "change_message": "A\u00f1adido."
  }
},
{
  "model": "admin.logentry",
  "pk": 20,
  "fields": {
    "action_time": "2016-05-20T21:14:04.462Z",
    "user": 1,
    "content_type": 4,
    "object_id": "14",
    "object_repr": "guillemacchi",
    "action_flag": 3,
    "change_message": ""
  }
},
{
  "model": "admin.logentry",
  "pk": 21,
  "fields": {
    "action_time": "2016-05-20T21:14:46.013Z",
    "user": 1,
    "content_type": 4,
    "object_id": "15",
    "object_repr": "guillemacchi",
    "action_flag": 3,
    "change_message": ""
  }
},
{
  "model": "admin.logentry",
  "pk": 22,
  "fields": {
    "action_time": "2016-05-20T21:15:47.961Z",
    "user": 1,
    "content_type": 4,
    "object_id": "16",
    "object_repr": "guillemacchi",
    "action_flag": 3,
    "change_message": ""
  }
},
{
  "model": "admin.logentry",
  "pk": 23,
  "fields": {
    "action_time": "2016-05-20T21:18:51.102Z",
    "user": 1,
    "content_type": 4,
    "object_id": "17",
    "object_repr": "guillemacchi",
    "action_flag": 3,
    "change_message": ""
  }
},
{
  "model": "admin.logentry",
  "pk": 24,
  "fields": {
    "action_time": "2016-05-20T21:20:44.021Z",
    "user": 1,
    "content_type": 4,
    "object_id": "18",
    "object_repr": "guillemacchi",
    "action_flag": 3,
    "change_message": ""
  }
},
{
  "model": "admin.logentry",
  "pk": 25,
  "fields": {
    "action_time": "2016-05-20T21:22:45.857Z",
    "user": 1,
    "content_type": 4,
    "object_id": "19",
    "object_repr": "guillemacchi",
    "action_flag": 3,
    "change_message": ""
  }
},
{
  "model": "admin.logentry",
  "pk": 26,
  "fields": {
    "action_time": "2016-05-20T21:24:18.244Z",
    "user": 1,
    "content_type": 4,
    "object_id": "20",
    "object_repr": "guillemacchi",
    "action_flag": 3,
    "change_message": ""
  }
},
{
  "model": "admin.logentry",
  "pk": 27,
  "fields": {
    "action_time": "2016-05-20T21:26:17.515Z",
    "user": 1,
    "content_type": 4,
    "object_id": "21",
    "object_repr": "guillemacchi",
    "action_flag": 3,
    "change_message": ""
  }
},
{
  "model": "admin.logentry",
  "pk": 28,
  "fields": {
    "action_time": "2016-05-20T21:42:10.978Z",
    "user": 1,
    "content_type": 4,
    "object_id": "22",
    "object_repr": "guillemacchi",
    "action_flag": 3,
    "change_message": ""
  }
},
{
  "model": "admin.logentry",
  "pk": 29,
  "fields": {
    "action_time": "2016-05-20T21:43:34.365Z",
    "user": 1,
    "content_type": 4,
    "object_id": "23",
    "object_repr": "guillemacchi",
    "action_flag": 3,
    "change_message": ""
  }
},
{
  "model": "admin.logentry",
  "pk": 30,
  "fields": {
    "action_time": "2016-05-20T21:46:00.155Z",
    "user": 1,
    "content_type": 4,
    "object_id": "24",
    "object_repr": "guillemacchi",
    "action_flag": 3,
    "change_message": ""
  }
}
]
